

SET SERVEROUTPUT ON
WHENEVER SQLERROR EXIT SQL.SQLCODE ROLLBACK;
BEGIN

IF sys_context('userenv','current_schema') IN ('SYS','SYSTEM','OUTLN','DBSNMP','SYSMAN','ORACLE_OCM',
'DIP','APPQOSSYS','FLOWS_FILES','MDSYS','ORDSYS','SCOTT','HR','EXFSYS','WMSYS','XS$NULL','ORDDATA',
'MDDATA','CTXSYS','ANONYMOUS','XDB','APEX_PUBLIC_USER','SPATIAL_CSW_ADMIN_USR','SPATIAL_WFS_ADMIN_USR',
'ORDPLUGINS','OWBSYS','SI_INFORMTN_SCHEMA','OLAPSYS') THEN

 Raise_Application_Error (-20343, 'You are connected in Oracle Schemas ,Please switch the proper netvertex schema name.');

END IF;
END;
/

exec dbms_output.put_line('You are connected netvertex schema name :-> '||sys_context('userenv','current_schema'));

-- Sequences --

CREATE SEQUENCE SEQ_MROLE 
      INCREMENT BY 1
      START WITH 101
      NOMAXVALUE
      NOMINVALUE
      NOCYCLE
      CACHE 20
      NOORDER;
  
CREATE SEQUENCE SEQ_MNETCONFIGURATIONINSTANCE 
      INCREMENT BY 1
      START WITH 101
      NOMAXVALUE
      NOMINVALUE
      NOCYCLE
      CACHE 20
      NOORDER; 

CREATE SEQUENCE SEQ_MNETCONFIGURATIONVALUES
      INCREMENT BY 1
      START WITH 201
      NOMAXVALUE
      NOMINVALUE
      NOCYCLE
      CACHE 20
      NOORDER; 

CREATE SEQUENCE SEQ_MNETSERVERINSTANCE 
      INCREMENT BY 1
      START WITH 101
      NOMAXVALUE
      NOMINVALUE
      NOCYCLE
      CACHE 20
      NOORDER;
   
CREATE SEQUENCE SEQ_MNETSERVICEINSTANCE 
      INCREMENT BY 1
      START WITH 101
      NOMAXVALUE
      NOMINVALUE
      NOCYCLE
      CACHE 20
      NOORDER;

CREATE SEQUENCE SEQ_MSTAFF 
      INCREMENT BY 1
      START WITH 101
      NOMAXVALUE
      NOMINVALUE
      NOCYCLE
      CACHE 20
      NOORDER;

CREATE SEQUENCE SEQ_NETSERVERSTARTUPCONFIG 
      INCREMENT BY 1
      START WITH 101
      NOMAXVALUE
      NOMINVALUE
      NOCYCLE
      CACHE 20
      NOORDER;

CREATE SEQUENCE SEQ_TBLMVERSION 
      INCREMENT BY 1
      START WITH 101
      NOMAXVALUE
      NOMINVALUE
      NOCYCLE
      CACHE 20
      NOORDER;


CREATE SEQUENCE SEQ_TSYSTEMAUDIT 
      INCREMENT BY 1
      START WITH 101
      NOMAXVALUE
      NOMINVALUE
      NOCYCLE
      CACHE 20
      NOORDER;

CREATE SEQUENCE SEQ_SCOMMPROTOCOL 
      INCREMENT BY 1
      START WITH 101
      NOMAXVALUE
      NOMINVALUE
      NOCYCLE
      CACHE 20
      NOORDER; 

CREATE SEQUENCE  SEQ_MVENDOR 
      INCREMENT BY 1
      START WITH 101
      NOMAXVALUE
      NOMINVALUE
      NOCYCLE
      CACHE 20
      NOORDER; 

CREATE SEQUENCE SEQ_MGATEWAYPROFILE 
      INCREMENT BY 1
      START WITH 101
      NOMAXVALUE
      NOMINVALUE
      NOCYCLE
      CACHE 20
      NOORDER; 

CREATE SEQUENCE SEQ_MLOCATION 
      INCREMENT BY 1
      START WITH 101
      NOMAXVALUE
      NOMINVALUE
      NOCYCLE
      CACHE 20
      NOORDER; 

CREATE SEQUENCE SEQ_MGATEWAY 
      INCREMENT BY 1
      START WITH 101
      NOMAXVALUE
      NOMINVALUE
      NOCYCLE
      CACHE 20
      NOORDER; 

CREATE SEQUENCE SEQ_MRADIUSGATEWAY 
      INCREMENT BY 1
      START WITH 101
      NOMAXVALUE
      NOMINVALUE
      NOCYCLE
      CACHE 20
      NOORDER; 

CREATE SEQUENCE SEQ_MDIAMETERGATEWAY 
      INCREMENT BY 1
      START WITH 101
      NOMAXVALUE
      NOMINVALUE
      NOCYCLE
      CACHE 20
      NOORDER; 

CREATE SEQUENCE SEQ_MDATABASEDS
      INCREMENT BY 1
      START WITH 101
      NOMAXVALUE
      NOMINVALUE
      NOCYCLE
      CACHE 20
      NOORDER; 

CREATE SEQUENCE SEQ_MLDAPDS
      INCREMENT BY 1
      START WITH 101
      NOMAXVALUE
      NOMINVALUE
      NOCYCLE
      CACHE 20
      NOORDER; 

CREATE SEQUENCE SEQ_MDRIVERINSTANCE
      INCREMENT BY 1
      START WITH 101
      NOMAXVALUE
      NOMINVALUE
      NOCYCLE
      CACHE 20
      NOORDER; 

CREATE SEQUENCE SEQ_MLDAPBASEDNDETAIL
      INCREMENT BY 1
      START WITH 101
      NOMAXVALUE
      NOMINVALUE
      NOCYCLE
      CACHE 20
      NOORDER; 

CREATE SEQUENCE SEQ_MDBSPINTERFACE
      INCREMENT BY 1
      START WITH 101
      NOMAXVALUE
      NOMINVALUE
      NOCYCLE
      CACHE 20
      NOORDER; 

CREATE SEQUENCE SEQ_MDBFIELDMAP
      INCREMENT BY 1
      START WITH 101
      NOMAXVALUE
      NOMINVALUE
      NOCYCLE
      CACHE 20
      NOORDER; 

CREATE SEQUENCE SEQ_MLDAPSPINTERFACE
      INCREMENT BY 1
      START WITH 101
      NOMAXVALUE
      NOMINVALUE
      NOCYCLE
      CACHE 20
      NOORDER; 

CREATE SEQUENCE SEQ_MLDAPFIELDMAP
      INCREMENT BY 1
      START WITH 101
      NOMAXVALUE
      NOMINVALUE
      NOCYCLE
      CACHE 20
      NOORDER; 
   
CREATE SEQUENCE SEQ_MESIINSTANCE
      INCREMENT BY 1
      START WITH 101
      NOMAXVALUE
      NOMINVALUE
      NOCYCLE
      CACHE 20
      NOORDER; 
    
CREATE SEQUENCE SEQ_MPCRFSERVICEPOLICY
      INCREMENT BY 1
      START WITH 101
      NOMAXVALUE
      NOMINVALUE
      NOCYCLE
      CACHE 20
      NOORDER; 

CREATE SEQUENCE SEQ_MRADIUSATTRIBUTEMAPPING
      INCREMENT BY 1
      START WITH 101
      NOMAXVALUE
      NOMINVALUE
      NOCYCLE
      CACHE 20
      NOORDER; 
    
CREATE SEQUENCE SEQ_MRADIUSVALUEMAPPING
      INCREMENT BY 1
      START WITH 101
      NOMAXVALUE
      NOMINVALUE
      NOCYCLE
      CACHE 20
      NOORDER; 
    
CREATE SEQUENCE SEQ_MDIAMETERATTRIBUTEMAPPING
      INCREMENT BY 1
      START WITH 101
      NOMAXVALUE
      NOMINVALUE
      NOCYCLE
      CACHE 20
      NOORDER; 
    
CREATE SEQUENCE SEQ_MDIAMETERVALUEMAPPING
      INCREMENT BY 1
      START WITH 101
      NOMAXVALUE
      NOMINVALUE
      NOCYCLE
      CACHE 20
      NOORDER; 

        
CREATE SEQUENCE SEQ_MALERTLISTENERINSTANCE
      INCREMENT BY 1
      START WITH 101
      NOMAXVALUE
      NOMINVALUE
      NOCYCLE
      CACHE 20
      NOORDER; 

CREATE SEQUENCE SEQ_MFILELISTENER
      INCREMENT BY 1
      START WITH 101
      NOMAXVALUE
      NOMINVALUE
      NOCYCLE
      CACHE 20
      NOORDER; 

CREATE SEQUENCE SEQ_MTRAPLISTENER
      INCREMENT BY 1
      START WITH 101
      NOMAXVALUE
      NOMINVALUE
      NOCYCLE
      CACHE 20
      NOORDER; 


CREATE SEQUENCE SEQ_MRADIUSDICTIONARY
      INCREMENT BY 1
      START WITH 101
      NOMAXVALUE
      NOMINVALUE
      NOCYCLE
      CACHE 20
      NOORDER; 

CREATE SEQUENCE SEQ_MRADIUSDICPARAMDETAIL
      INCREMENT BY 1
      START WITH 1001
      NOMAXVALUE
      NOMINVALUE
      NOCYCLE
      CACHE 20
      NOORDER; 
  

CREATE SEQUENCE SEQ_MDIAMETERDICTIONARY
      INCREMENT BY 1
      START WITH 101
      NOMAXVALUE
      NOMINVALUE
      NOCYCLE
      CACHE 20
      NOORDER; 

CREATE SEQUENCE SEQ_MDIAMETERDICPARAMDETAIL
      INCREMENT BY 1
      START WITH 1001
      NOMAXVALUE
      NOMINVALUE
      NOCYCLE
      CACHE 20
      NOORDER; 

CREATE SEQUENCE SEQ_MDIAMETERGROUPEDATTRIBUTE
      INCREMENT BY 1
      START WITH 501
      NOMAXVALUE
      NOMINVALUE
      NOCYCLE
      CACHE 20
      NOORDER; 
       
    
CREATE SEQUENCE SEQ_MCORESESSIONS
      INCREMENT BY 1
      START WITH 101
      NOMAXVALUE
      NOMINVALUE
      NOCYCLE
      CACHE 100
      NOORDER; 
      
CREATE SEQUENCE  SEQ_MSESSIONRULE
     INCREMENT BY 1
     START WITH 101
     NOMAXVALUE
     NOMINVALUE
     NOCYCLE
     CACHE 100
	 NOORDER;
    
   
CREATE SEQUENCE SEQ_MSESSIONFIELDMAPPING
      INCREMENT BY 1
      START WITH 101
      NOMAXVALUE
      NOMINVALUE
      NOCYCLE
      CACHE 20
      NOORDER; 
    
CREATE SEQUENCE SEQ_MGATEWAYPROFILEPACKETMAP
      INCREMENT BY 1
      START WITH 101
      NOMAXVALUE
      NOMINVALUE
      NOCYCLE
      CACHE 20
      NOORDER; 

CREATE SEQUENCE SEQ_MPACKETMAPPING
      INCREMENT BY 1
      START WITH 101
      NOMAXVALUE
      NOMINVALUE
      NOCYCLE
      CACHE 20
      NOORDER; 
    
CREATE SEQUENCE SEQ_MATTRIBUTEMAPPING
      INCREMENT BY 1
      START WITH 101
      NOMAXVALUE
      NOMINVALUE
      NOCYCLE
      CACHE 20
      NOORDER; 
  
CREATE SEQUENCE SEQ_MPCCRULEMAPPING
      INCREMENT BY 1
      START WITH 101
      NOMAXVALUE
      NOMINVALUE
      NOCYCLE
      CACHE 20
      NOORDER; 
  
CREATE SEQUENCE SEQ_MSUBSCRIBER
      INCREMENT BY 1
      START WITH 101
      NOMAXVALUE
      NOMINVALUE
      NOCYCLE
      CACHE 20
      NOORDER; 


CREATE SEQUENCE SEQ_MBICEATEMPLATE
      INCREMENT BY 1
      START WITH 101
      NOMAXVALUE
      NOMINVALUE
      NOCYCLE
      CACHE 20
      NOORDER; 
  
CREATE SEQUENCE SEQ_MBICEASUBKEY
      INCREMENT BY 1
      START WITH 101
      NOMAXVALUE
      NOMINVALUE
      NOCYCLE
      CACHE 20
      NOORDER; 

   
CREATE SEQUENCE SEQ_MNOTIFICATIONQUEUE
      INCREMENT BY 1
      START WITH 101
      NOMAXVALUE
      NOMINVALUE
      NOCYCLE
      CACHE 20
      NOORDER; 
      
CREATE SEQUENCE SEQ_MSESSIONDBFIELDMAPPING
      INCREMENT BY 1
      START WITH 101
      NOMAXVALUE
      NOMINVALUE
      NOCYCLE
      CACHE 20
      NOORDER; 

CREATE SEQUENCE SEQ_MCSVDRIVER
      INCREMENT BY 1
      START WITH 101
      NOMAXVALUE
      NOMINVALUE
      NOCYCLE
      CACHE 20
      NOORDER; 

CREATE SEQUENCE SEQ_MCSVDRIVERFIELDMAP
      INCREMENT BY 1
      START WITH 101
      NOMAXVALUE
      NOMINVALUE
      NOCYCLE
      CACHE 20
      NOORDER;
  

CREATE SEQUENCE SEQ_MTACDETAIL
      INCREMENT BY 1
      START WITH 101
      NOMAXVALUE
      NOMINVALUE
      NOCYCLE
      CACHE 20
      NOORDER;

CREATE SEQUENCE SEQ_MCSVSTRIPMAPPING
      INCREMENT BY 1
      START WITH 101
      NOMAXVALUE
      NOMINVALUE
      NOCYCLE
      CACHE 20
      NOORDER;  

CREATE SEQUENCE SEQ_MDBCDRDRIVER
      INCREMENT BY 1
      START WITH 101
      NOMAXVALUE
      NOMINVALUE
      NOCYCLE
      CACHE 20
      NOORDER; 

CREATE SEQUENCE SEQ_MDBCDRFIELDMAPPING
      INCREMENT BY 1
      START WITH 101
      NOMAXVALUE
      NOMINVALUE
      NOCYCLE
      CACHE 20
      NOORDER; 

CREATE SEQUENCE SEQ_MNETWORK 
		INCREMENT BY 1 
		START WITH 201 
		NOMAXVALUE 
		NOMINVALUE 
		NOCYCLE 
		CACHE 20 
		NOORDER;

      
CREATE SEQUENCE SEQ_CDR
      INCREMENT BY 1
      START WITH 101
      NOMAXVALUE
      NOMINVALUE
      NOCYCLE
      CACHE 20
      NOORDER;

CREATE SEQUENCE SEQ_MMCCMNCGROUP
      INCREMENT BY 1
      START WITH 101
      NOMAXVALUE
      NOMINVALUE
      NOCYCLE
      CACHE 20
      NOORDER;

CREATE SEQUENCE SEQ_MROUTINGENTRY
      INCREMENT BY 1
      START WITH 101
      NOMAXVALUE
      NOMINVALUE
      NOCYCLE
      CACHE 20
      NOORDER;
      
CREATE SEQUENCE SEQ_MGATEWAYGROOVYSCRIPT
      INCREMENT BY 1
      START WITH 101
      NOMAXVALUE
      NOMINVALUE
      NOCYCLE
      CACHE 20
      NOORDER;

CREATE SEQUENCE SEQ_MCUSTOMIZEDMENU  
	INCREMENT BY 1 
	START WITH 101 
	NOMAXVALUE
	NOMINVALUE
	NOCYCLE
	CACHE 20  
	NOORDER;
	
CREATE SEQUENCE SEQ_MREGION 
	INCREMENT BY 1 
	START WITH 101 
	NOMAXVALUE 
	NOMINVALUE 
	NOCYCLE CACHE 20 
	NOORDER;	
	
CREATE SEQUENCE SEQ_MCITY 
	INCREMENT BY 1 START 
	WITH 101 NOMAXVALUE 
	NOMINVALUE 
	NOCYCLE CACHE 20 
	NOORDER;	
	
	
CREATE SEQUENCE SEQ_MAREA 
	INCREMENT BY 1 
	START WITH 101 
	NOMAXVALUE 
	NOMINVALUE 
	NOCYCLE CACHE 20 
	NOORDER;	
	
	

CREATE SEQUENCE SEQ_MLACINFO 
	INCREMENT BY 1 START WITH 101 
	NOMAXVALUE 
	NOMINVALUE 
	NOCYCLE CACHE 20 
	NOORDER;	
	
CREATE SEQUENCE SEQ_MWIFISSIDINFO 
	INCREMENT BY 1 START WITH 101 
	NOMAXVALUE 
	NOMINVALUE 
	NOCYCLE CACHE 20 NOORDER;	

CREATE SEQUENCE SEQ_MCALLINGSTATIONIDINFO 
	INCREMENT BY 1 START WITH 101 
	NOMAXVALUE 
	NOMINVALUE 
	NOCYCLE CACHE 20 NOORDER;
	
CREATE SEQUENCE SEQ_MSERVERCERTIFICATE
    INCREMENT BY 1
    START WITH 101
    NOMAXVALUE
    NOMINVALUE
    NOCYCLE
    CACHE 20
    NOORDER;


CREATE SEQUENCE SEQ_MTRUSTCERTIFICATE
    INCREMENT BY 1
    START WITH 101
    NOMAXVALUE
    NOMINVALUE
    NOCYCLE
    CACHE 20
    NOORDER;

CREATE SEQUENCE SEQ_MCRLCERTIFICATE
    INCREMENT BY 1
    START WITH 101
    NOMAXVALUE
    NOMINVALUE
    NOCYCLE
    CACHE 20
    NOORDER;
    
CREATE SEQUENCE SEQ_MPCCRULEATTRMAPPING
      INCREMENT BY 1
      START WITH 101
      NOMAXVALUE
      NOMINVALUE
      NOCYCLE
      CACHE 20
      NOORDER;

CREATE SEQUENCE SEQ_MPROFILEPCCRULEMAPPINGREL 
      INCREMENT BY 1
      START WITH 101
      NOMAXVALUE
      NOMINVALUE
      NOCYCLE
      CACHE 20
      NOORDER;
 
      
CREATE SEQUENCE SEQ_MSPR
      INCREMENT BY 1
      START WITH 101
      NOMAXVALUE
      NOMINVALUE
      NOCYCLE
      CACHE 20
      NOORDER; 

-- Logical Name Value Pool --
CREATE TABLE TBLSLOGICALNAMEVALUEPOOL(
   id	CHAR(7),
   name VARCHAR(60) not null,
   value VARCHAR(60) not null,
   CONSTRAINT pk_slogicalnamevaluepool PRIMARY KEY (id)
);

CREATE TABLE TBLMDATABASEDS(
   databasedsid 		NUMERIC(20),
   name  			varchar(200)   	NOT NULL,
   connectionurl 		varchar(2000)  	NOT NULL,
   username 			varchar(200),
   password 			varchar(200),
   minimumpool  		NUMERIC(10) DEFAULT 1 NOT NULL,	
   maximumpool  		NUMERIC(10) DEFAULT 1 NOT NULL,
   lastmodifiedbystaffid	NUMERIC(20),
   createdbystaffid		NUMERIC(20),
   lastmodifieddate       	TIMESTAMP,
   createdate             	TIMESTAMP,
   statuscheckduration          NUMERIC(20)DEFAULT 120 NOT NULL,
   timeout                      NUMERIC(10)DEFAULT 1000 NOT NULL,
   clientip					VARCHAR(64),
   CONSTRAINT pk_mdatabaseds PRIMARY KEY (databasedsid),
   CONSTRAINT uk_mdatabaseds UNIQUE (name)
);

CREATE TABLE TBLMLDAPDS(
   ldapdsid			NUMERIC(20),
   name 		 	varchar(200)   	NOT NULL,
   address 			varchar(256) NOT NULL,
   timeout		 	NUMERIC(20)DEFAULT 1000 NOT NULL,
   ldapsizelimit		NUMERIC(20)		NOT NULL,
   administrator	 	varchar(300)		NOT NULL,
   password		 	varchar(300)		NOT NULL,
   userdnprefix			varchar(100)		NOT NULL,
   maximumpool			NUMERIC(10)    DEFAULT 1 NOT NULL,
   minimumpool			NUMERIC(10)    DEFAULT 1 NOT NULL,	
   commonstatusid               CHAR(5)  DEFAULT 'CST01',
   lastmodifiedbystaffid	NUMERIC(20),
   createdbystaffid		NUMERIC(20),
   lastmodifieddate       	TIMESTAMP,
   createdate             	TIMESTAMP	NOT NULL,
   statuscheckduration          NUMERIC(20)DEFAULT 120 NOT NULL,
   clientip					VARCHAR(64),
   CONSTRAINT pk_mldapds PRIMARY KEY (ldapdsid),
   CONSTRAINT uk_mldapds UNIQUE (name)
);

CREATE TABLE TBLMLDAPBASEDNDETAIL(
   basedndetailid 	NUMERIC(20),
   searchbasedn  	varchar(300),
   ldapdsid	 	NUMERIC(20),
   CONSTRAINT pk_mldapbasedndetail PRIMARY KEY (basedndetailid),
   CONSTRAINT fk1_mldapbasedndetail  FOREIGN KEY (ldapdsid) REFERENCES tblmldapds (ldapdsid)
);

-- tables --
   
CREATE TABLE TBLSSERVICETYPE(
   servicetypeid 	NUMERIC(10),
   name 		VARCHAR(200) NOT NULL,
   displayname		VARCHAR(200) NOT NULL,
   alias 		VARCHAR(100)  NOT NULL,
   serialno	        NUMERIC(10),
   description 		VARCHAR(255),
   status 		CHAR(1)  NOT NULL,
   CONSTRAINT pk_sservicetype PRIMARY KEY (servicetypeid),
   CONSTRAINT uk_sservicetype UNIQUE (alias)
);

CREATE TABLE TBLSDRIVERTYPE(
   drivertypeid 	NUMERIC(10),
   servicetypeid 	NUMERIC(10),
   name 		VARCHAR(200) NOT NULL,
   serialno	        NUMERIC(10),
   displayname		VARCHAR(200) NOT NULL,
   alias 		VARCHAR(100)  NOT NULL,
   description 		VARCHAR(255),
   status 		CHAR(1)  NOT NULL,
   CONSTRAINT pk_mdrivertype PRIMARY KEY (drivertypeid),
   CONSTRAINT uk_mdrivertype UNIQUE (alias),
   CONSTRAINT fk1_sdrivertype  FOREIGN KEY (servicetypeid) REFERENCES tblsservicetype (servicetypeid)
);

-- Driver Instance --

CREATE TABLE TBLMDRIVERINSTANCE(
   driverinstanceid 		NUMERIC(20),
   name 			VARCHAR(200)  	NOT NULL,
   description			VARCHAR(255),
   status 		 	CHAR(5) 	DEFAULT 'CST01' NOT NULL,
   createdbystaffid       	NUMERIC(20),
   lastmodifiedbystaffid       	NUMERIC(20),
   lastmodifieddate       	TIMESTAMP,
   createdate             	TIMESTAMP,
   drivertypeid 		NUMERIC(10),
   CONSTRAINT pk_mdriverinstance PRIMARY KEY (driverinstanceid),
   CONSTRAINT fk1_mdriverinstance  FOREIGN KEY (drivertypeid) REFERENCES tblsdrivertype (drivertypeid)
);

CREATE TABLE TBLMDBSPINTERFACE(
  DBSPINTERFACEID 			NUMERIC(10),
  DATABASEDSID			    NUMERIC(20),
  TABLENAME 			    VARCHAR(30),
  IDENTITYFIELD             VARCHAR(50),
  DBQUERYTIMEOUT 		    NUMERIC(10),
  MAXQUERYTIMEOUTCOUNT 	    NUMERIC(10),
  DRIVERINSTANCEID 		    NUMERIC(20),
  CONSTRAINT PK_MDBSPINTERFACE PRIMARY KEY (DBSPINTERFACEID),
  CONSTRAINT FK1_MDBSPINTERFACE  FOREIGN KEY (DRIVERINSTANCEID) REFERENCES TBLMDRIVERINSTANCE (DRIVERINSTANCEID),
  CONSTRAINT FK2_MDBSPINTERFACE  FOREIGN KEY (DATABASEDSID) REFERENCES TBLMDATABASEDS (DATABASEDSID)
);

CREATE TABLE TBLMDBFIELDMAP(
  DBFIELDMAPID 		NUMERIC(10),
  LOGICALNAME 		VARCHAR(50) NOT NULL,
  DBFIELD 		VARCHAR(50) NOT NULL,
  DBSPINTERFACEID 		NUMERIC(10),
  CONSTRAINT PK_MDBFIELDMAP PRIMARY KEY (DBFIELDMAPID),
  CONSTRAINT FK1_MDBFIELDMAP  FOREIGN KEY (DBSPINTERFACEID) REFERENCES TBLMDBSPINTERFACE (DBSPINTERFACEID),
  CONSTRAINT UK_MDBFIELDMAP UNIQUE (DBFIELD,DBSPINTERFACEID)
);

CREATE TABLE TBLMLDAPSPINTERFACE(
 LDAPSPINTERFACEID 			NUMERIC(10),
 EXPIRYDATE_PATTERN 		VARCHAR(50),
 PASSWORD_DECRYPT_TYPE 		NUMERIC(3),
 QUERY_MAX_EXEC_TIME		NUMERIC(20),
 DRIVERINSTANCEID 		NUMERIC(20),
 LDAPDSID			NUMERIC(20),
 CONSTRAINT PK_MLDAPSPINTERFACE PRIMARY KEY (LDAPSPINTERFACEID),
 CONSTRAINT FK1_MLDAPSPINTERFACE  FOREIGN KEY (DRIVERINSTANCEID) REFERENCES TBLMDRIVERINSTANCE (DRIVERINSTANCEID),
 CONSTRAINT FK2_MLDAPSPINTERFACE  FOREIGN KEY (LDAPDSID) REFERENCES TBLMLDAPDS (LDAPDSID)
);

CREATE TABLE TBLMLDAPFIELDMAP(
 LDAPFIELDMAPID 	NUMERIC(10), 
 LOGICALNAME 		VARCHAR(50),
 LDAPATTRIBUTE 		VARCHAR(50),
 LDAPSPINTERFACEID 		NUMERIC(10),
 CONSTRAINT PK_MLDAPFIELDMAP PRIMARY KEY (LDAPFIELDMAPID),
 CONSTRAINT FK1_MLDAPFIELDMAP  FOREIGN KEY (LDAPSPINTERFACEID) REFERENCES TBLMLDAPSPINTERFACE (LDAPSPINTERFACEID)
);

CREATE TABLE TBLMUSERFILESPRDRIVER(
  userfiledriverid 	NUMERIC(10),
  filelocations		VARCHAR(500) NOT NULL,
  expirydateformats     VARCHAR(255),
  driverinstanceid 	NUMERIC(20),
  CONSTRAINT pk_muserfilesprdriver PRIMARY KEY (userfiledriverid),
  CONSTRAINT fk1_muserfilesprdriver  FOREIGN KEY (driverinstanceid) REFERENCES tblmdriverinstance (driverinstanceid)
);

--------------------------------------------------------
--  DDL for Table TBLSSCREEN
--------------------------------------------------------

  CREATE TABLE TBLSSCREEN(
  	SCREENID         CHAR(6), 
	NAME             VARCHAR(50) NOT NULL, 
	ALIAS            VARCHAR(25) NOT NULL, 
	DESCRIPTION      VARCHAR(255), 
	SYSTEMGENERATED  CHAR(1) NOT NULL,
	CONSTRAINT PK_SSCREEN PRIMARY KEY (SCREENID)
   ) ;
--------------------------------------------------------
--  DDL for Table TBLSACTIONTYPE
--------------------------------------------------------

  CREATE TABLE TBLSACTIONTYPE(
  	ACTIONTYPEID        CHAR(5), 
	ALIAS               VARCHAR(25)	NOT NULL, 
	NAME                VARCHAR(50)	NOT NULL, 
	DESCRIPTION         VARCHAR(255), 
	SYSTEMGENERATED     CHAR(1),
	CONSTRAINT PK_TBLSACTIONTYPE PRIMARY KEY (ACTIONTYPEID)
   ) ;
      
--------------------------------------------------------
--  DDL for Table TBLMACTION
--------------------------------------------------------

  CREATE TABLE TBLMACTION(
  	ACTIONID         CHAR(8), 
	NAME             VARCHAR(100) NOT NULL, 
	ALIAS            VARCHAR(50) NOT NULL, 
	DESCRIPTION      VARCHAR(255), 
	ACTIONTYPEID     CHAR(5) NOT NULL, 
	PARENTACTIONID   CHAR(8), 
	ACTIONLEVEL      NUMERIC(2,0) NOT NULL, 
	SYSTEMGENERATED  CHAR(1) NOT NULL, 
	SCREENID         CHAR(6), 
	STATUS           CHAR(1), 
	FREEZEPROFILE    CHAR(1),
	CONSTRAINT PK_MACTION PRIMARY KEY (ACTIONID),
	CONSTRAINT FK1_MACTION FOREIGN KEY (SCREENID)  REFERENCES TBLSSCREEN (SCREENID), 
	CONSTRAINT FK2_MACTION FOREIGN KEY (PARENTACTIONID) REFERENCES TBLMACTION (ACTIONID),
	CONSTRAINT FK3_MACTION FOREIGN KEY (ACTIONTYPEID)  REFERENCES TBLSACTIONTYPE (ACTIONTYPEID)
   ) ;
--------------------------------------------------------
--  DDL for Table TBLMBISMODEL
--------------------------------------------------------

  CREATE TABLE TBLMBISMODEL(
  	BUSINESSMODELID     CHAR(8), 
	ALIAS               VARCHAR(50)	NOT NULL, 
	NAME                VARCHAR(50)	NOT NULL, 
	SYSTEMGENERATED     CHAR(1)	NOT NULL, 
	STATUS              CHAR(1)	NOT NULL, 
	DESCRIPTION         VARCHAR(100), 
	FREEZEPROFILE       CHAR(1),
	CONSTRAINT PK_MBISMODEL PRIMARY KEY (BUSINESSMODELID),
	CONSTRAINT UK1_MBISMODEL UNIQUE (NAME),
	CONSTRAINT UK2_MBISMODEL UNIQUE (ALIAS)
   ) ;
--------------------------------------------------------
--  DDL for Table TBLMBISMODULETYPE
--------------------------------------------------------

  CREATE TABLE TBLMBISMODULETYPE(
  	BISMODULETYPEID         CHAR(8), 
	NAME                    VARCHAR(50) NOT NULL, 
	ALIAS                   VARCHAR(50)	NOT NULL, 
	DESCRIPTION             VARCHAR(100), 
	SYSTEMGENERATED         CHAR(1)	NOT NULL, 
	CREATEDATE              DATE,
	CONSTRAINT PK_MBISMODULETYPE PRIMARY KEY (BISMODULETYPEID),
	CONSTRAINT UK1_MBISMODULETYPE UNIQUE (NAME),
	CONSTRAINT UK2_MBISMODULETYPE UNIQUE (ALIAS)
   ) ;
--------------------------------------------------------
--  DDL for Table TBLMBISMODULE
--------------------------------------------------------

  CREATE TABLE TBLMBISMODULE(
  	BUSINESSMODULEID CHAR(8), 
	ALIAS VARCHAR(50)		NOT NULL, 
	NAME VARCHAR(50)		NOT NULL, 
	SYSTEMGENERATED CHAR(1)		NOT NULL, 
	STATUS CHAR(1)			NOT NULL, 
	BISMODULETYPEID CHAR(8)		NOT NULL, 
	DESCRIPTION VARCHAR(100), 
	FREEZEPROFILE CHAR(1),
	CONSTRAINT PK_MBISMODULE PRIMARY KEY (BUSINESSMODULEID),
	CONSTRAINT UK1_MBISMODULE UNIQUE (NAME),
	CONSTRAINT UK2_MBISMODULE UNIQUE (ALIAS),
	CONSTRAINT FK1_MBISMODULE FOREIGN KEY (BISMODULETYPEID) REFERENCES TBLMBISMODULETYPE (BISMODULETYPEID)
   ) ;
--------------------------------------------------------
--  DDL for Table TBLMSTAFF
--------------------------------------------------------

  CREATE TABLE TBLMSTAFF(
    STAFFID                 NUMERIC(20), 
	NAME                    VARCHAR(60)	NOT NULL, 
	USERNAME                VARCHAR(18)	NOT NULL,
	PROFILEPICTURE          BLOB, 
	CREATEDATE              DATE NOT NULL, 
	PASSWORD                VARCHAR(50)	NOT NULL, 
	LASTMODIFIEDDATE        DATE NOT NULL, 
	EMAILADDRESS            VARCHAR(50) NOT NULL, 
	PHONE                   VARCHAR(20), 
	LASTLOGINTIME           DATE, 
	MOBILE                  VARCHAR(20), 
	STATUSCHANGEDATE        DATE, 
	COMMONSTATUSID          CHAR(5) NOT NULL, 
	CREATEDBYSTAFFID        NUMERIC(20)	NOT NULL, 
	LASTMODIFIEDBYSTAFFID   NUMERIC(20)NOT NULL, 
	SYSTEMGENERATED         CHAR(1) NOT NULL,
    LASTLOGINDURATION       NUMERIC(10),    
    PASSWORDCHANGEDATE      DATE,          
    PASSWORDVALIDITYPERIOD  NUMERIC(5),
    RECENTPASSWORDS         VARCHAR(1550),
	CONSTRAINT PK_MSTAFF PRIMARY KEY (STAFFID),
	CONSTRAINT FK1_MSTAFF FOREIGN KEY (LASTMODIFIEDBYSTAFFID) REFERENCES TBLMSTAFF (STAFFID),
	CONSTRAINT FK2_MSTAFF FOREIGN KEY (CREATEDBYSTAFFID) REFERENCES TBLMSTAFF (STAFFID)
   ) ;

   CREATE TABLE TBLM_STAFF_PROFILE_PICTURE(
    ID         NUMERIC(20),
    PROFILE_PICTURE  BLOB,
    CONSTRAINT PK_STAFF_PROFILE_PICTURE PRIMARY KEY (ID),
    CONSTRAINT FK_STAFF_PROFILE_PICTURE FOREIGN KEY (ID) REFERENCES TBLMSTAFF (STAFFID)
   );



--------------------------------------------------------
--  DDL for Table TBLMROLE
--------------------------------------------------------

  CREATE TABLE TBLMROLE 
   (	ROLEID NUMERIC(20), 
	NAME VARCHAR(50)		NOT NULL, 
	ROLEMAILID VARCHAR(50), 
	DESCRIPTION VARCHAR(255), 
	SYSTEMGENERATED CHAR(1), 
	STATUSCHANGEDATE DATE, 
	COMMONSTATUSID CHAR(5), 
	CREATEDATE DATE			NOT NULL, 
	CREATEDBYSTAFFID NUMERIC(20)	NOT NULL, 
	LASTMODIFIEDDATE DATE		NOT NULL, 
	LASTMODIFIEDBYSTAFFID NUMERIC(20)NOT NULL,
	CONSTRAINT PK_MROLE PRIMARY KEY (ROLEID),
	CONSTRAINT FK1_MROLE FOREIGN KEY (CREATEDBYSTAFFID)  REFERENCES TBLMSTAFF (STAFFID),
	CONSTRAINT FK2_MROLE FOREIGN KEY (LASTMODIFIEDBYSTAFFID) REFERENCES TBLMSTAFF (STAFFID)
   ) ;
--------------------------------------------------------
--  DDL for Table TBLMROLEACTIONREL
--------------------------------------------------------

  CREATE TABLE TBLMROLEACTIONREL(
    ACTIONID CHAR(8)    NOT NULL, 
    ROLEID NUMERIC(20)	NOT NULL,
	CONSTRAINT PK_MROLEACTIONREL PRIMARY KEY (ROLEID, ACTIONID),
	CONSTRAINT FK1_MROLEACTIONREL FOREIGN KEY (ACTIONID)  REFERENCES TBLMACTION (ACTIONID),
	CONSTRAINT FK2_MROLEACTIONREL FOREIGN KEY (ROLEID)  REFERENCES TBLMROLE (ROLEID)
   ) ;

--------------------------------------------------------
--  DDL for Table TBLSSTANDARDMASTERTYPE
--------------------------------------------------------

  CREATE TABLE TBLSSTANDARDMASTERTYPE(
    MASTERTYPEID CHAR(7), 
	TYPENAME VARCHAR(255)		NOT NULL, 
	ALIAS VARCHAR(255)		NOT NULL, 
	DESCRIPTION VARCHAR(255), 
	SYSTEMGENERATED CHAR(1)		NOT NULL, 
	ENABLEDISABLE CHAR(1)		NOT NULL, 
	SHOWHIDE CHAR(1)		NOT NULL, 
	EDITABLE CHAR(1)		NOT NULL,
	CONSTRAINT PK_SSTANDARDMASTERTYPE PRIMARY KEY (MASTERTYPEID)
   ) ;

--------------------------------------------------------
--  DDL for Table TBLMSTANDARDMASTER
--------------------------------------------------------

  CREATE TABLE TBLMSTANDARDMASTER 
   (	MASTERID CHAR(7), 
	MASTERTYPEID CHAR(7)		NOT NULL, 
	NAME VARCHAR(255)		NOT NULL, 
	ALIAS VARCHAR(255)		NOT NULL, 
	DESCRIPTION VARCHAR(255), 
	CATEGORYNAME VARCHAR(255)	NOT NULL, 
	EDITABLE CHAR(1)		NOT NULL, 
	CREATEDATE DATE			NOT NULL, 
	CREATEDBYSTAFFID CHAR(7)	NOT NULL, 
	LASTMODIFIEDDATE DATE, 
	LASTMODIFIEDDATEBYSTAFFID CHAR(7), 
	SYSTEMGENERATED CHAR(1)		NOT NULL, 
	ENABLEDISABLE VARCHAR(10)	NOT NULL, 
	SHOWHIDE VARCHAR(10)		NOT NULL, 
	ENABLEDISABLECHANGEDATE DATE, 
	SHOWHIDECHANGEDATE DATE, 
	ENABLEDISABLEBYSTAFFID CHAR(7), 
	SHOWHIDEBYSTAFFID CHAR(7), 
	STRPARAM1 VARCHAR(255),  
	STRPARAM2 VARCHAR(255), 
	STRPARAM3 VARCHAR(255), 
	DATEPARAM1 DATE, 
	DATEPARAM2 DATE, 
	DATEPARAM3 DATE, 
	NUMPARAM1 NUMERIC(13,0), 
	NUMPARAM2 NUMERIC(13,0), 
	NUMPARAM3 NUMERIC(13,0), 
	CHARPARAM1 CHAR(1), 
	CHARPARAM2 CHAR(1), 
	CHARPARAM3 CHAR(1), 
	FLOATNUM1 NUMERIC(20,6), 
	FLOATNUM2 NUMERIC(20,6), 
	FLOATNUM3 NUMERIC(20,6), 
	DISPLAYNAME VARCHAR(255)	NOT NULL, 
	DISPLAYNAMELOCK CHAR(1)		NOT NULL,
	CONSTRAINT PK_MSTANDARDMASTER PRIMARY KEY (MASTERID),
	CONSTRAINT FK1_MSTANDARDMASTER FOREIGN KEY (MASTERTYPEID)  REFERENCES TBLSSTANDARDMASTERTYPE (MASTERTYPEID)
   );
--------------------------------------------------------
--  DDL for Table TBLMNETCONFIGURATION
--------------------------------------------------------

  CREATE TABLE TBLMNETCONFIGURATION 
   (	NETCONFIGID CHAR(7), 
	SERIALNO NUMERIC(5,0)		NOT NULL, 
	NAME VARCHAR(100)		NOT NULL, 
	DISPLAYNAME VARCHAR(100)	NOT NULL, 
	FILENAME VARCHAR(100)		NOT NULL, 
	ALIAS VARCHAR(100)		NOT NULL, 
	CONFIGVERSION VARCHAR(25)	NOT NULL,
	CONSTRAINT PK_MNETCONFIGURATION	PRIMARY KEY (NETCONFIGID)
   ) ;
--------------------------------------------------------
--  DDL for Table TBLMNETCONFIGURATIONINSTANCE
--------------------------------------------------------

  CREATE TABLE TBLMNETCONFIGURATIONINSTANCE 
   (	CONFIGINSTANCEID NUMERIC(20), 
	CONFIGID CHAR(7) 	NOT NULL,
	CONSTRAINT PK_MNETCONFIGURATIONINSTANCE PRIMARY KEY (CONFIGINSTANCEID),
	CONSTRAINT FK1_MNETCONFIGURATIONINSTANCE FOREIGN KEY (CONFIGID) REFERENCES TBLMNETCONFIGURATION (NETCONFIGID)
   ) ;
--------------------------------------------------------
--  DDL for Table TBLMNETCONFIGURATIONPARAMETER
--------------------------------------------------------

  CREATE TABLE TBLMNETCONFIGURATIONPARAMETER 
   (	PARAMETERID CHAR(9), 
	CONFIGID CHAR(7)			NOT NULL, 
	SERIALNO NUMERIC(5,0)			NOT NULL, 
	NAME VARCHAR(100)			NOT NULL, 
	DISPLAYNAME VARCHAR(100)		NOT NULL, 
	ALIAS VARCHAR(100)			NOT NULL, 
	DESCRIPTION VARCHAR(1000)		NOT NULL, 
	TYPE VARCHAR(50)			NOT NULL, 
	REGEXP VARCHAR(1000), 
	MAXINSTANCES NUMERIC(5,0) DEFAULT 1, 
	MULTIPLEINSTANCES CHAR(1) DEFAULT 'N', 
	PARENTPARAMETERID CHAR(9), 
	DEFAULTVALUE VARCHAR(255), 
	MAXLENGTH NUMERIC(25,0) DEFAULT 0 	NOT NULL, 
	EDITABLE CHAR(1)			NOT NULL, 
	STARTUPMODE CHAR(7), 
	STATUS CHAR(1) DEFAULT 'Y', 
	ISNOTNULL CHAR(1) DEFAULT 'Y',
	CONSTRAINT PK_MNETCONFIGURATIONPARAMETER PRIMARY KEY (PARAMETERID, CONFIGID),
	CONSTRAINT FK1_MNETCONFIGURATIONPARAMETER FOREIGN KEY (PARENTPARAMETERID, CONFIGID) REFERENCES TBLMNETCONFIGURATIONPARAMETER (PARAMETERID, CONFIGID),
	CONSTRAINT FK2_MNETCONFIGURATIONPARAMETER FOREIGN KEY (STARTUPMODE)  REFERENCES TBLMSTANDARDMASTER (MASTERID),
	CONSTRAINT FK3_MNETCONFIGURATIONPARAMETER FOREIGN KEY (CONFIGID)  REFERENCES TBLMNETCONFIGURATION (NETCONFIGID) 
   ) ;
--------------------------------------------------------
--  DDL for Table TBLMNETCONFIGPARAMVALUEPOOL
--------------------------------------------------------

  CREATE TABLE TBLMNETCONFIGPARAMVALUEPOOL 
   (	PARAMPOOLID CHAR(12), 
	PARAMETERID CHAR(9)	NOT NULL, 
	NAME VARCHAR(100)	NOT NULL, 
	VALUE VARCHAR(100)	NOT NULL, 
	NETCONFIGID CHAR(7)	NOT NULL,
	CONSTRAINT PK_MNETCONFIGPARAMVALUEPOOL PRIMARY KEY (PARAMPOOLID),
	CONSTRAINT FK1_MNETCONFIGPARAMVALUEPOOL FOREIGN KEY (PARAMETERID, NETCONFIGID) REFERENCES TBLMNETCONFIGURATIONPARAMETER (PARAMETERID, CONFIGID)
   ) ;
--------------------------------------------------------
--  DDL for Table TBLMNETCONFIGURATIONVALUES
--------------------------------------------------------

  CREATE TABLE TBLMNETCONFIGURATIONVALUES 
   (	PARAMETERVALUEID NUMERIC(20), 
	PARAMETERID CHAR(9)		NOT NULL, 
	CONFIGINSTANCEID NUMERIC(20)	NOT NULL, 
	INSTANCEID VARCHAR(50)		NOT NULL, 
	VALUE VARCHAR(2000), 
	NETCONFIGID CHAR(7)		NOT NULL,
	CONSTRAINT PK_MNETCONFIGURATIONVALUES PRIMARY KEY (PARAMETERVALUEID),
	CONSTRAINT UK1_MNETCONFIGURATIONVALUES UNIQUE (PARAMETERID, CONFIGINSTANCEID, INSTANCEID),
	CONSTRAINT FK1_MNETCONFIGURATIONVALUES FOREIGN KEY (PARAMETERID, NETCONFIGID)  REFERENCES TBLMNETCONFIGURATIONPARAMETER (PARAMETERID, CONFIGID),
	CONSTRAINT FK2_MNETCONFIGURATIONVALUES FOREIGN KEY (CONFIGINSTANCEID) REFERENCES TBLMNETCONFIGURATIONINSTANCE (CONFIGINSTANCEID)
   ) ;

--------------------------------------------------------
--  DDL for Table TBLMNETSERVERTYPE
--------------------------------------------------------

  CREATE TABLE TBLMNETSERVERTYPE 
   (	NETSERVERTYPEID CHAR(7), 
	NAME VARCHAR(60)		NOT NULL, 
	ALIAS VARCHAR(60)		NOT NULL, 
	DESCRIPTION VARCHAR(255)	NOT NULL, 
	SYSTEMGENERATED CHAR(1)		NOT NULL, 
	VERSION VARCHAR(25)		NOT NULL,
	STARTUPSCRIPTNAME VARCHAR(25)   NOT NULL,
	CONSTRAINT PK_MNETSERVERTYPE PRIMARY KEY (NETSERVERTYPEID)
   ) ;
--------------------------------------------------------
--  DDL for Table TBLMNETSERVERCONFIGMAP
--------------------------------------------------------

  CREATE TABLE TBLMNETSERVERCONFIGMAP 
   (	NETSERVERTYPEID CHAR(7)		NOT NULL, 
	NETCONFIGID CHAR(7)		NOT NULL, 
	NETCONFIGMAPTYPEID CHAR(1),
	CONSTRAINT PK_MNETSERVERCONFIGMAP PRIMARY KEY (NETSERVERTYPEID, NETCONFIGID),
	CONSTRAINT FK1_MNETSERVERCONFIGMAP FOREIGN KEY (NETCONFIGID) REFERENCES TBLMNETCONFIGURATION (NETCONFIGID),
	CONSTRAINT FK2_MNETSERVERCONFIGMAP FOREIGN KEY (NETSERVERTYPEID) REFERENCES TBLMNETSERVERTYPE (NETSERVERTYPEID)
   ) ;
--------------------------------------------------------
--  DDL for Table TBLMNETSERVERCONFIGMAPTYPE
--------------------------------------------------------

  CREATE TABLE TBLMNETSERVERCONFIGMAPTYPE 
   (	NAME VARCHAR(50)		NOT NULL, 
	DESCRIPTION VARCHAR(255)	NOT NULL, 
	ALIAS VARCHAR(50)		NOT NULL, 
	NETCONFIGMAPTYPEID CHAR(1)	NOT NULL
   ) ;
--------------------------------------------------------
--  DDL for Table TBLMNETSERVERINSTANCE
--------------------------------------------------------

  CREATE TABLE TBLMNETSERVERINSTANCE 
   (	NETSERVERID NUMERIC(20), 
	NETSERVERCODE CHAR(7)		NOT NULL, 
	NAME VARCHAR(60)		NOT NULL, 
	DESCRIPTION VARCHAR(255), 
	VERSION VARCHAR(25)		NOT NULL, 
	NETSERVERTYPEID CHAR(7)		NOT NULL, 
	ADMINHOST VARCHAR(255)		NOT NULL, 
	ADMINPORT NUMERIC(5,0)		NOT NULL, 
	CREATEDATE DATE			NOT NULL, 
	CREATEDBYSTAFFID NUMERIC(20)	NOT NULL, 
	LASTMODIFIEDDATE DATE, 
	LASTMODIFIEDBYSTAFFID NUMERIC(20), 
	COMMONSTATUSID CHAR(5), 
	STATUSCHANGEDATE DATE, 
	SYSTEMGENERATED CHAR(1)		NOT NULL, 
	LASTSYNCDATE DATE, 
	LASTSUCCESSSYNCDATE DATE, 
	LASTSYNCSTATUS CHAR(5), 
	JAVAHOME VARCHAR(255), 
	SERVERHOME VARCHAR(255), 
	ISCONFIGINSYNC CHAR(5) DEFAULT 'CST02',
	CONSTRAINT PK_MNETSERVERINSTANCE  PRIMARY KEY (NETSERVERID),
	CONSTRAINT UK1_MNETSERVERINSTANCE UNIQUE (NAME),
	CONSTRAINT FK1_MNETSERVERINSTANCE FOREIGN KEY (NETSERVERTYPEID)  REFERENCES TBLMNETSERVERTYPE (NETSERVERTYPEID)
   ) ;


-- FOR SERVER INSTANCE GROUP


CREATE TABLE TBLM_SERVER_INSTANCE_GROUP(
ID                   VARCHAR(36),
NAME                 VARCHAR(100) NOT NULL,
ACCESS_GROUPS        VARCHAR(400),
ORDER_NO NUMERIC(3)  DEFAULT 0,
CREATED_DATE         TIMESTAMP,
CREATED_BY_STAFF_ID  NUMERIC(20),
MODIFIED_DATE        TIMESTAMP,
MODIFIED_BY_STAFF_ID NUMERIC(20),
SESSION_SYNCHRONIZATION NUMBER(1),
CONSTRAINT PK_SERVER_INSTANCE_GROUP PRIMARY KEY (ID),
CONSTRAINT UK_SERVER_INSTANCE_GROUP UNIQUE  (NAME),
CONSTRAINT FK_SERVER_INSTANCE_GROUP FOREIGN KEY (CREATED_BY_STAFF_ID) REFERENCES TBLMSTAFF (STAFFID),
CONSTRAINT FK1_SERVER_INSTANCE_GROUP FOREIGN KEY (MODIFIED_BY_STAFF_ID) REFERENCES TBLMSTAFF (STAFFID)
);



CREATE TABLE TBLM_NET_SERVER_GROUP_REL(
ID                        VARCHAR(36),
SERVER_INSTANCE_GROUP_ID  VARCHAR(36),
NETSERVER_INSTANCE_ID     NUMERIC(20),
SERVER_WEIGHTAGE          NUMERIC(2),
CONSTRAINT PK_NET_SERVER_GROUP_REL PRIMARY KEY (SERVER_INSTANCE_GROUP_ID, NETSERVER_INSTANCE_ID),
CONSTRAINT FK1_NET_SERVER_GROUP_REL FOREIGN KEY (SERVER_INSTANCE_GROUP_ID) REFERENCES TBLM_SERVER_INSTANCE_GROUP(ID),
CONSTRAINT FK2_NET_SERVER_GROUP_REL FOREIGN KEY (NETSERVER_INSTANCE_ID) REFERENCES TBLMNETSERVERINSTANCE(NETSERVERID)
); 




--------------------------------------------------------
--  DDL for Table TBLMNETSERVERINSTANCECONFMAP
--------------------------------------------------------

  CREATE TABLE TBLMNETSERVERINSTANCECONFMAP 
   (	NETSERVERID NUMERIC(20)		NOT NULL, 
	CONFIGINSTANCEID NUMERIC(20)	NOT NULL,
	CONSTRAINT FK1_MNETSERVERINSTANCECONFMAP FOREIGN KEY (CONFIGINSTANCEID) REFERENCES TBLMNETCONFIGURATIONINSTANCE (CONFIGINSTANCEID),
	CONSTRAINT FK2_MNETSERVERINSTANCECONFMAP FOREIGN KEY (NETSERVERID) REFERENCES TBLMNETSERVERINSTANCE (NETSERVERID) 
   ) ;
--------------------------------------------------------
--  DDL for Table TBLMNETSERVICETYPE
--------------------------------------------------------

  CREATE TABLE TBLMNETSERVICETYPE 
   (	NETSERVICETYPEID CHAR(7), 
	NETSERVERTYPEID CHAR(7)		NOT NULL, 
	NAME VARCHAR(60)		NOT NULL, 
	ALIAS VARCHAR(60)		NOT NULL, 
	DESCRIPTION VARCHAR(255), 
	MAXINSTANCES NUMERIC(5,0)	NOT NULL, 
	SYSTEMGENERATED CHAR(1)		NOT NULL,
	CONSTRAINT PK_MNETSERVICETYPE PRIMARY KEY (NETSERVICETYPEID),
	CONSTRAINT FK1_MNETSERVICETYPE FOREIGN KEY (NETSERVERTYPEID) REFERENCES TBLMNETSERVERTYPE (NETSERVERTYPEID)
   ) ;
--------------------------------------------------------
--  DDL for Table TBLMNETSERVICECONFIGMAP
--------------------------------------------------------

  CREATE TABLE TBLMNETSERVICECONFIGMAP 
   (	NETSERVICETYPEID CHAR(7)	NOT NULL, 
	NETCONFIGID CHAR(7)		NOT NULL, 
	NETCONFIGMAPTYPEID CHAR(1),
	CONSTRAINT PK_MNETSERVICECONFIGMAP PRIMARY KEY (NETSERVICETYPEID, NETCONFIGID),
	CONSTRAINT FK1_MNETSERVICECONFIGMAP FOREIGN KEY (NETCONFIGID)  REFERENCES TBLMNETCONFIGURATION (NETCONFIGID),
	CONSTRAINT FK2_MNETSERVICECONFIGMAP FOREIGN KEY (NETSERVICETYPEID)  REFERENCES TBLMNETSERVICETYPE (NETSERVICETYPEID)
   );
--------------------------------------------------------
--  DDL for Table TBLMNETSERVICECONFIGMAPTYPE
--------------------------------------------------------

  CREATE TABLE TBLMNETSERVICECONFIGMAPTYPE 
   (	NAME VARCHAR(100)		NOT NULL, 
	DESCRIPTION VARCHAR(255)	NOT NULL, 
	ALIAS VARCHAR(100)		NOT NULL, 
	NETCONFIGMAPTYPEID CHAR(1)	NOT NULL	
   ) ;
--------------------------------------------------------
--  DDL for Table TBLMNETSERVICEINSTANCE
--------------------------------------------------------

  CREATE TABLE TBLMNETSERVICEINSTANCE 
   (	NETSERVICEID NUMERIC(20), 
	INSTANCEID CHAR(3)		NOT NULL, 
	NAME VARCHAR(100) 		NOT NULL, 
	DISPLAYNAME VARCHAR(100)	NOT NULL, 
	DESCRIPTION VARCHAR(255), 
	NETSERVICETYPEID CHAR(7)	NOT NULL, 
	NETSERVERID NUMERIC(20)		NOT NULL, 
	CREATEDATE DATE			NOT NULL, 
	CREATEDBYSTAFFID NUMERIC(20)	NOT NULL, 
	LASTMODIFIEDDATE DATE, 
	LASTMODIFIEDBYSTAFFID NUMERIC(20), 
	COMMONSTATUSID CHAR(5), 
	STATUSCHANGEDATE DATE, 
	SYSTEMGENERATED CHAR(1)		NOT NULL, 
	LASTSYNCDATE DATE, 
	LASTSUCCESSSYNCDATE DATE, 
	LASTSYNCSTATUS CHAR(5), 
	ISCONFIGINSYNC CHAR(5) DEFAULT 'CST02',
	CONSTRAINT PK_MNETSERVICEINSTANCE PRIMARY KEY (NETSERVICEID),
	CONSTRAINT UK1_MNETSERVICEINSTANCE UNIQUE (NETSERVICETYPEID, NETSERVERID),
	CONSTRAINT FK1_MNETSERVICEINSTANCE FOREIGN KEY (NETSERVERID)  REFERENCES TBLMNETSERVERINSTANCE (NETSERVERID),
	CONSTRAINT FK2_MNETSERVICEINSTANCE FOREIGN KEY (NETSERVICETYPEID) REFERENCES TBLMNETSERVICETYPE (NETSERVICETYPEID) 
   ) ;
--------------------------------------------------------
--  DDL for Table TBLMNETSERVICEINSTANCECONFMAP
--------------------------------------------------------

  CREATE TABLE TBLMNETSERVICEINSTANCECONFMAP 
   (	NETSERVICEID NUMERIC(20)		NOT NULL, 
	CONFIGINSTANCEID NUMERIC(20)	NOT NULL,
	CONSTRAINT FK1_MNETSERVICEINSTANCECONFMAP FOREIGN KEY (CONFIGINSTANCEID) REFERENCES TBLMNETCONFIGURATIONINSTANCE (CONFIGINSTANCEID),
	CONSTRAINT FK2_MNETSERVICEINSTANCECONFMAP FOREIGN KEY (NETSERVICEID) REFERENCES TBLMNETSERVICEINSTANCE (NETSERVICEID) 
   ) ;


--------------------------------------------------------
--  DDL for Table TBLMSUBBISMODULETYPE
--------------------------------------------------------

  CREATE TABLE TBLMSUBBISMODULETYPE 
   (	SUBBISMODULETYPEID CHAR(8), 
	NAME VARCHAR(50), 
	ALIAS VARCHAR(50), 
	DESCRIPTION VARCHAR(100), 
	SYSTEMGENERATED CHAR(1), 
	BISMODULETYPEID CHAR(8), 
	CREATEDATE DATE,
	CONSTRAINT PK_MSUBBISMODULETYPE PRIMARY KEY (SUBBISMODULETYPEID),
	CONSTRAINT UK1_MSUBBISMODULETYPE UNIQUE (ALIAS),
	CONSTRAINT UK2_MSUBBISMODULETYPE UNIQUE (NAME),
	CONSTRAINT FK1_MSUBBISMODULETYPE FOREIGN KEY (BISMODULETYPEID) REFERENCES TBLMBISMODULETYPE (BISMODULETYPEID)
   ) ;
--------------------------------------------------------
--  DDL for Table TBLMSUBBISMODULE
--------------------------------------------------------

  CREATE TABLE TBLMSUBBISMODULE 
   (	SUBBUSINESSMODULEID CHAR(8), 
	ALIAS VARCHAR(50), 
	NAME VARCHAR(50), 
	SYSTEMGENERATED CHAR(1), 
	STATUS CHAR(1), 
	SUBBISMODULETYPEID CHAR(8), 
	DESCRIPTION VARCHAR(100), 
	FREEZEPROFILE CHAR(1),
	CONSTRAINT PK_MSUBBISMODULE PRIMARY KEY (SUBBUSINESSMODULEID),
	CONSTRAINT UK1_MSUBBISMODULE UNIQUE (NAME),
	CONSTRAINT UK2_MSUBBISMODULE UNIQUE (ALIAS),
	CONSTRAINT FK1_MSUBBISMODULE FOREIGN KEY (SUBBISMODULETYPEID)  REFERENCES TBLMSUBBISMODULETYPE (SUBBISMODULETYPEID)
   ) ;

--------------------------------------------------------
--  DDL for Table TBLMSYSTEMPARAMETER
--------------------------------------------------------

  CREATE TABLE TBLMSYSTEMPARAMETER 
   (	PARAMETERID NUMERIC(20), 
	NAME VARCHAR(50)		NOT NULL, 
	ALIAS VARCHAR(50)		NOT NULL, 
	VALUE VARCHAR(255), 
	SYSTEMGENERATED CHAR(1)		NOT NULL, 
	DESCRIPTION VARCHAR(255),
	CONSTRAINT PK_MSYSTEMPARAMETER PRIMARY KEY (PARAMETERID),
	CONSTRAINT UK1_MSYSTEMPARAMETER UNIQUE (ALIAS)
   ) ;
--------------------------------------------------------
--  DDL for Table TBLMSYSTEMPARAMETERVALUEPOOL
--------------------------------------------------------

  CREATE TABLE TBLMSYSTEMPARAMETERVALUEPOOL 
   (	PARAMPOOLID VARCHAR(8), 
	PARAMETERID NUMERIC(20)	NOT NULL, 
	NAME VARCHAR(100)		NOT NULL, 
	VALUE VARCHAR(100)		NOT NULL,
	CONSTRAINT PK_MSYSTEMPARAMETERVALUEPOOL PRIMARY KEY (PARAMPOOLID),
	CONSTRAINT FK1_MSYSTEMPARAMETERVALUEPOOL FOREIGN KEY (PARAMETERID) REFERENCES TBLMSYSTEMPARAMETER (PARAMETERID)
   ) ;
--------------------------------------------------------
--  DDL for Table TBLMVERSION
--------------------------------------------------------

  CREATE TABLE TBLMVERSION 
   (	SERIALNO NUMERIC, 
	VERSION VARCHAR(20), 
	SETUPMODE VARCHAR(25), 
	COMPONENT VARCHAR(15), 
	EXECUTED_ON TIMESTAMP
   ) ;
--------------------------------------------------------
--  DDL for Table TBLNETSERVERCONFIGVERSION
--------------------------------------------------------

  CREATE TABLE TBLNETSERVERCONFIGVERSION 
   (	NETSERVERTYPEID CHAR(7) NOT NULL, 
	NETSERVERVERSION VARCHAR(25) NOT NULL, 
	CONFIGVERSION VARCHAR(25),
	CONSTRAINT PK_NETSERVERCONFIGVERSION PRIMARY KEY (NETSERVERTYPEID, NETSERVERVERSION)
   ) ;
--------------------------------------------------------
--  DDL for Table TBLNETSERVERSTARTUPCONFIG
--------------------------------------------------------

  CREATE TABLE TBLNETSERVERSTARTUPCONFIG 
   (	NETSERVERID NUMERIC(20), 
	PROTOCOL VARCHAR(25)		NOT NULL, 
	COMMUNICATIONPORT NUMERIC(10,0) DEFAULT 23, 
	USERNAME VARCHAR(255)		NOT NULL, 
	PASSWORD VARCHAR(255)		NOT NULL, 
	LOGINPROMPT VARCHAR(25)	NOT NULL, 
	PASSWORDPROMPT VARCHAR(25)	NOT NULL, 
	SHELLPROMPT CHAR(1)		NOT NULL, 
	FAILUREMSG VARCHAR(255)	NOT NULL, 
	OPERATIONTIMEOUT NUMERIC(10,0) DEFAULT 5000, 
	LASTMODIFIEDDATE DATE, 
	LASTMODIFIEDBYSTAFFID NUMERIC(20), 
	COMMONSTATUSID CHAR(5), 
	STATUSCHANGEDATE DATE, 
	SHELL VARCHAR(255)		NOT NULL,
	CONSTRAINT PK_NETSERVERSTARTUPCONFIG PRIMARY KEY  (NETSERVERID),
	CONSTRAINT FK1_NETSERVERSTARTUPCONFIG FOREIGN KEY (NETSERVERID) REFERENCES TBLMNETSERVERINSTANCE (NETSERVERID) 
   ) ;


--------------------------------------------------------
--  DDL for Table TBLSDATATYPE
--------------------------------------------------------

  CREATE TABLE TBLSDATATYPE 
   (	DATATYPEID CHAR(5), 
	ALIAS VARCHAR(25)	NOT NULL, 
	NAME VARCHAR(50)	NOT NULL, 
	DESCRIPTION VARCHAR(255), 
	SYSTEMGENERATED CHAR(1)	NOT NULL, 
	JAVASCRIPTREGEX VARCHAR(255), 
	JAVAREGEX VARCHAR(255), 
	ERRORMESSAGE VARCHAR(255),
	DICTIONARYTYPE CHAR(1) NOT NULL,
	CONSTRAINT PK_SDATATYPE PRIMARY KEY (DATATYPEID)
   ) ;


--------------------------------------------------------
--  DDL for Table TBLTBISMODELMODULEREL
--------------------------------------------------------

  CREATE TABLE TBLTBISMODELMODULEREL 
   (	BUSINESSMODELID CHAR(8)		NOT NULL, 
	BUSINESSMODULEID CHAR(8)	NOT NULL, 
	STATUS VARCHAR(2),
	CONSTRAINT PK_TBISMODELMODULEREL PRIMARY KEY (BUSINESSMODELID, BUSINESSMODULEID)
   );

--------------------------------------------------------
--  DDL for Table TBLTBISMODULESUBBISMODULEREL
--------------------------------------------------------

  CREATE TABLE TBLTBISMODULESUBBISMODULEREL 
   (	BUSINESSMODULEID CHAR(8), 
	SUBBUSINESSMODULEID CHAR(8), 
	STATUS VARCHAR(2),
	CONSTRAINT PK_TBISMODULESUBBISMODULEREL PRIMARY KEY (BUSINESSMODULEID, SUBBUSINESSMODULEID) 
   ) ;
--------------------------------------------------------
--  DDL for Table TBLTSUBBISMODULEACTIONREL
--------------------------------------------------------

  CREATE TABLE TBLTSUBBISMODULEACTIONREL 
   (	ACTIONID CHAR(8), 
	SUBBUSINESSMODULEID CHAR(8), 
	STATUS VARCHAR(2),
	CONSTRAINT PK_TSUBBISMODULEACTIONREL PRIMARY KEY (ACTIONID, SUBBUSINESSMODULEID)
   ) ;
--------------------------------------------------------
--  DDL for Table TBLTSYSTEMAUDIT
--------------------------------------------------------

  CREATE TABLE TBLTSYSTEMAUDIT 
   (	SYSTEMAUDITID NUMERIC(20), 
	ACTIONID CHAR(8)		NOT NULL, 
	TRANSACTIONID CHAR(12), 
	AUDITDATE DATE			NOT NULL, 
	REMARK VARCHAR(4000), 
	SYSTEMUSERID NUMERIC(20)	NOT NULL, 
	SYSTEMUSERNAME VARCHAR(60) 	NOT NULL,
	CLIENTIP 	VARCHAR(64),
	CONSTRAINT PK_TSYSTEMAUDIT PRIMARY KEY (SYSTEMAUDITID),
	CONSTRAINT FK1_TBLTSYSTEMAUDIT FOREIGN KEY (SYSTEMUSERID) REFERENCES TBLMSTAFF (STAFFID)
   );

CREATE TABLE TBLMVENDOR(
    VENDORID                NUMERIC(12),
    VENDORNAME              VARCHAR(40)    NOT NULL,
    DESCRIPTION             VARCHAR(255),
    CONSTRAINT PK_MVENDOR PRIMARY KEY (VENDORID)
);

CREATE TABLE TBLMDEFAULTATTRIBUTEMAPPING (
    ID                      NUMERIC(10,0),
   	PARAMETERUSAGETYPE      VARCHAR(100),  	
   	POLICYKEY               VARCHAR(50),
   	DIAMETERATTRIBUTE       VARCHAR(1000),
    DEFAULTVALUE	          VARCHAR(100),
    VALUEMAPPING            VARCHAR(400),
    CONSTRAINT PK_MDEFAULTATTRIBUTEMAPPING PRIMARY KEY (ID)
);

CREATE TABLE TBLMSERVERCERTIFICATE(
    SERVERCERTIFICATEID NUMBER(20,0),
    NAME VARCHAR2(64),
    CERTIFICATE BLOB,
    CERTIFICATEFILENAME VARCHAR2(64),
    PRIVATEKEY BLOB,
    PRIVATEKEYPASSWORD  VARCHAR2(64),
    PRIVATEKEYALGORITHM VARCHAR2(16) DEFAULT 'RSA',
    PRIVATEKEYFILENAME VARCHAR2(64),
    CREATEDBYSTAFFID NUMBER(20),
    CREATEDDATE  TIMESTAMP DEFAULT CURRENT_TIMESTAMP,
    MODIFIEDBYSTAFFID NUMERIC(20),
    MODIFIEDDATE TIMESTAMP DEFAULT CURRENT_TIMESTAMP,
    CONSTRAINT PK_MSERVERCERTIFICATE PRIMARY KEY (SERVERCERTIFICATEID)
);


CREATE TABLE TBLMTRUSTCERTIFICATE(
    TRUSTEDCERTIFICATEID NUMBER(20,0),
    NAME VARCHAR2(64),
    CERTIFICATE BLOB,
    CERTIFICATEFILENAME VARCHAR2(64),
    CREATEDBYSTAFFID NUMBER(20),
    CREATEDDATE TIMESTAMP DEFAULT CURRENT_TIMESTAMP,
    MODIFIEDBYSTAFFID NUMBER(20),
    MODIFIEDDATE TIMESTAMP DEFAULT CURRENT_TIMESTAMP,
    CONSTRAINT PK_MTRUSTCERTIFICATE PRIMARY KEY (TRUSTEDCERTIFICATEID)
);


CREATE TABLE TBLMCRLCERTIFICATE(
    CRLCERTIFICATEID  NUMBER(20,0),
    NAME VARCHAR2(64),
    CERTIFICATE BLOB,
    CERTIFICATEFILENAME VARCHAR2(64),
    CREATEDBYSTAFFID NUMBER(20),
    CREATEDDATE TIMESTAMP DEFAULT CURRENT_TIMESTAMP,
     MODIFIEDBYSTAFFID NUMBER(20),
    MODIFIEDDATE TIMESTAMP DEFAULT CURRENT_TIMESTAMP,
    CONSTRAINT PK_MCRLCERTIFICATE PRIMARY KEY (CRLCERTIFICATEID)
); 


CREATE TABLE TBLMGATEWAYPROFILE(
    PROFILEID               		NUMERIC(12),
    GATEWAYTYPE 					VARCHAR(40),
    PROFILENAME						VARCHAR(40) NOT NULL,
    COMMPROTOCOLID          		CHAR(6)     NOT NULL,
   	VENDORID                		NUMERIC(12) NOT NULL,
    FIRMWARE                		VARCHAR(40),
    MAXTHROUGHPUT           		NUMERIC(12),
    BUFFERBW                		NUMERIC(12),
    MAXIPCANSESSION         		NUMERIC(10),
    DESCRIPTION             		VARCHAR(255),
    USAGEREPORTINGTYPE 				VARCHAR(32) DEFAULT 'NON-CUMULATIVE' NOT NULL,
    REVALIDATIONMODE 				VARCHAR(64) DEFAULT 'ClientInitiated' NOT NULL, 
    LASTMODIFIEDBYSTAFFID			NUMERIC(20),
    CREATEDBYSTAFFID			 	NUMERIC(20),
    LASTMODIFIEDDATE       			TIMESTAMP,
    CREATEDATE             			TIMESTAMP,
    CLIENTIP						VARCHAR(64),
    TRANSPORTPROTOCOL       		VARCHAR(8),
    SOCKETRECEIVEBUFFERSIZE 		NUMERIC(10) DEFAULT -1,
    SOCKETSENDBUFFERSIZE    		NUMERIC(10) DEFAULT -1,
    TCPNAGLEALGORITHM       		VARCHAR(8)  DEFAULT 'true',
    DWRDURATION             		NUMERIC(10),
    LOCALIP                 		VARCHAR(32),
    INITCONNECTIONDURATION  		NUMERIC(10),
    RETRYCOUNT              		NUMERIC(2),
    SESSIONCLEANUPONCER     		VARCHAR(8) DEFAULT 'true',
	SESSIONCLEANUPONDPR 			VARCHAR(8) DEFAULT 'true',
	CERAVPS                 		VARCHAR(2000),
	DPRAVPS                 		VARCHAR(2000),
	DWRAVPS                 		VARCHAR(2000),
	SENDDPRCLOSEEVENT      			VARCHAR(8) DEFAULT 'false',
	MINTLSVERSION           		VARCHAR(8),
	MAXTLSVERSION           		VARCHAR(8),
	SERVERCERTIFICATEID     		NUMERIC(20),
	CLIENTCERTIFICATEREQUEST 		VARCHAR(8) DEFAULT 'true',
	CIPHERSUITELIST          		VARCHAR(4000),
	VALIDATECERTIFICATEEXPIRY 		VARCHAR(8),
	ALLOWCERTIFICATECA         		VARCHAR(8),
	VALIDATECERTIFICATEREVOCATION 	VARCHAR(8),
	VALIDATEHOST                 	VARCHAR(8),
	SECURITYSTANDARD             	VARCHAR(20) DEFAULT 'NONE',
	CONSTRAINT PK_MGATEWAYPROFILE PRIMARY KEY (PROFILEID),
    CONSTRAINT FK1_MGATEWAYPROFILE  FOREIGN KEY (VENDORID) REFERENCES TBLMVENDOR(VENDORID),
    CONSTRAINT FK2_MGATEWAYPROFILE FOREIGN KEY (LASTMODIFIEDBYSTAFFID) REFERENCES TBLMSTAFF (STAFFID),
	CONSTRAINT FK3_MGATEWAYPROFILE FOREIGN KEY (CREATEDBYSTAFFID) REFERENCES TBLMSTAFF (STAFFID),
	CONSTRAINT FK4_MGATEWAYPROFILE FOREIGN KEY (SERVERCERTIFICATEID) REFERENCES TBLMSERVERCERTIFICATE(SERVERCERTIFICATEID)
);  

CREATE TABLE TBLMRADIUSGATEWAYPROFILE(
    PROFILEID               NUMERIC(12),
    SUPPORTEDVENODRLIST     VARCHAR(255),
    SENDACCOUNTINGRESPONSE  VARCHAR(5),
    TIMEOUT 				NUMERIC(5) DEFAULT 3000,
	MAXREQUESTTIMEOUT 		NUMERIC(5) DEFAULT 1000,
	STATUSCHECKDURATION 	NUMERIC(8) DEFAULT 60,
	ISICMPPINGENABLED		VARCHAR(5) DEFAULT 'false',
	RETRYCOUNT 				NUMERIC(8) DEFAULT 0,
  INTERIM_INTERVAL          NUMERIC(5),
    CONSTRAINT PK_MRADIUSGATEWAYPROFILE PRIMARY KEY (PROFILEID),
    CONSTRAINT FK1_MRADIUSGATEWAYPROFILE FOREIGN KEY (PROFILEID) REFERENCES TBLMGATEWAYPROFILE(PROFILEID) ON DELETE CASCADE
);

CREATE TABLE TBLMDIAMETERGATEWAYPROFILE(
    PROFILEID               	NUMERIC(12),
    SUPPORTEDVENODRLIST     	VARCHAR(255),
    SUPPORTEDSTANDARD       	VARCHAR(20)  DEFAULT 3,
    CHARGINGRULEINSTALLMODE		VARCHAR(255) DEFAULT 'Grouped',
    TIMEOUT 					NUMERIC(10)  DEFAULT 3000,
    TLSENABLE 					VARCHAR(5) DEFAULT 'false',
	ISCUSTOMGXAPPLICATIONID 	VARCHAR(5) DEFAULT 'false',
	ISCUSTOMGYAPPLICATIONID 	VARCHAR(5) DEFAULT 'false',
	ISCUSTOMRXAPPLICATIONID 	VARCHAR(5) DEFAULT 'false',
	ISCUSTOMS9APPLICATIONID 	VARCHAR(5) DEFAULT 'false',
	GXAPPLICATIONID 			VARCHAR(60),
	GYAPPLICATIONID 			VARCHAR(60),
	RXAPPLICATIONID 			VARCHAR(60),
	S9APPLICATIONID 			VARCHAR(60),
	RETRANSMISSIONCNT 			NUMERIC(10) DEFAULT 0,
	DWINTERVAL 					NUMERIC(10),
	ISDWGATEWAYLEVEL 			VARCHAR(5),
	PCCPROVISION 				NUMERIC(2) DEFAULT 0,
	CERAVPS		 				VARCHAR(2000),
	DPRAVPS		 				VARCHAR(2000),
	DWRAVPS		 				VARCHAR(2000),
	SENDDPRCLOSEEVENT 			VARCHAR(8) default 'false',
	TRANSPORTPROTOCOL			VARCHAR(8) default 'tcp',
	SOCKETRECEIVEBUFFERSIZE 	NUMERIC(10) default -1,
	SESSIONCLEANUPONCER 		VARCHAR(8) default 'true',
	SESSIONCLEANUPONDPR 		VARCHAR(8) default 'true',
	SOCKETSENDBUFFERSIZE		NUMERIC(10) default -1,
	TCPNAGLEALGORITHM 			VARCHAR(8) default 'true',
	INITCONNECTIONDURATION		NUMERIC(10) default 60,
	SYAPPLICATIONID             VARCHAR(60),
	ISCUSTOMSYAPPLICATIONID     VARCHAR(5) DEFAULT 'false',
	UMSTANDARD                  VARCHAR(8) DEFAULT '3GPPR9',
	SESSIONLOOKUPKEY 			VARCHAR(100) DEFAULT 'CS.SessionIPv4,CS.SessionIPv6' NOT NULL,
    CONSTRAINT PK_MDIAMETERGATEWAYPROFILE PRIMARY KEY (PROFILEID),	    
    CONSTRAINT FK1_MDIAMETERGATEWAYPROFILE  FOREIGN KEY (PROFILEID) REFERENCES TBLMGATEWAYPROFILE(PROFILEID) ON DELETE CASCADE
);

CREATE TABLE TBLMPACKETMAPPING(
    PACKETMAPID                       NUMERIC(12,0),
    NAME                              VARCHAR(60),
    DESCRIPTION                       VARCHAR(255),
    COMMPROTOCOL                      VARCHAR(15),
    PACKETTYPE                        VARCHAR(15),
    TYPE                              VARCHAR(15),
    CREATEDDATE						  TIMESTAMP,	
	CREATEDBYSTAFFID				  NUMERIC,
	MODIFIEDDATE					  TIMESTAMP,
	MODIFIEDBYSTAFFID				  NUMERIC,
	CLIENTIP 						  VARCHAR(64),
    CONSTRAINT PK_MDIAMETERPACKETMAPPING PRIMARY KEY (PACKETMAPID),
    CONSTRAINT FK1_MDIAMETERPACKETMAPPING FOREIGN KEY (MODIFIEDBYSTAFFID) REFERENCES TBLMSTAFF (STAFFID),
	CONSTRAINT FK2_MDIAMETERPACKETMAPPING FOREIGN KEY (CREATEDBYSTAFFID) REFERENCES TBLMSTAFF (STAFFID)
);

CREATE TABLE TBLMATTRIBUTEMAPPING(
    ATTRMAPID                         NUMERIC(12,0),
    ATTRIBUTE                         VARCHAR(100),
    POLICYKEY                         VARCHAR(4000),
    DEFAULTVALUE                      VARCHAR(1000),
    VALUEMAPPING                      VARCHAR(1000),
    PACKETMAPID                       NUMERIC(12,0),
    ORDERNO 						  NUMERIC(4),
    CONSTRAINT PK_MDIAMETERATTRMAPPING PRIMARY KEY (ATTRMAPID),
    CONSTRAINT FK1_MDIAMETERATTRMAPPING FOREIGN KEY (PACKETMAPID) REFERENCES TBLMPACKETMAPPING (PACKETMAPID)
);

CREATE TABLE TBLMGATEWAYPROFILEPACKETMAP(
    GPPMID                  NUMERIC(12),
    PROFILEID               NUMERIC(12),
    CONDITION               VARCHAR2(4000),
    ORDERNUMBER             NUMERIC(4),
    PACKETMAPID             NUMERIC(12),
    CONSTRAINT PK_MGWPROFILEPACKETMAP PRIMARY KEY (GPPMID),
    CONSTRAINT FK1_MGWPROFILEPACKETMAP FOREIGN KEY (PROFILEID) REFERENCES TBLMGATEWAYPROFILE (PROFILEID) ON DELETE CASCADE,
    CONSTRAINT FK2_MGWPROFILEPACKETMAP FOREIGN KEY (PACKETMAPID) REFERENCES TBLMPACKETMAPPING (PACKETMAPID) ON DELETE CASCADE
);
    
CREATE TABLE TBLMPCCRULEMAPPING(
	PCCRULEMAPPINGID   NUMERIC(12,0),
	NAME               VARCHAR2(60),
	DESCRIPTION        VARCHAR2(255),
	CONSTRAINT PK_MPCCRULEMAPPING PRIMARY KEY (PCCRULEMAPPINGID)
);

CREATE TABLE TBLMPROFILEPCCRULEMAPPINGREL(
	PROFILEPCCRULEMAPPINGRELID  NUMERIC(12,0),
	PROFILEID                   NUMERIC(12,0),            
	PCCRULEMAPPINGID            NUMERIC(12,0),
	ACCESSNETWORKTYPE           VARCHAR2(4000),
	ORDERNUMBER                 NUMERIC(12,0),
	CONSTRAINT PK_MPROFILEPCCRULEMAPPINGREL PRIMARY KEY (PROFILEPCCRULEMAPPINGRELID),
	CONSTRAINT FK1_MPROFILEPCCRULEMAPPINGREL FOREIGN KEY (PROFILEID) REFERENCES TBLMGATEWAYPROFILE (PROFILEID),
	CONSTRAINT FK2_MPROFILEPCCRULEMAPPINGREL FOREIGN KEY (PCCRULEMAPPINGID) REFERENCES TBLMPCCRULEMAPPING(PCCRULEMAPPINGID)
);

CREATE TABLE TBLMPCCRULEATTRMAPPING(
    PCCRULEATTRMAPPINGID NUMERIC(12,0),
    ATTRIBUTE            VARCHAR2(100),
    POLICYKEY            VARCHAR2(4000),
    DEFAULTVALUE         VARCHAR2(1000),
    VALUEMAPPING         VARCHAR2(1000),
    TYPE                 VARCHAR2(10),
    PCCRULEMAPPINGID     NUMERIC(12,0),
    CONSTRAINT PK_MPCCRULEATTRMAPPING PRIMARY KEY (PCCRULEATTRMAPPINGID),
    CONSTRAINT FK1_MPCCRULEATTRMAPPING FOREIGN KEY (PCCRULEMAPPINGID) REFERENCES TBLMPCCRULEMAPPING (PCCRULEMAPPINGID)
);



CREATE TABLE TBLMLOCATION(
    LOCATIONID              NUMERIC(12),
    LOCATIONNAME            VARCHAR(40)    NOT NULL,
    DESCRIPTION             VARCHAR(255),
    CONSTRAINT PK_MLOCATION PRIMARY KEY (LOCATIONID)
);

CREATE TABLE TBLMGATEWAY(
    GATEWAYID               NUMERIC(12),
    GATEWAYNAME 			VARCHAR(40) NOT NULL UNIQUE,
    PROFILEID               NUMERIC(12)      NOT NULL ,
    COMMPROTOCOLID          CHAR(6)         NOT NULL,
    DESCRIPTION             VARCHAR(255),
    LOCATIONID              NUMERIC(12),
    AREANAME                VARCHAR(40),
    POLICYENFORCEMENTMETHOD VARCHAR(64),
    CONNECTIONURL           VARCHAR(45),
    CREATEDDATE				TIMESTAMP,
	CREATEDBYSTAFFID		NUMERIC,
	MODIFIEDDATE			TIMESTAMP,
	MODIFIEDBYSTAFFID		NUMERIC,
	CLIENTIP 				VARCHAR(64),
    CONSTRAINT PK_MGATEWAY PRIMARY KEY (GATEWAYID),
    CONSTRAINT FK1_MGATEWAY  FOREIGN KEY (PROFILEID) REFERENCES TBLMGATEWAYPROFILE(PROFILEID) ON DELETE CASCADE,
    CONSTRAINT FK2_MGATEWAY  FOREIGN KEY (LOCATIONID) REFERENCES TBLMLOCATION(LOCATIONID),
    CONSTRAINT FK3_MGATEWAY FOREIGN KEY (MODIFIEDBYSTAFFID) REFERENCES TBLMSTAFF (STAFFID),
	CONSTRAINT FK4_MGATEWAY FOREIGN KEY (CREATEDBYSTAFFID) REFERENCES TBLMSTAFF (STAFFID)
);


CREATE TABLE TBLMRADIUSGATEWAY(
    GATEWAYID               NUMERIC(12),
    SHAREDSECRET            VARCHAR(40),
    MINLOCALPORT 	    	NUMERIC(8),
    CONSTRAINT PK_MRADIUSGATEWAY PRIMARY KEY (GATEWAYID),
    CONSTRAINT FK1_MRADIUSGATEWAY  FOREIGN KEY (GATEWAYID) REFERENCES TBLMGATEWAY(GATEWAYID) ON DELETE CASCADE
);

CREATE TABLE TBLMDIAMETERGATEWAY(
    GATEWAYID                NUMERIC(12),    
    HOSTIDENTITY             VARCHAR(40),
    REALM                    VARCHAR(40),
    LOCALADDRESS             VARCHAR(64),
    REQUESTTIMEOUT           NUMERIC DEFAULT 3000,
    RETRANSMISSIONCOUNT      NUMERIC DEFAULT 0,
    ALTERNATEHOSTID          NUMERIC(12),
    CONSTRAINT PK_MDIAMETERGATEWAY PRIMARY KEY (GATEWAYID),
    CONSTRAINT FK1_MDIAMETERGATEWAY  FOREIGN KEY (GATEWAYID) REFERENCES TBLMGATEWAY(GATEWAYID) ON DELETE CASCADE,
    CONSTRAINT FK2_MDIAMETERGATEWAY  FOREIGN KEY(ALTERNATEHOSTID) REFERENCES TBLMGATEWAY(GATEWAYID)
);

CREATE TABLE TBLMCISCOSCEGATEWAY(
    GATEWAYID               NUMERIC(12),
    USERNAME                VARCHAR(25),
    PASSWORD                VARCHAR(25),
    MAXRDRTRANSACTION       NUMERIC(5),
    CONSTRAINT PK_MCISCOSCEGATEWAY PRIMARY KEY (GATEWAYID),
    CONSTRAINT FK1_MCISCOSCEGATEWAY  FOREIGN KEY (GATEWAYID) REFERENCES TBLMGATEWAY(GATEWAYID) ON DELETE CASCADE
);

--  External System Interface Instance  --

CREATE TABLE TBLMESIINSTANCE(
    ESIINSTANCEID         NUMERIC(12,0),
    NAME                  VARCHAR(200)    NOT NULL ENABLE,
    DESCRIPTION           VARCHAR(255),
    ADDRESS               VARCHAR(255),
    SHAREDSECRET          VARCHAR(255),
    TIMEOUT               NUMERIC(10,0) DEFAULT 1000 NOT NULL ENABLE,
    EXPIREDREQLIMITCOUNT  NUMERIC(10,0),
    MINLOCALPORT          NUMERIC(10,0),
    STATUS                CHAR(5) DEFAULT 'CST01' NOT NULL ENABLE,
    CREATEDBYSTAFFID      NUMERIC(20,0),
    LASTMODIFIEDBYSTAFFID NUMERIC(20,0),
    LASTMODIFIEDDATE      TIMESTAMP (6),
    CREATEDATE            TIMESTAMP (6),
    RETRYLIMIT            NUMERIC(20,0) DEFAULT 0 NOT NULL ENABLE,
    STATUSCHECKDURATION   NUMERIC(20,0) DEFAULT 120 NOT NULL ENABLE,
    CONSTRAINT PK_MESIINSTANCE PRIMARY KEY ("ESIINSTANCEID"),
    CONSTRAINT UK1_MESIINSTANCE UNIQUE (ADDRESS),
    CONSTRAINT UK2_MESIINSTANCE UNIQUE (NAME)  
);

CREATE TABLE TBLM_SUBSCRIBER(
    USERNAME              VARCHAR(255),
    PASSWORD              VARCHAR(255),
    SUBSCRIBERIDENTITY 	  VARCHAR(255),
    PARENTID              VARCHAR(255),
    GROUPNAME             VARCHAR(255),
    ENCRYPTIONTYPE        VARCHAR(255),
    CUSTOMERTYPE          VARCHAR(10),
    BILLINGDATE           NUMERIC(2),
    EXPIRYDATE            TIMESTAMP,
    DATAPACKAGE           VARCHAR(100),
    IMSPACKAGE            VARCHAR(100),   
    EMAIL                 VARCHAR(100),
    PHONE                 VARCHAR(20),
    SIPURL                VARCHAR(200),
    AREA                  VARCHAR(20),
    CITY                  VARCHAR(20),
    ZONE                  VARCHAR(20),
    COUNTRY               VARCHAR(55),
    BIRTHDATE             TIMESTAMP,
    ROLE                  VARCHAR(20),
    COMPANY               VARCHAR(512),
    DEPARTMENT            VARCHAR(20),
    CADRE                 VARCHAR(5),
    ARPU                  NUMERIC(20),
    CUI                   VARCHAR(255),
    IMSI                  VARCHAR(100),
    MSISDN                VARCHAR(100),
    IMEI                  VARCHAR(100),
    ESN                   VARCHAR(100),
    MEID                  VARCHAR(100),
    MAC  		              VARCHAR(100),
    EUI64  		            VARCHAR(100),
    MODIFIED_EUI64  	    VARCHAR(100),
    SUBSCRIBERLEVELMETERING   VARCHAR(10) DEFAULT 'DISABLE',
    STATUS                VARCHAR(24),
    PASSWORD_CHECK        VARCHAR(5) DEFAULT 'false',
    SY_INTERFACE          VARCHAR(5) DEFAULT 'true',
    CALLING_STATION_ID    VARCHAR(253),
    FRAMED_IP             VARCHAR(20),
    NAS_PORT_ID           VARCHAR(50),
    PARAM1   	            VARCHAR(10),
    PARAM2  	            VARCHAR(10),
    PARAM3   	            VARCHAR(10),
    PARAM4  	            VARCHAR(10),
    PARAM5  	            VARCHAR(10),
    CREATED_DATE        TIMESTAMP,
    MODIFIED_DATE        TIMESTAMP,
    CONSTRAINT PK_SUBSCRIBER PRIMARY KEY (SUBSCRIBERIDENTITY)
);

----------------------------------------------------------------
--                   SESSION Related Tables                   --
----------------------------------------------------------------

CREATE TABLE TBLM_SESSION (
    CSID                            NUMERIC(12),
    CORESESSIONID                   VARCHAR(255),
    USERIDENTITY                    VARCHAR(50),
    SESSIONID                       VARCHAR(255),
    GATEWAYADDRESS                  VARCHAR(50),
    SESSIONMANAGERID                VARCHAR(50),
    SESSIONIPV4                     VARCHAR(35),
    SESSIONIPV6                     VARCHAR(35),
    ACCESSNETWORK                   VARCHAR(20),
    GATEWAYREALM                    VARCHAR(50),
    SESSIONTYPE                     VARCHAR(20),
    MULTISESSIONID                  VARCHAR(50),
    STARTTIME                       TIMESTAMP,
    LASTUPDATETIME                  TIMESTAMP,
    TIMEZONE                        VARCHAR(35),
    QOSPROFILE   		    		VARCHAR(255),
    ADDONS  			    		VARCHAR(512),
    SUBSCRIBERIDENTITY 		    	VARCHAR(255),
    DATAPACKAGE                     VARCHAR(100),
    IMSPACKAGE                      VARCHAR(100),
    SOURCEGATEWAY 					VARCHAR(64),
    SYSESSIONID                     VARCHAR(255),
    GATEWAYNAME 					VARCHAR(40),
    SYGATEWAYNAME 					VARCHAR(40),
    CONGESTIONSTATUS  				NUMBER (2),
    IMSI                            VARCHAR(50),
    MSISDN                          VARCHAR(50),
    NAI                             VARCHAR(50),                   
    NAIREALM                        VARCHAR(50),          
    NAIUSERNAME                     VARCHAR(50),        
    SIPURL                          VARCHAR(50),
    PCCRULES                        VARCHAR(1000),
    REQUESTEDQOS                    VARCHAR(500),
    SESSIONUSAGE                    VARCHAR(150),
    REQUESTNUMBER                   VARCHAR(10),
    USAGERESERVATION                VARCHAR(1000),
    CHARGINGRULEBASENAMES VARCHAR(1000),
    PACKAGE_USAGE                   VARCHAR(2000),
	CALLINGSTATIONID				VARCHAR(253),
	CALLEDSTATIONID					VARCHAR(253),
	QUOTARESERVATION				VARCHAR(2000),
    PARAM1                          VARCHAR(255),
    PARAM2                          VARCHAR(255),
    PARAM3                          VARCHAR(255),
    PARAM4                          VARCHAR(255),
    PARAM5                          VARCHAR(255)
   );
   
COMMENT ON COLUMN TBLM_SESSION.CALLINGSTATIONID IS 'This column stores caller party address that can be MAC Address or  Access Point Name value or MSISDN with country code.';
COMMENT ON COLUMN TBLM_SESSION.CALLEDSTATIONID IS  'This column stores called party address that can be MAC Address or  Access Point Name value or MSISDN with country code.';
COMMENT ON COLUMN TBLM_SESSION.QUOTARESERVATION IS 'This column stores key value mapping of quota reserved for a current session. This value contains Subscription, Service, Rating Group wise service units reserved';
   
CREATE TABLE TBLM_SUB_SESSION (
	SRID                        NUMERIC(12,0),
	SESSIONID                   VARCHAR(255),
	GATEWAYADDRESS 				VARCHAR(64),
	AFSESSIONID             	VARCHAR(255),
  	MEDIATYPE                   VARCHAR(36),
	PCCRULE                     VARCHAR(255),
	MEDIACOMPONENTNUMBER        VARCHAR(9),
	FLOWNUMBER        			VARCHAR(9),
	UPLINKFLOW					VARCHAR(255),
	DOWNLINKFLOW				VARCHAR(255),
	STARTTIME                   TIMESTAMP,
  	LASTUPDATETIME              TIMESTAMP,
	ADDITIONAL_PARAMETER VARCHAR(4000)
);

CREATE TABLE TBLMSESSIONCONFIGURATION(
    SESSIONCONFID               NUMERIC(12,0),
    DATASOURCEID                NUMERIC(20,0),
    SECONDARYDATASOURCEID       NUMERIC(20),
    BATCHUPDATE                 VARCHAR(8) DEFAULT 'false',
    BATCHSIZE                   NUMERIC,
    BATCHUPDATEINTERVAL		    NUMERIC,
    DBQUERYTIMEOUT		        NUMERIC,
    MODIFIEDDATE		        TIMESTAMP,
    MODIFIEDBYSTAFFID		    NUMERIC,
    CLIENTIP 			        VARCHAR(64),
    DBSCANINTERVAL		        NUMERIC DEFAULT 0,	
    CONSTRAINT PK_MSESSIONCONFIGURATION PRIMARY KEY (SESSIONCONFID),
    CONSTRAINT FK1_MSESSIONCONFIGURATION FOREIGN KEY (MODIFIEDBYSTAFFID) REFERENCES TBLMSTAFF (STAFFID),
    CONSTRAINT FK2_MSESSIONCONFIGURATION FOREIGN KEY (DATASOURCEID) REFERENCES TBLMDATABASEDS (DATABASEDSID),
    CONSTRAINT FK3_MSESSIONCONFIGURATION FOREIGN KEY (SECONDARYDATASOURCEID) REFERENCES TBLMDATABASEDS (DATABASEDSID)
);

CREATE TABLE TBLMSESSIONFIELDMAPPING(
    CORESESSFIELDMAPID          NUMERIC(12,0),
    REFERRINGATTR               VARCHAR(40),
    FIELDNAME                   VARCHAR(20),
    DATATYPE                    NUMERIC(1),
    TYPE                        VARCHAR(15),
    SESSIONCONFID               NUMERIC(20,0),
    CONSTRAINT PK_MSESSIONFIELDMAPPING PRIMARY KEY (CORESESSFIELDMAPID),
    CONSTRAINT FK1_MSESSIONFIELDMAPPING FOREIGN KEY (SESSIONCONFID) REFERENCES TBLMSESSIONCONFIGURATION (SESSIONCONFID)
);

--  TBLS ALERT LISTENER TYPE  --

CREATE TABLE TBLSALERTLISTENERTYPE(
    TYPEID CHAR(7),
    TYPENAME VARCHAR(60),
    CONSTRAINT PK_SALERTLISTENERTYPE PRIMARY KEY (TYPEID)
);

--  TBLM ALERT LISTENER INSTANCE  -- 

CREATE TABLE TBLMALERTLISTENERINSTANCE(
      INSTANCEID              NUMERIC(20),
      NAME                    VARCHAR(60),
      TYPEID                  CHAR(7),
      ENABALED                CHAR(1)      DEFAULT 'Y',
      CREATEDDATE			  TIMESTAMP,
	  CREATEDBYSTAFFID	  	  NUMERIC,
	  MODIFIEDDATE		  	  TIMESTAMP,
	  MODIFIEDBYSTAFFID	  	  NUMERIC,
	  CLIENTIP 				  VARCHAR(64),
      CONSTRAINT PK_MALERTLISTENERINSTANCE PRIMARY KEY (INSTANCEID),
      CONSTRAINT UK1_MALERTLISTENERINSTANCE UNIQUE (NAME),
      CONSTRAINT FK1_MALERTLISTENERINSTANCE FOREIGN KEY (TYPEID) REFERENCES TBLSALERTLISTENERTYPE (TYPEID),
      CONSTRAINT FK2_MALERTLISTENERINSTANCE FOREIGN KEY (MODIFIEDBYSTAFFID) REFERENCES TBLMSTAFF (STAFFID),
	  CONSTRAINT FK3_MALERTLISTENERINSTANCE FOREIGN KEY (CREATEDBYSTAFFID) REFERENCES TBLMSTAFF (STAFFID)
);

--  TBLS ALERT TYPE --

CREATE TABLE TBLSALERTTYPE(
    ALERTTYPEID               CHAR(8)           NOT NULL,
    PARENTID                  CHAR(8),
    NAME                      VARCHAR(50)       NOT NULL,
    ALIAS                     VARCHAR(50)       NOT NULL,
    ENABLED                   CHAR(1)           DEFAULT 'Y' NOT NULL,
    ORDERNO                   NUMERIC(20),
    TYPE                      CHAR(1)           NOT NULL,
    FLOODCONTROL              CHAR(1)  DEFAULT '0' NOT NULL,
    CONSTRAINT PK_SALERTTYPE PRIMARY KEY (ALERTTYPEID),
    CONSTRAINT FK1_SALERTTYPE FOREIGN KEY (PARENTID) REFERENCES TBLSALERTTYPE(ALERTTYPEID)
);

--TBLM FILE LISTENER  --

CREATE TABLE TBLMFILELISTENER(
    FILELISTNERID             NUMERIC(20),
    FILENAME                  VARCHAR(100),
    INSTANCEID                NUMERIC(20),
    ROLLINGTYPE               NUMERIC(3)         DEFAULT 1        NOT NULL,
    ROLLINGUNIT               NUMERIC(12)        DEFAULT 5        NOT NULL,
    MAXROLLINGUNIT            NUMERIC(12)        DEFAULT 10       NOT NULL,
    COMPROLLINGUNIT           VARCHAR(20)        DEFAULT 'false'  NOT NULL,
    CONSTRAINT PK_MFILELISTENER PRIMARY KEY (FILELISTNERID),
    CONSTRAINT FK1_MFILELISTENER FOREIGN KEY (INSTANCEID) REFERENCES TBLMALERTLISTENERINSTANCE (INSTANCEID)
);

--  TBLM TRAP LISTENER  --

CREATE TABLE TBLMTRAPLISTENER(
    TRAPLISTNERID             NUMERIC(20),
    TRAPSERVER                VARCHAR(100),
    TRAPVERSION               VARCHAR(50),
    COMMUNITY                 VARCHAR(50),
    ADVANCETRAP               VARCHAR(8),
    INSTANCEID                NUMERIC(20),
    SNMPREQUESTTYPE  		  NUMERIC(2,0),
    TIMEOUT 				  NUMERIC(8,0),
    RETRYCOUNT  			  NUMERIC(2,0),
    CONSTRAINT PK_MTRAPLISTENER PRIMARY KEY (TRAPLISTNERID),
    CONSTRAINT FK1_MTRAPLISTENER FOREIGN KEY (INSTANCEID) REFERENCES TBLMALERTLISTENERINSTANCE (INSTANCEID)
);

--  TBLM ALERT LISTENER REL 

CREATE TABLE TBLMALERTLISTENERREL(
    INSTANCEID                NUMERIC(20),
    ALERTTYPEID               CHAR(8),
    FLOODCONTROL              CHAR(1) DEFAULT '0' NOT NULL,
    CONSTRAINT PK_MALERTLISTENERREL PRIMARY KEY (INSTANCEID,ALERTTYPEID),
    CONSTRAINT FK1_MALERTLISTENERREL FOREIGN KEY (INSTANCEID) REFERENCES TBLMALERTLISTENERINSTANCE (INSTANCEID),
    CONSTRAINT FK2_MALERTLISTENERREL FOREIGN KEY (ALERTTYPEID) REFERENCES TBLSALERTTYPE (ALERTTYPEID)
);

CREATE TABLE TBLMSESSIONDBFIELDMAPPING(
    FIELDMAPPINGID      NUMERIC(20,0)        PRIMARY KEY,
    PROFILEID           NUMERIC(10,0),
    DBFIELDNAME         VARCHAR(30),
    POLICYKEY           VARCHAR(30),
    DATATYPE            NUMERIC(10,0),
    DEFAULTVALUE        VARCHAR(30),
    CONSTRAINT FK1_PROFILEID_FOR_MAPPING FOREIGN KEY (PROFILEID) REFERENCES TBLMGATEWAYPROFILE (PROFILEID) ON DELETE CASCADE
);


CREATE TABLE TBLSDEVICETYPE(
    DEVICETYPEID          CHAR(7),
    NAME                  VARCHAR(40),
    CONSTRAINT PK_SDEVICETYPE PRIMARY KEY (DEVICETYPEID)
);

CREATE TABLE TBLSACCESSNETWORK(
    ACCESSNETWORKID       CHAR(7),
    NAME         VARCHAR(40),
    CONSTRAINT PK_SACCESSNETWORK PRIMARY KEY (ACCESSNETWORKID)
);

CREATE TABLE TBLMPCRFSERVICEPOLICY(
    PCRFPOLICYID            NUMERIC(12,0),
    NAME                    VARCHAR(200)NOT NULL,
    DESCRIPTION             VARCHAR(255),
    RULESET                 VARCHAR2(4000),          
    STATUS                  CHAR(5),
    ACTION                  NUMERIC DEFAULT 1,
    IDENTITYATTRIBUTE       VARCHAR(300),
    ISSESSIONMGRENABLED     VARCHAR(5),
    ORDERNUMBER             NUMERIC(10,0),
    UNKNOWNUSERACTION       NUMERIC(1,0),
    PKGID                   VARCHAR(36),
    CREATEDDATE             TIMESTAMP,
    CREATEDBYSTAFFID        NUMERIC,
    MODIFIEDDATE            TIMESTAMP,
    MODIFIEDBYSTAFFID       NUMERIC,
    CLIENTIP                VARCHAR(64),
    SYMODE                  VARCHAR(8)DEFAULT 'PULL', 
    CONSTRAINT PK_MPCRFSERVICEPOLICY PRIMARY KEY (PCRFPOLICYID),
    CONSTRAINT FK2_MPCRFSERVICEPOLICY FOREIGN KEY (MODIFIEDBYSTAFFID) REFERENCES TBLMSTAFF (STAFFID),
    CONSTRAINT FK3_MPCRFSERVICEPOLICY FOREIGN KEY (CREATEDBYSTAFFID) REFERENCES TBLMSTAFF (STAFFID)
);


CREATE TABLE TBLMPCRFPOLICYCDRDRIVERREL(
    PCRFPOLICYID      NUMERIC(12, 0),
    DRIVERINSTANCEID  NUMERIC(12, 0),
    WEIGHTAGE	      NUMERIC(3) default 1 NOT NULL,
    CONSTRAINT PK_MPCRFPOLICYCDRDRIVERREL PRIMARY KEY (PCRFPOLICYID, DRIVERINSTANCEID),
    CONSTRAINT FK1_MPCRFPOLICYCDRDRIVERREL FOREIGN KEY (PCRFPOLICYID) REFERENCES TBLMPCRFSERVICEPOLICY (PCRFPOLICYID),
    CONSTRAINT FK2_MPCRFPOLICYCDRDRIVERREL FOREIGN KEY (DRIVERINSTANCEID) REFERENCES TBLMDRIVERINSTANCE (DRIVERINSTANCEID)
);


-------------------------------------------------------------------
--                   Dictionary related tables                   --
-------------------------------------------------------------------

CREATE TABLE TBLMRADIUSDICTIONARY
(
  DICTIONARYID           NUMERIC(10)           NOT NULL,
  NAME                   VARCHAR(100)       NOT NULL,
  DESCRIPTION            VARCHAR(255),
  MODALNUMBER            VARCHAR(20)       NOT NULL,
  EDITABLE               CHAR(1)           NOT NULL,
  SYSTEMGENERATED        CHAR(1)           NOT NULL,
  DICTIONARYNUMBER       NUMERIC(20)       NOT NULL,
  COMMONSTATUSID         CHAR(5)           NOT NULL,
  LASTMODIFIEDDATE      TIMESTAMP,
  LASTMODIFIEDBYSTAFFID  NUMERIC(20)        NOT NULL,
  CREATEDATE            TIMESTAMP          NOT NULL,
  CREATEDBYSTAFFID       NUMERIC(20)        NOT NULL,
  STATUSCHANGEDDATE     TIMESTAMP,
  VENDORID               NUMERIC(20),
  CONSTRAINT PK_MRADIUSDICTIONARY PRIMARY KEY (DICTIONARYID),
  CONSTRAINT FK1_MRADIUSDICTIONARY FOREIGN KEY (CREATEDBYSTAFFID) REFERENCES TBLMSTAFF (STAFFID),
  CONSTRAINT FK2_MRADIUSDICTIONARY FOREIGN KEY (LASTMODIFIEDBYSTAFFID) REFERENCES TBLMSTAFF (STAFFID)
  );

CREATE TABLE TBLMRADIUSDICPARAMDETAIL
(
  DICTIONARYPARAMETERDETAILID     NUMERIC(12)     NOT NULL,
  PARENTDETAILID		  NUMERIC(12),
  DICTIONARYID                    NUMERIC(10)  	 NOT NULL,
  ALIAS                           VARCHAR(100)	 NOT NULL,
  NAME                            VARCHAR(100)	 NOT NULL,
  VENDORPARAMETERID               NUMERIC(12)	 NOT NULL,
  PREDEFINEDVALUES                VARCHAR(4000),
  RADIUSRFCDICTIONARYPARAMETERID  NUMERIC(20)    NOT NULL,
  DATATYPEID                      CHAR(5) 	 NOT NULL,
  VENDORPARAMETEROVERIDDEN        CHAR(1) 	 NOT NULL,
  DICTIONARYNUMBER                NUMERIC(20)    NOT NULL,
  USAGETYPE                       VARCHAR(20) 	 DEFAULT '-',
  NETWORKFILTERSUPPORT            CHAR(1)  	 DEFAULT 'N',
  AVPAIR 			  VARCHAR(3)     DEFAULT 'no',
  VENDORID                        NUMERIC(20)    NOT NULL,
  HASTAG		          VARCHAR(3)	 DEFAULT 'no' NOT NULL,
  IGNORECASE 			  VARCHAR(3)     DEFAULT 'no' NOT NULL,
  ENCRYPTSTANDARD  		  NUMERIC        DEFAULT 0,
  ATTRIBUTEID                     VARCHAR(64)    NOT NULL,
  CONSTRAINT PK_MRADIUSDICPARAMDETAIL PRIMARY KEY (DICTIONARYPARAMETERDETAILID),
  CONSTRAINT FK1_MRADIUSDICPARAMDETAIL FOREIGN KEY (DICTIONARYID) REFERENCES TBLMRADIUSDICTIONARY (DICTIONARYID),
  CONSTRAINT FK2_MRADIUSDICPARAMDETAIL FOREIGN KEY (PARENTDETAILID) REFERENCES TBLMRADIUSDICPARAMDETAIL(DICTIONARYPARAMETERDETAILID) 
);

CREATE TABLE TBLMDIAMETERDICTIONARY
(
  DICTIONARYID           NUMERIC(10)       NOT NULL,
  VENDORNAME             VARCHAR(100)       NOT NULL,
  APPLICATIONNAME        VARCHAR(100)       NOT NULL,
  DESCRIPTION            VARCHAR(255),
  MODALNUMBER            VARCHAR(20)       NOT NULL,
  EDITABLE               CHAR(1)           NOT NULL,
  SYSTEMGENERATED        CHAR(1)           NOT NULL,
  DICTIONARYNUMBER       NUMERIC(20)       NOT NULL,
  COMMONSTATUSID         CHAR(5)           NOT NULL,
  LASTMODIFIEDDATE      TIMESTAMP,
  LASTMODIFIEDBYSTAFFID  NUMERIC(20)       NOT NULL,
  CREATEDATE            TIMESTAMP          NOT NULL,
  CREATEDBYSTAFFID       NUMERIC(20)       NOT NULL,
  STATUSCHANGEDDATE     TIMESTAMP,
  VENDORID               NUMERIC(20),
  APPLICATIONID          NUMERIC(20),
  CONSTRAINT PK_MDIAMETERDICTIONARY PRIMARY KEY (DICTIONARYID),
  CONSTRAINT FK1_MDIAMETERDICTIONARY FOREIGN KEY (CREATEDBYSTAFFID) REFERENCES TBLMSTAFF (STAFFID),
  CONSTRAINT FK2_MDIAMETERDICTIONARY FOREIGN KEY (LASTMODIFIEDBYSTAFFID) REFERENCES TBLMSTAFF (STAFFID)
);

CREATE TABLE TBLMDIAMETERDICPARAMDETAIL
(
  PARAMETERDETAILID    		  NUMERIC(12)     NOT NULL,
  DICTIONARYID                    NUMERIC(10)  	 NOT NULL,
  ALIAS                           VARCHAR(100)	 NOT NULL,
  NAME                            VARCHAR(100)	 NOT NULL,
  VENDORPARAMETERID               NUMERIC(12)	 NOT NULL,
  PREDEFINEDVALUES                VARCHAR(4000),
  DATATYPEID                      CHAR(5) 	 NOT NULL,
  VENDORPARAMETEROVERIDDEN        CHAR(1) 	 NOT NULL,
  DICTIONARYNUMBER                NUMERIC(20)    NOT NULL,
  NETWORKFILTERSUPPORT            CHAR(1)  	 DEFAULT 'N',
  VENDORID                        NUMERIC(20)    NOT NULL,
  DESCRIPTION                     VARCHAR(50),
  ENCRYPTION                      VARCHAR(3)        DEFAULT 'YES',
  MANDATORY                       VARCHAR(3)        DEFAULT 'YES',
  PROTECTED                       VARCHAR(3)        DEFAULT 'YES',
  ATTRIBUTEID                     VARCHAR(64)    NOT NULL,
  CONSTRAINT PK_MDIAMETERDICPARAMDETAIL PRIMARY KEY (PARAMETERDETAILID),
  CONSTRAINT UK1_MDIAMETERDICPARAMDETAIL UNIQUE (NAME),
  CONSTRAINT FK1_MDIAMETERDICPARAMDETAIL FOREIGN KEY (DICTIONARYID) REFERENCES TBLMDIAMETERDICTIONARY (DICTIONARYID)
);

CREATE TABLE TBLMDIAMETERGROUPEDATTRIBUTE
(
  GROUPEDATTRID                   NUMERIC(10)  	 NOT NULL,
  ATTRIBUTERULEID                 NUMERIC(12),      																	
  PARAMETERDETAILID		            NUMERIC(12)    NOT NULL,
  ATTRIBUTEID                     NUMERIC(20)    NOT NULL,
  VENDORID                        NUMERIC(20)    NOT NULL,
  NAME                            VARCHAR(100)   NOT NULL,       
  MAXIMUM 			      		        CHAR(2) 	     NOT NULL,																					
  MINIMUM 			      		        CHAR(2) 	     NOT NULL,
  DIAMETERDICID                   NUMERIC(10)  	 NOT NULL,
  GROUPEDATTRIBUTETYPE		      	CHAR(1) 	     NOT NULL,																					
  CONSTRAINT PK_MDIAMETERGROUPEDATTRIBUTE  	 PRIMARY KEY (GROUPEDATTRID),
  CONSTRAINT FK1_MDIAMETERGROUPEDATTRIBUTE 	 FOREIGN KEY (PARAMETERDETAILID) REFERENCES TBLMDIAMETERDICPARAMDETAIL (PARAMETERDETAILID),
  CONSTRAINT FK2_MDIAMETERGROUPEDATTRIBUTE 	 FOREIGN KEY (ATTRIBUTERULEID) REFERENCES TBLMDIAMETERDICPARAMDETAIL (PARAMETERDETAILID)
);


------------------------------------------------------------------
--- SPR
------------------------------------------------------------------
CREATE TABLE TBLM_SPR(
ID                  VARCHAR(36),
NAME             VARCHAR2(50) NOT NULL,
DESCRIPTION         VARCHAR2(250),
DATABASE_DS_ID        NUMERIC(12,0) NOT NULL,
DRIVER_INSTANCE_ID    NUMERIC(20),
BATCH_SIZE           NUMERIC(12,0) DEFAULT 100,
ALTERNATE_ID_FIELD  VARCHAR(255),
GROUPS              VARCHAR(400),
CREATED_DATE         TIMESTAMP,
CREATED_BY_STAFF_ID    NUMERIC,
MODIFIED_DATE        TIMESTAMP,
MODIFIED_BY_STAFF_ID   NUMERIC,
CLIENT_IP            VARCHAR(64),
CONSTRAINT PK_MSPR PRIMARY KEY(ID),
CONSTRAINT FK1_MSPR FOREIGN KEY(DATABASE_DS_ID) REFERENCES TBLMDATABASEDS(DATABASEDSID),
CONSTRAINT FK2_MSPR FOREIGN KEY(DRIVER_INSTANCE_ID) REFERENCES TBLMDRIVERINSTANCE(DRIVERINSTANCEID),
CONSTRAINT FK3_MSPR FOREIGN KEY (MODIFIED_BY_STAFF_ID) REFERENCES TBLMSTAFF (STAFFID),
CONSTRAINT FK4_MSPR FOREIGN KEY (CREATED_BY_STAFF_ID) REFERENCES TBLMSTAFF (STAFFID)
);

CREATE TABLE TBLM_ALTERNATE_IDENTITY (
    SUBSCRIBER_ID VARCHAR(255) NOT NULL UNIQUE,
    ALTERNATE_ID VARCHAR(255) NOT NULL UNIQUE
);
--//FIXME required to remove these two tables or not -- ishani.bhatt
-----------------------------------------------------
--  Event Category Table
-----------------------------------------------------

CREATE TABLE TBLSEVENTCATEGORY(
	EVENTCATEGORYID		CHAR(7) NOT NULL,
	PARENTID		CHAR(7),
	NAME			VARCHAR(256) NOT NULL,
	CONSTRAINT PK_MEVENTCATEGORY PRIMARY KEY (EVENTCATEGORYID)
);

-----------------------------------------------------
--  Event Table
-----------------------------------------------------

CREATE TABLE TBLSEVENT(
	EVENTID			CHAR(7) NOT NULL,
	NAME			VARCHAR(256) NOT NULL,
	ALIAS			VARCHAR(256) NOT NULL,
	EVENTCATEGORYID		CHAR(7),
	CONSTRAINT PK_MEVENT PRIMARY KEY (EVENTID),
	CONSTRAINT FK1_MEVENT FOREIGN KEY (EVENTCATEGORYID) REFERENCES TBLSEVENTCATEGORY (EVENTCATEGORYID)
); 


CREATE TABLE TBLMCISCOPACKAGEMAPPING (
    PACKAGEID NUMERIC NOT NULL,
    NAME VARCHAR(40) NOT NULL,
    CONSTRAINT PK_MCISCOPACKAGEMAPPING PRIMARY KEY (PACKAGEID, NAME)
);


CREATE TABLE TBLMBICEATEMPLATE (
    BICEAID               NUMERIC(10) NOT NULL,
    NAME                  VARCHAR(60),
    DESCRIPTION           VARCHAR(255),
    KEY                   VARCHAR(100),
    CREATEDDATE			  TIMESTAMP,
	CREATEDBYSTAFFID	  NUMERIC,
	MODIFIEDDATE		  TIMESTAMP,
	MODIFIEDBYSTAFFID	  NUMERIC,
	CLIENTIP 			  VARCHAR(64),
    CONSTRAINT PK_MBICEATEMPLATE PRIMARY KEY (BICEAID),
    CONSTRAINT FK1_MBICEATEMPLATE FOREIGN KEY (MODIFIEDBYSTAFFID) REFERENCES TBLMSTAFF (STAFFID),
	CONSTRAINT FK2_MBICEATEMPLATE FOREIGN KEY (CREATEDBYSTAFFID) REFERENCES TBLMSTAFF (STAFFID)
);

CREATE TABLE TBLMBICEASUBKEY (
    SUBKEYID              NUMERIC(10) NOT NULL,
    SUBKEY                VARCHAR(60),
    VALUE                 VARCHAR(60),
    BICEAID               NUMERIC(10),
    CONSTRAINT PK_MBICEASUBKEY PRIMARY KEY (SUBKEYID),
    CONSTRAINT FK1_MBICEASUBKEY FOREIGN KEY (BICEAID) REFERENCES TBLMBICEATEMPLATE (BICEAID)
);


CREATE TABLE TBLMNOTIFICATIONQUEUE(
  NOTIFICATIONID        NUMERIC,
  TOEMAILADDRESS	VARCHAR(256),
  TOSMSADDRESS		VARCHAR(256),
  EMAILSUBJECT		VARCHAR(256),
  EMAILDATA		VARCHAR(4000),
  SMSDATA		VARCHAR(4000),
  EMAILSTATUS		VARCHAR(128),
  SMSSTATUS		VARCHAR(128),
  SOURCEID		VARCHAR(256),
  PCRFRESPONSE  		BLOB,
  SERVERINSTANCEID 	VARCHAR(7),
  VALIDITYDATE 		TIMESTAMP,
  NOTIFICATIONRECIPIENT NUMERIC,
  SUBSCRIBERIDENTITY VARCHAR(256),
  TIMESTAMP         TIMESTAMP,
  CONSTRAINT PK_MNOTIFICATIONQUEUE PRIMARY KEY (NOTIFICATIONID)
);

CREATE TABLE TBLMSPCSVSUMMARY (
    FILENAME              VARCHAR(50),
    STARTTIME             VARCHAR(60),
    SUCCESSCNT            NUMERIC(10),
    ERRORCNT              NUMERIC(10),
    STATUS                VARCHAR(20),
    ENDTIME               VARCHAR(60),
    OPERATION             VARCHAR(20),
    CONSTRAINT PK_MUPLOADSUMMARY PRIMARY KEY (FILENAME,STARTTIME)
);

CREATE TABLE TBLMCSVDRIVER(
    CSVDRIVERID			NUMERIC(20),
    DRIVERINSTANCEID 		NUMERIC(20),
    HEADER 			VARCHAR(5),
    DELIMITER			VARCHAR(5),
    MULTIVALUEDELIMITER		VARCHAR(5),
    CDRTIMESTAMPFORMAT		VARCHAR(128),
    FILENAME			VARCHAR(64),
    FILELOCATION		VARCHAR(512),
    PREFIXFILENAME		VARCHAR(64),
    DEFAULTFOLDERNAME		VARCHAR(64),
    FOLDERNAME			VARCHAR(64),
    FILEROLLINGTYPE		NUMERIC(3),
    ROLLINGUNIT			NUMERIC(12),
    SEQUENCERANGE		VARCHAR(40),	
    SEQUENCEPOSITION		VARCHAR(40),
    SEQUENCEGLOBALIZATION	VARCHAR(8),
    ALLOCATINGPROTOCOL		VARCHAR(16),
    ADDRESS			VARCHAR(255),
    REMOTEFILELOCATION		VARCHAR(512),
    USERNAME			VARCHAR(64),
    PASSWORD			VARCHAR(64),
    POSTOPERATION		VARCHAR(32),
    ARCHIVELOCATION		VARCHAR(255),
    FAILOVERTIME		NUMERIC(10),
    REPORTINGTYPE		VARCHAR(2),
    INPUTOCTETSHEADER		VARCHAR(30),
    OUTPUTOCTETSHEADER		VARCHAR(30),	
    TOTALOCTETSHEADER		VARCHAR(30),
    USAGETIMEHEADER		VARCHAR(30),
    USAGEKEYHEADER		VARCHAR(30),
    CONSTRAINT PK_MCSVDRIVER PRIMARY KEY (CSVDRIVERID),
    CONSTRAINT FK1_MCSVDRIVER FOREIGN KEY  (DRIVERINSTANCEID) REFERENCES TBLMDRIVERINSTANCE(DRIVERINSTANCEID)
);

CREATE TABLE TBLMCSVDRIVERFIELDMAP( 
    FIELDMAPID       NUMERIC(20),
    HEADERFIELD		 VARCHAR(255),
    PCRFKEY			 VARCHAR(255),	
    CSVDRIVERID		 NUMERIC(20),
    ORDERNUMBER      NUMERIC(10),
    CONSTRAINT PK_MCSVDRIVERFIELDMAP PRIMARY KEY (FIELDMAPID),
    CONSTRAINT FK1_MCSVDRIVERFIELDMAP FOREIGN KEY  (CSVDRIVERID)  REFERENCES TBLMCSVDRIVER(CSVDRIVERID)
);

CREATE TABLE TBLMTACDETAIL (
    TACDETAILID NUMERIC,
    TAC       NUMERIC,
    BRAND     VARCHAR(512),
    MODEL     VARCHAR(512),
    HWTYPE    VARCHAR(512),
    OS        VARCHAR(512),
    YEAR      NUMERIC,
    ADDITIONALINFO VARCHAR(64),
    CREATEDDATE			TIMESTAMP,
    CREATEDBYSTAFFID		NUMERIC,
    MODIFIEDDATE		TIMESTAMP,
    MODIFIEDBYSTAFFID		NUMERIC,
    CLIENTIP 			VARCHAR(64),
    CONSTRAINT PK_MTACDETAIL PRIMARY KEY (TACDETAILID),
    CONSTRAINT FK1_MTACDETAIL FOREIGN KEY (CREATEDBYSTAFFID) REFERENCES TBLMSTAFF (STAFFID),
    CONSTRAINT FK2_MTACDETAIL FOREIGN KEY (MODIFIEDBYSTAFFID) REFERENCES TBLMSTAFF (STAFFID),
    CONSTRAINT UK_MTACDETAIL UNIQUE (TAC)
);

CREATE TABLE  TBLMCSVSTRIPMAPPING (
   CSVSTRIPID		NUMERIC(20),
   PCRFKEY   	 	VARCHAR(255),
   PATTERN	 	VARCHAR(8),
   SEPARATOR	 	CHAR(1),
   CSVDRIVERID		NUMERIC(20),
   CONSTRAINT PK_MCSVSTRIPMAPPING PRIMARY KEY (CSVSTRIPID),
   CONSTRAINT FK1_MCSVSTRIPMAPPING  FOREIGN KEY (CSVDRIVERID) REFERENCES TBLMCSVDRIVER (CSVDRIVERID)
);

CREATE TABLE TBLMDBCDRDRIVER(
    DBCDRDRIVERID       	NUMERIC(20),
    DATABASEDSID            	NUMERIC(20),
    DBQUERYTIMEOUT 	 	NUMERIC(16),
    MAXQUERYTIMEOUTCOUNT	NUMERIC(16),
    ISBATCHUPDATE		VARCHAR(8),
    BATCHSIZE			NUMERIC(16),
    BATCHUPDATEINTERVAL		NUMERIC(16),
    QUERYTIMEOUT		NUMERIC(16),
    TABLENAME			VARCHAR(30),
    IDENTITYFIELD		VARCHAR(30),
    SEQUENCENAME		VARCHAR(30),
    STOREALLCDR			VARCHAR(8),
    TIMESTAMPFIELDNAME		VARCHAR(128),
    REPORTINGTYPE		VARCHAR(2),
    SESSIONIDFIELDNAME		VARCHAR(30),
    CREATEDATEFIELDNAME		VARCHAR(30),
    LASTMODIFIEDFIELDNAME	VARCHAR(30),
    INPUTOCTETSFIELDNAME	VARCHAR(30),
    OUTPUTOCTETSFIELDNAME	VARCHAR(30),	
    TOTALOCTETSFIELDNAME	VARCHAR(30),
    USAGETIMEFIELDNAME		VARCHAR(30),
    USAGEKEYFIELDNAME		VARCHAR(30),
    DRIVERINSTANCEID		NUMERIC(20),
    CONSTRAINT PK_MDBCDRDRIVER PRIMARY KEY (DBCDRDRIVERID),
    CONSTRAINT FK1_MDBCDRDRIVER  FOREIGN KEY (DATABASEDSID) REFERENCES TBLMDATABASEDS (DATABASEDSID),
    CONSTRAINT FK2_MDBCDRDRIVER  FOREIGN KEY (DRIVERINSTANCEID) REFERENCES TBLMDRIVERINSTANCE (DRIVERINSTANCEID)
);

CREATE TABLE TBLMDBCDRFIELDMAPPING(
  FIELDMAPPINGID	NUMERIC(20),
  PCRFKEY		VARCHAR(256),	
  DBFIELD		VARCHAR(30),
  DATATYPE		VARCHAR(64),	
  DEFAULTVALUE		VARCHAR(256),
  DBCDRDRIVERID       	NUMERIC(16),
  CONSTRAINT PK_MDBCDRFIELDMAPPING PRIMARY KEY (FIELDMAPPINGID),
  CONSTRAINT FK1_MDBCDRFIELDMAPPING  FOREIGN KEY (DBCDRDRIVERID) REFERENCES TBLMDBCDRDRIVER (DBCDRDRIVERID)
);

CREATE TABLE TBLCDR(
    CDRID          NUMBER(20),
    SESSIONID        VARCHAR2(100),
    USERNAME         VARCHAR2(264),
    FRAMMEDIPADDRESS VARCHAR2(32),
    GATEWAYADDRESS   VARCHAR2(32),
    REQUESTTYPE      VARCHAR2(30),
    SERVICETYPE      VARCHAR2(30),
    MONITORINGKEY    VARCHAR2(64),
    INPUTOCTETS      NUMBER(32),
    OUTPUTOCTETS     NUMBER(32),
    TOTALOCTETS      NUMBER(32),
    USAGETIME        VARCHAR2(64),
    PARAM1           VARCHAR2(64),
    PARAM2           VARCHAR2(64),
    PARAM3           VARCHAR2(64),
    PARAM4           VARCHAR2(64),
    PARAM5           VARCHAR2(64),
    CREATEDATE 	     TIMESTAMP (6),
    LASTMODIFIEDDATE TIMESTAMP (6),
    TIMESTAMP 	     TIMESTAMP (6)
);


CREATE TABLE TBLSCOUNTRY(
    COUNTRYID    NUMBER(8),
    NAME    	 VARCHAR(64) NOT NULL,
    CODE 	 VARCHAR2(10) NOT NULL,
    CONSTRAINT PK_SCOUNTRY PRIMARY KEY (COUNTRYID)
);

CREATE TABLE TBLSCOUNTRYMCCREL
    (
      COUNTRYID NUMBER (8),
      MCC       NUMBER (3),
      CONSTRAINT FK_MCOUNTRYMCCREL FOREIGN KEY(COUNTRYID) REFERENCES TBLSCOUNTRY (COUNTRYID),
      CONSTRAINT UK_MCOUNTRYMCCREL UNIQUE (COUNTRYID,MCC)
    );

 CREATE TABLE TBLMREGION
    (
      REGIONID  NUMBER (8),
      REGIONNAME VARCHAR2(64),
      COUNTRYID  NUMBER (8),
      CONSTRAINT PK_MREGION PRIMARY KEY (REGIONID),
      CONSTRAINT FK_MREGION FOREIGN KEY (COUNTRYID)REFERENCES TBLSCOUNTRY (COUNTRYID)
    );
    
CREATE TABLE TBLMCITY
    (
      CITYID   NUMBER (8),
      CITYNAME VARCHAR2(64),
      REGIONID NUMBER (8),
      CONSTRAINT PK_MCITY PRIMARY KEY (CITYID),
      CONSTRAINT FK_MCITY FOREIGN KEY (REGIONID)REFERENCES TBLMREGION(REGIONID)
    );    

    
CREATE TABLE TBLSBRAND(
    BRANDID    NUMBER(8),
    NAME    	  VARCHAR(64) NOT NULL,
    CONSTRAINT PK_SBRAND PRIMARY KEY (BRANDID)
);

CREATE TABLE TBLSOPERATOR(
    OPERATORID    NUMBER(8),
    NAME    	  VARCHAR(64) NOT NULL,
    CONSTRAINT PK_SOPEARTOR PRIMARY KEY (OPERATORID)
);

CREATE TABLE TBLSBRANDOPERATORREL(
    BRANDID       NUMBER(38) NOT NULL,
    OPERATORID    NUMBER(8) NOT NULL,
    CONSTRAINT PK_SBRANDOPERATORREL PRIMARY KEY (BRANDID,OPERATORID),
    CONSTRAINT FK1_SOPEARTOR FOREIGN KEY (OPERATORID)  REFERENCES TBLSOPERATOR (OPERATORID),
    CONSTRAINT FK2_SBRAND FOREIGN KEY (BRANDID)  REFERENCES TBLSBRAND (BRANDID)
);

CREATE TABLE TBLMNETWORK(
    NETWORKID   NUMBER(8),
    BRANDID		NUMBER(8) ,
    OPERATORID 	NUMBER(8) ,
    NETWORKNAME VARCHAR(64) NOT NULL,
    TECHNOLOGY  VARCHAR(64),
    COUNTRYID   NUMBER(8),
    MCC         NUMBER(3),
    MNC         NUMBER(3),
    CONSTRAINT PK_MNETWORK PRIMARY KEY (NETWORKID),
    CONSTRAINT FK1_MNETWORK FOREIGN KEY (OPERATORID) REFERENCES TBLSOPERATOR (OPERATORID),
    CONSTRAINT FK2_MNETWORK FOREIGN KEY (COUNTRYID) REFERENCES TBLSCOUNTRY (COUNTRYID),
    CONSTRAINT FK3_MNETWORK FOREIGN KEY (BRANDID) REFERENCES TBLSBRAND (BRANDID)		
);

CREATE TABLE TBLMMCCMNCGROUP(
    MCCMNCGROUPID NUMBER(8),
    NAME          VARCHAR(64) NOT NULL,
    DESCRIPTION   VARCHAR(255),
    BRANDID    NUMBER(8) NOT NULL,
    CONSTRAINT PK_MMCCMNCGROUP PRIMARY KEY (MCCMNCGROUPID),
    CONSTRAINT FK_MMCCMNCGROUP FOREIGN KEY (BRANDID) REFERENCES TBLSBRAND (BRANDID),	
    CONSTRAINT UK_MMCCMNCGROUP UNIQUE (NAME)
);

CREATE TABLE TBLMMCCMNCCODEGROUPREL(
    MCCMNCGROUPID NUMBER(8,0),
    NETWORKID      NUMBER(8,0),
    CONSTRAINT UK_MMCCMNCCODEGROUPREL UNIQUE (NETWORKID),
    CONSTRAINT FK1_MMCCMNCCODEGROUPREL FOREIGN KEY (MCCMNCGROUPID) REFERENCES TBLMMCCMNCGROUP(MCCMNCGROUPID),
    CONSTRAINT FK2_MMCCMNCCODEGROUPREL FOREIGN KEY (NETWORKID) REFERENCES TBLMNETWORK (NETWORKID)
);

CREATE TABLE TBLMAREA
    (
      AREAID  NUMBER (8),
      AREA		  VARCHAR (64),
      CITYID      NUMBER (8),
      NETWORKID   NUMBER (8),
      PARAM1      VARCHAR(256),
      PARAM2      VARCHAR(256),
      PARAM3      VARCHAR(256),
      CONGESTIONSTATUS NUMBER(2),
      CONSTRAINT PK_MAREA PRIMARY KEY (AREAID),
      CONSTRAINT FK_MAREA FOREIGN KEY (CITYID) REFERENCES TBLMCITY (CITYID),
      CONSTRAINT FK1_MAREA FOREIGN KEY (NETWORKID) REFERENCES TBLMNETWORK (NETWORKID)
    );

CREATE TABLE TBLMLACINFO
    (
      LACINFOID NUMBER(8),
      LAC       NUMBER(6),
      CI_LIST   VARCHAR2(4000),
      RAC_LIST  VARCHAR2(4000),
      SAC_LIST  VARCHAR2(4000),
      NETWORKID NUMBER(8),
      CONSTRAINT PK_MLAC PRIMARY KEY (LACINFOID),
      CONSTRAINT FK2_MLAC FOREIGN KEY (NETWORKID) REFERENCES TBLMNETWORK(NETWORKID)
    );    

CREATE TABLE TBLMLACAREAREL
    (
      LACINFOID        NUMBER(8),
      AREAID       NUMBER(8),
      CONSTRAINT FK1_MAREAREL FOREIGN KEY (AREAID) REFERENCES TBLMAREA(AREAID),
      CONSTRAINT FK2_MAREAREL FOREIGN KEY (LACINFOID) REFERENCES TBLMLACINFO(LACINFOID)
    );

 CREATE TABLE TBLMWIFISSIDINFO
    (
      WIFISSIDINFO_ID NUMBER(8),
      SSID_LIST       VARCHAR2(4000),
      AREAID      NUMBER(8),
      CONSTRAINT PK_MWIFISSIDINFO PRIMARY KEY (WIFISSIDINFO_ID),
      CONSTRAINT FK1_MWIFISSIDINFO FOREIGN KEY (AREAID) REFERENCES TBLMAREA(AREAID)
    );


  CREATE TABLE TBLMCALLINGSTATIONIDINFO
    (
      CSID                  NUMBER(8),
      CALLINGSTATIONID_LIST VARCHAR2(256),
      AREAID            NUMBER(8),
      CONSTRAINT PK_MCALLINGSTATIONID PRIMARY KEY(CSID),
      CONSTRAINT FK_MCALLINGSTATIONID FOREIGN KEY (AREAID) REFERENCES TBLMAREA(AREAID)
     );
   



CREATE TABLE TBLMROUTINGENTRY(
     ROUTINGID      NUMBER(8,0),
     NAME           VARCHAR2(64 BYTE) NOT NULL ENABLE,
     MCCMNCGROUPID  NUMBER(8,0),
     ROAMING        VARCHAR2(8 BYTE),
     ACTION         NUMBER(2,0) NOT NULL ENABLE,
     REALMCONDITION VARCHAR2(255 BYTE),
     TYPE           VARCHAR2(10 BYTE),
     ORDERNUMBER             NUMERIC(10,0),
     CONSTRAINT PK_ROUTINGENTRY PRIMARY KEY (ROUTINGID),
     CONSTRAINT UK1_ROUTINGENTRY UNIQUE (NAME),
     CONSTRAINT FK1_ROUTINGENTRY FOREIGN KEY (MCCMNCGROUPID) REFERENCES TBLMMCCMNCGROUP (MCCMNCGROUPID)
);


   
CREATE TABLE TBLMROUTINGENTRYGATEWAYREL(
     ROUTINGID NUMBER(20,0),
     GATEWAYID NUMBER(12,0) NOT NULL ENABLE,
     WEIGHTAGE NUMBER(2,0) NOT NULL ENABLE,
     CONSTRAINT FK1_ROUTINGENTRYGATEWAYREL FOREIGN KEY (ROUTINGID) REFERENCES TBLMROUTINGENTRY (ROUTINGID),
     CONSTRAINT FK2_ROUTINGENTRYGATEWAYREL FOREIGN KEY (GATEWAYID) REFERENCES TBLMGATEWAY (GATEWAYID)
);

CREATE TABLE TBLMGATEWAYGROOVYSCRIPT(
    GWGROOVYSCRIPTID	    NUMERIC(12),	
    PROFILEID               NUMERIC(12),
    ORDERNO     	    	NUMERIC(4),
    SCRIPTNAME  	    	VARCHAR(2048),
    ARGUMENT  	    	    VARCHAR(2048),
    CONSTRAINT PK_MGATEWAYGROOVYSCRIPT PRIMARY KEY (GWGROOVYSCRIPTID),
    CONSTRAINT FK1_MGATEWAYGROOVYSCRIPT FOREIGN KEY (PROFILEID) REFERENCES TBLMGATEWAYPROFILE(PROFILEID)
);

CREATE TABLE TBLMCUSTOMIZEDMENU(
	CUSTOMIZEDMENUID 	NUMERIC(10),                                                               
	TITLE   			VARCHAR(255),                                                                         
	URL     			VARCHAR(255),
	OPENMETHOD 			VARCHAR(32),	
	PARAMS   			VARCHAR(255),     
	PARENTID 			NUMERIC(5),
	ORDERNO  			NUMERIC(2),
	ISCONTAINER 		VARCHAR(3),
	ENABLE_METADATA		VARCHAR(8)
);

CREATE TABLE TBLMPCRFPOLICYGATEWAYREL(
    PCRFPOLICYID      NUMERIC(12, 0),
    GATEWAYID         NUMERIC(12, 0),
    WEIGHTAGE         NUMERIC(3) default 1 NOT NULL,
    ORDERNO           NUMERIC(4),
    CONSTRAINT PK_MPCRFPOLICYGATEWAYREL PRIMARY KEY (PCRFPOLICYID, GATEWAYID),
    CONSTRAINT FK1_MPCRFPOLICYGATEWAYREL FOREIGN KEY (PCRFPOLICYID) REFERENCES TBLMPCRFSERVICEPOLICY (PCRFPOLICYID),
    CONSTRAINT FK2_MPCRFPOLICYGATEWAYREL FOREIGN KEY (GATEWAYID) REFERENCES TBLMGATEWAY (GATEWAYID)
); 

 -- For DDF parent table
 CREATE TABLE TBLM_DDF_TABLE(
 ID                    VARCHAR(36),
 DEFAULT_SPR_ID        VARCHAR(36),
 STRIP_PREFIXES        VARCHAR(100),
 CREATEDDATE           TIMESTAMP,
 CREATEDBYSTAFFID      NUMERIC,
 MODIFIEDDATE          TIMESTAMP,
 MODIFIEDBYSTAFFID     NUMERIC,
 CLIENTIP              VARCHAR(64),
 CONSTRAINT PK_DDF_TABLE PRIMARY KEY(ID),
 CONSTRAINT FK1_DDF_TABLE FOREIGN KEY (DEFAULT_SPR_ID) REFERENCES TBLM_SPR (ID),
 CONSTRAINT FK2_DDF_TABLE FOREIGN KEY (MODIFIEDBYSTAFFID) REFERENCES TBLMSTAFF (STAFFID),
 CONSTRAINT FK3_DDF_TABLE FOREIGN KEY (CREATEDBYSTAFFID) REFERENCES TBLMSTAFF (STAFFID)
);

-- FOR DDF TO SPR RELATION TABLE

CREATE TABLE TBLM_DDF_SPR_REL(
 ID                    VARCHAR(36),
 IDENTITY_PATTERN      VARCHAR(255),
 SPR_ID                VARCHAR(36),
 ORDER_NO              NUMERIC(4),
 DDF_TABLE_ID          VARCHAR(36),
 CONSTRAINT PK_DDF_SPR_REL PRIMARY KEY(ID),
 CONSTRAINT FK1_DDF_SPR_REL FOREIGN KEY (SPR_ID) REFERENCES TBLM_SPR(ID),
 CONSTRAINT FK2_DDF_SPR_REL FOREIGN KEY (DDF_TABLE_ID) REFERENCES TBLM_DDF_TABLE(ID)
);


CREATE TABLE TBLM_GROUP(
    ID                   VARCHAR(36) NOT NULL,
    NAME                 VARCHAR(50) NOT NULL,
    DESCRIPTION          VARCHAR(255),
	STATUS               VARCHAR(12) DEFAULT 'ACTIVE',
    CREATEDATE           TIMESTAMP   NOT NULL,
    CREATEDBYSTAFFID     NUMERIC(20) NOT NULL,
    LASTMODIFIEDDATE     TIMESTAMP,
    LASTMODIFIEDBYSTAFFID  NUMERIC(20),
    CONSTRAINT PK_GROUP PRIMARY KEY (ID),
    CONSTRAINT FK1_GROUP FOREIGN KEY (CREATEDBYSTAFFID) REFERENCES TBLMSTAFF (STAFFID),
    CONSTRAINT FK2_GROUP FOREIGN KEY (LASTMODIFIEDBYSTAFFID) REFERENCES TBLMSTAFF (STAFFID)
);
COMMENT ON COLUMN TBLM_GROUP.STATUS IS 'Store status i.e. ACTIVE/INACTIVE';

CREATE TABLE TBLM_STAFF_GROUP_ROLE_REL(
    STAFFID    NUMERIC(20),
    GROUPID    VARCHAR(36),
    ROLEID     NUMERIC(20),
    CONSTRAINT PK_STAFFGROUPROLEREL PRIMARY KEY (STAFFID, GROUPID, ROLEID ),
    CONSTRAINT FK1_STAFFGROUPROLEREL FOREIGN KEY (STAFFID)  REFERENCES TBLMSTAFF  (STAFFID),
    CONSTRAINT FK2_STAFFGROUPROLEREL FOREIGN KEY (GROUPID)  REFERENCES TBLM_GROUP  (ID),
    CONSTRAINT FK3_STAFFGROUPROLEREL FOREIGN KEY (ROLEID) REFERENCES TBLMROLE (ROLEID)
);


CREATE TABLE TBLM_ROLE_MODULE_ACTIONS_REL
(
   ROLEID          NUMERIC(20) NOT NULL,
   MODULE_NAME     VARCHAR2(50) NOT NULL,
   ACTIONS         VARCHAR2(255),
   CONSTRAINT PK_ROLE_MODULE_ACTIONS_REL PRIMARY KEY (ROLEID,MODULE_NAME)
);


CREATE TABLE TBLM_PASSWORD_POLICY
(
    PASSWORD_POLICY_ID NUMBER(18),
    PASSWORD_RANGE VARCHAR(6),
    ALPHABET_RANGE NUMBER(2),
    DIGIT_RANGE NUMBER(2),
    SPECIAL_CHAR_RANGE NUMBER(2),
    PROHIBITED_CHARS VARCHAR(50),
    PASSWORD_VALIDITY NUMBER(18),
    HISTORICAL_PASSWORDS NUMBER(2) DEFAULT 1 NOT NULL,
    CHANGE_PWD_ON_FIRST_LOGIN VARCHAR(5) DEFAULT 'True' NOT NULL,
    CONSTRAINT PK_MPASSWORD_POLICY PRIMARY KEY (PASSWORD_POLICY_ID)
); 

INSERT INTO TBLM_PASSWORD_POLICY VALUES(1,'5-50',1,1,1,'$@',180,1,'True');

INSERT INTO TBLMSYSTEMPARAMETER VALUES (29,'Customized Menu Name','CSMName','Customized Menu','N','Name of Customized Menu');

CREATE INDEX IDXUQ_CORESESS_CID ON TBLM_SESSION (CORESESSIONID);

CREATE INDEX IDX_SESSRULE_CID ON TBLM_SUB_SESSION (SESSIONID);


ALTER TABLE TBLM_SESSION INITRANS 100;

ALTER INDEX IDXUQ_CORESESS_CID INITRANS 100;

ALTER TABLE TBLM_SUB_SESSION INITRANS 100;

ALTER INDEX IDX_SESSRULE_CID INITRANS 100;
                  




---------------------------------------------------
--   DATA FOR TABLE TBLMVERSION
---------------------------------------------------

INSERT INTO TBLMVERSION values(seq_tblmversion.nextval,'6.8.2','FULLSETUP','ELITESM',CURRENT_TIMESTAMP);

---------------------------------------------------
--   END DATA FOR TABLE TBLMVERSION
---------------------------------------------------

---------------------------------------------------
--   DATA FOR TABLE TBLSSCREEN
---------------------------------------------------

INSERT INTO TBLSSCREEN (SCREENID,NAME,ALIAS,DESCRIPTION,SYSTEMGENERATED) VALUES('SCR001','Default','DEFAULT','Default','N');

---------------------------------------------------
--   END DATA FOR TABLE TBLSSCREEN
---------------------------------------------------

---------------------------------------------------
--   DATA FOR TABLE TBLSACTIONTYPE
---------------------------------------------------

INSERT INTO TBLSACTIONTYPE (ACTIONTYPEID,ALIAS,NAME,DESCRIPTION,SYSTEMGENERATED) VALUES('ACT00','DEFAULT','Default','Default','Y');

---------------------------------------------------
--   END DATA FOR TABLE TBLSACTIONTYPE
---------------------------------------------------





---------------------------------------------------
--   DATA FOR TABLE TBLMACTION
---------------------------------------------------

INSERT INTO TBLMACTION (ACTIONID,NAME,ALIAS,DESCRIPTION,ACTIONTYPEID,PARENTACTIONID,ACTIONLEVEL,SYSTEMGENERATED,SCREENID,STATUS,FREEZEPROFILE)
 VALUES
('ACN00001','Default','DEFAULT','Default','ACT00',null,1,'N','SCR001','E','E');



INSERT INTO TBLMACTION (ACTIONID,NAME,ALIAS,DESCRIPTION,ACTIONTYPEID,PARENTACTIONID,ACTIONLEVEL,SYSTEMGENERATED,SCREENID,STATUS,FREEZEPROFILE) 
VALUES ('ACN00021','List System Parameter','LIST_SYSTEM_PARAMETER_ACTION','List System Parameter','ACT00','ACN00001',1,'N','SCR001','D','D');

INSERT INTO TBLMACTION (ACTIONID,NAME,ALIAS,DESCRIPTION,ACTIONTYPEID,PARENTACTIONID,ACTIONLEVEL,SYSTEMGENERATED,SCREENID,STATUS,FREEZEPROFILE) 
VALUES ('ACN00022','Create Staff','CREATE_STAFF_ACTION','Create Staff','ACT00','ACN00001',1,'N','SCR001','E','E');

INSERT INTO TBLMACTION (ACTIONID,NAME,ALIAS,DESCRIPTION,ACTIONTYPEID,PARENTACTIONID,ACTIONLEVEL,SYSTEMGENERATED,SCREENID,STATUS,FREEZEPROFILE) 
VALUES ('ACN00023','Search Staff','SEARCH_STAFF_ACTION','Search Staff','ACT00','ACN00001',1,'N','SCR001','E','E');

INSERT INTO TBLMACTION (ACTIONID,NAME,ALIAS,DESCRIPTION,ACTIONTYPEID,PARENTACTIONID,ACTIONLEVEL,SYSTEMGENERATED,SCREENID,STATUS,FREEZEPROFILE) 
VALUES ('ACN00024','Change Staff Status','CHANGE_STAFF_STATUS_ACTION','Change Staff Status','ACT00','ACN00001',1,'N','SCR001','E','E');

INSERT INTO TBLMACTION (ACTIONID,NAME,ALIAS,DESCRIPTION,ACTIONTYPEID,PARENTACTIONID,ACTIONLEVEL,SYSTEMGENERATED,SCREENID,STATUS,FREEZEPROFILE) 
VALUES ('ACN00025','Delete Staff ','DELETE_STAFF_ACTION','Delete Staff','ACT00','ACN00001',1,'N','SCR001','E','E');

INSERT INTO TBLMACTION (ACTIONID,NAME,ALIAS,DESCRIPTION,ACTIONTYPEID,PARENTACTIONID,ACTIONLEVEL,SYSTEMGENERATED,SCREENID,STATUS,FREEZEPROFILE) 
VALUES ('ACN00026','Create Server Instance','CREATE_SERVER_INSTANCE_ACTION','Create Server Instance','ACT00','ACN00001',1,'N','SCR001','E','E');

INSERT INTO TBLMACTION (ACTIONID,NAME,ALIAS,DESCRIPTION,ACTIONTYPEID,PARENTACTIONID,ACTIONLEVEL,SYSTEMGENERATED,SCREENID,STATUS,FREEZEPROFILE) 
VALUES ('ACN00027','Search Server Instance','SEARCH_SERVER_INSTANCE_ACTION','Search Server Instance','ACT00','ACN00001',1,'N','SCR001','D','D');

INSERT INTO TBLMACTION (ACTIONID,NAME,ALIAS,DESCRIPTION,ACTIONTYPEID,PARENTACTIONID,ACTIONLEVEL,SYSTEMGENERATED,SCREENID,STATUS,FREEZEPROFILE) 
VALUES ('ACN00028','Delete Server Instance','DELETE_SERVER_INSTANCE_ACTION','Delete Server Instance','ACT00','ACN00001',1,'N','SCR001','E','E');

INSERT INTO TBLMACTION (ACTIONID,NAME,ALIAS,DESCRIPTION,ACTIONTYPEID,PARENTACTIONID,ACTIONLEVEL,SYSTEMGENERATED,SCREENID,STATUS,FREEZEPROFILE) 
VALUES ('ACN00029','Change Server Instance','CHANGE_SERVER_INSTANCE_ACTION','Change Server Instance','ACT00','ACN00001',1,'N','SCR001','E','E');


INSERT INTO TBLMACTION (ACTIONID,NAME,ALIAS,DESCRIPTION,ACTIONTYPEID,PARENTACTIONID,ACTIONLEVEL,SYSTEMGENERATED,SCREENID,STATUS,FREEZEPROFILE) 
VALUES ('ACN00064','Update Staff','UPDATE_STAFF','Update Staff','ACT00','ACN00001',1,'N','SCR001','D','D');

INSERT INTO TBLMACTION (ACTIONID,NAME,ALIAS,DESCRIPTION,ACTIONTYPEID,PARENTACTIONID,ACTIONLEVEL,SYSTEMGENERATED,SCREENID,STATUS,FREEZEPROFILE) 
VALUES ('ACN00065','View Staff','VIEW_STAFF','View Staff','ACT00','ACN00001',1,'N','SCR001','E','D');

INSERT INTO TBLMACTION (ACTIONID, NAME, ALIAS, DESCRIPTION, ACTIONTYPEID, PARENTACTIONID, ACTIONLEVEL, SYSTEMGENERATED, SCREENID, STATUS, FREEZEPROFILE)
VALUES ('ACN00067', 'Create Role', 'CREATE_ROLE_ACTION', 'Create Role', 'ACT00', 'ACN00001', 1, 'N', 'SCR001', 'E', 'D');

INSERT INTO TBLMACTION (ACTIONID, NAME, ALIAS, DESCRIPTION, ACTIONTYPEID, PARENTACTIONID, ACTIONLEVEL, SYSTEMGENERATED, SCREENID, STATUS, FREEZEPROFILE)
 VALUES ('ACN00068', 'Delete Role', 'DELETE_ROLE_ACTION', 'Delete Role', 'ACT00', 'ACN00001', 1, 'N', 'SCR001', 'E', 'D');

INSERT INTO TBLMACTION (ACTIONID, NAME, ALIAS, DESCRIPTION, ACTIONTYPEID, PARENTACTIONID, ACTIONLEVEL, SYSTEMGENERATED, SCREENID, STATUS, FREEZEPROFILE)
 VALUES ('ACN00069', 'Update Role', 'UPDATE_ROLE_ACTION', 'Update Role', 'ACT00', 'ACN00001', 1, 'N', 'SCR001', 'E', 'D');

INSERT INTO TBLMACTION (ACTIONID,NAME,ALIAS,DESCRIPTION,ACTIONTYPEID,PARENTACTIONID,ACTIONLEVEL,SYSTEMGENERATED,SCREENID,STATUS,FREEZEPROFILE) 
VALUES ('ACN00071','View Server Action','VIEW_SERVER_ACTION','View Server Action','ACT00','ACN00001',1,'N','SCR001','E','D');

INSERT INTO TBLMACTION (ACTIONID,NAME,ALIAS,DESCRIPTION,ACTIONTYPEID,PARENTACTIONID,ACTIONLEVEL,SYSTEMGENERATED,SCREENID,STATUS,FREEZEPROFILE) 
VALUES ('ACN00072','Upload Licence Action','UPLOAD_LICENCE_ACTION','Upload Licence Action','ACT00','ACN00001',1,'N','SCR001','D','D');

INSERT INTO TBLMACTION (ACTIONID,NAME,ALIAS,DESCRIPTION,ACTIONTYPEID,PARENTACTIONID,ACTIONLEVEL,SYSTEMGENERATED,SCREENID,STATUS,FREEZEPROFILE) 
VALUES ('ACN00073','Update Server Action','UPDATE_SERVER_ACTION','Update Server Action','ACT00','ACN00001',1,'N','SCR001','E','D');

INSERT INTO TBLMACTION (ACTIONID,NAME,ALIAS,DESCRIPTION,ACTIONTYPEID,PARENTACTIONID,ACTIONLEVEL,SYSTEMGENERATED,SCREENID,STATUS,FREEZEPROFILE) 
VALUES ('ACN00074','Synchronize Server Action','SYNCHRONIZE_SERVER_ACTION','Synchronize Server Action','ACT00','ACN00001',1,'N','SCR001','D','D');

INSERT INTO TBLMACTION (ACTIONID,NAME,ALIAS,DESCRIPTION,ACTIONTYPEID,PARENTACTIONID,ACTIONLEVEL,SYSTEMGENERATED,SCREENID,STATUS,FREEZEPROFILE) 
VALUES ('ACN00075','Start Net Server Action','START_NET_SERVER_ACTION','Start Net Server Action','ACT00','ACN00001',1,'N','SCR001','E','D');

INSERT INTO TBLMACTION (ACTIONID,NAME,ALIAS,DESCRIPTION,ACTIONTYPEID,PARENTACTIONID,ACTIONLEVEL,SYSTEMGENERATED,SCREENID,STATUS,FREEZEPROFILE) 
VALUES ('ACN00076','Signal Soft Restart Action','SIGNAL_SOFT_RESTART_ACTION','Signal Soft Restart Action','ACT00','ACN00001',1,'N','SCR001','E','D');

INSERT INTO TBLMACTION (ACTIONID,NAME,ALIAS,DESCRIPTION,ACTIONTYPEID,PARENTACTIONID,ACTIONLEVEL,SYSTEMGENERATED,SCREENID,STATUS,FREEZEPROFILE) 
VALUES ('ACN00077','Signal Service Startup Action','SIGNAL_SERVICE_STARTUP_ACTION','Signal Service Startup Action','ACT00','ACN00001',1,'N','SCR001','D','D');

INSERT INTO TBLMACTION (ACTIONID,NAME,ALIAS,DESCRIPTION,ACTIONTYPEID,PARENTACTIONID,ACTIONLEVEL,SYSTEMGENERATED,SCREENID,STATUS,FREEZEPROFILE) 
VALUES ('ACN00078','Signal Service Shutdown Action','SIGNAL_SERVICE_SHUTDOWN_ACTION','Signal Service Shutdown Action','ACT00','ACN00001',1,'N','SCR001','D','D');

INSERT INTO TBLMACTION (ACTIONID,NAME,ALIAS,DESCRIPTION,ACTIONTYPEID,PARENTACTIONID,ACTIONLEVEL,SYSTEMGENERATED,SCREENID,STATUS,FREEZEPROFILE) 
VALUES ('ACN00079','Signal Server Shutdown Action','SIGNAL_SERVER_SHUTDOWN_ACTION','Signal Server Shutdown Action','ACT00','ACN00001',1,'N','SCR001','E','D');

INSERT INTO TBLMACTION (ACTIONID,NAME,ALIAS,DESCRIPTION,ACTIONTYPEID,PARENTACTIONID,ACTIONLEVEL,SYSTEMGENERATED,SCREENID,STATUS,FREEZEPROFILE) 
VALUES ('ACN00080','Signal Server Reload Cache Action','SIGNAL_SERVER_RELOAD_CACHE_ACTION','Signal Server Reload Cache Action','ACT00','ACN00001',1,'N','SCR001','E','D');

INSERT INTO TBLMACTION (ACTIONID,NAME,ALIAS,DESCRIPTION,ACTIONTYPEID,PARENTACTIONID,ACTIONLEVEL,SYSTEMGENERATED,SCREENID,STATUS,FREEZEPROFILE) 
VALUES ('ACN00081','Signal Server Reload Configuration Action','SIGNAL_SERVER_RELOAD_CONFIGURATION_ACTION','Signal Server Reload Configuration Action','ACT00','ACN00001',1,'N','SCR001','E','D');

INSERT INTO TBLMACTION (ACTIONID,NAME,ALIAS,DESCRIPTION,ACTIONTYPEID,PARENTACTIONID,ACTIONLEVEL,SYSTEMGENERATED,SCREENID,STATUS,FREEZEPROFILE) 
VALUES ('ACN00082','Server Environment Action','SERVER_ENVIRONMENT_ACTION','Server Environment Action','ACT00','ACN00001',1,'N','SCR001','D','D');


INSERT INTO TBLMACTION (ACTIONID,NAME,ALIAS,DESCRIPTION,ACTIONTYPEID,PARENTACTIONID,ACTIONLEVEL,SYSTEMGENERATED,SCREENID,STATUS,FREEZEPROFILE) 
VALUES ('ACN00084','Export Server Action','EXPORT_SERVER_ACTION','Export Server Action','ACT00','ACN00001',1,'N','SCR001','E','D');

INSERT INTO TBLMACTION (ACTIONID,NAME,ALIAS,DESCRIPTION,ACTIONTYPEID,PARENTACTIONID,ACTIONLEVEL,SYSTEMGENERATED,SCREENID,STATUS,FREEZEPROFILE) 
VALUES ('ACN00085','Import Server Action','IMPORT_SERVER_ACTION','Import Server Action','ACT00','ACN00001',1,'N','SCR001','E','D');

INSERT INTO TBLMACTION (ACTIONID,NAME,ALIAS,DESCRIPTION,ACTIONTYPEID,PARENTACTIONID,ACTIONLEVEL,SYSTEMGENERATED,SCREENID,STATUS,FREEZEPROFILE) 
VALUES ('ACN00086','Export Service Action','EXPORT_SERVICE_ACTION','Export Service Action','ACT00','ACN00001',1,'N','SCR001','E','D');

INSERT INTO TBLMACTION (ACTIONID,NAME,ALIAS,DESCRIPTION,ACTIONTYPEID,PARENTACTIONID,ACTIONLEVEL,SYSTEMGENERATED,SCREENID,STATUS,FREEZEPROFILE) 
VALUES ('ACN00087','Import Service Action','IMPORT_SERVICE_ACTION','Import Service Action','ACT00','ACN00001',1,'N','SCR001','E','D');

INSERT INTO TBLMACTION (ACTIONID,NAME,ALIAS,DESCRIPTION,ACTIONTYPEID,PARENTACTIONID,ACTIONLEVEL,SYSTEMGENERATED,SCREENID,STATUS,FREEZEPROFILE) 
VALUES ('ACN00090','Signal Service Reload Cache Action','SIGNAL_SERVICE_RELOAD_CACHE_ACTION','Signal Service Reload Cache Action','ACT00','ACN00001',1,'N','SCR001','D','D');


INSERT INTO TBLMACTION (ACTIONID,NAME,ALIAS,DESCRIPTION,ACTIONTYPEID,PARENTACTIONID,ACTIONLEVEL,SYSTEMGENERATED,SCREENID,STATUS,FREEZEPROFILE) 
VALUES ('ACN00092','Signal Service Reload Configuration Action','SIGNAL_SERVICE_RELOAD_CONFIGURATION_ACTION','Signal Service Reload Configuration Action','ACT00','ACN00001',1,'N','SCR001','D','D');


INSERT INTO TBLMACTION (ACTIONID,NAME,ALIAS,DESCRIPTION,ACTIONTYPEID,PARENTACTIONID,ACTIONLEVEL,SYSTEMGENERATED,SCREENID,STATUS,FREEZEPROFILE) 
VALUES ('ACN00115','View System Parameter Action','VIEW_SYSTEM_PARAMETER_ACTION','View System Parameter Action','ACT00','ACN00001',1,'N','SCR001','D','D');

INSERT INTO TBLMACTION (ACTIONID,NAME,ALIAS,DESCRIPTION,ACTIONTYPEID,PARENTACTIONID,ACTIONLEVEL,SYSTEMGENERATED,SCREENID,STATUS,FREEZEPROFILE) 
VALUES ('ACN00116','Update System Parameter Action','UPDATE_SYSTEM_PARAMETER_ACTION','Update System Parameter Action','ACT00','ACN00001',1,'N','SCR001','E','E');

INSERT INTO TBLMACTION (ACTIONID,NAME,ALIAS,DESCRIPTION,ACTIONTYPEID,PARENTACTIONID,ACTIONLEVEL,SYSTEMGENERATED,SCREENID,STATUS,FREEZEPROFILE) 
VALUES ('ACN00117','Update Staff Basic Detail Action','UPDATE_STAFF_BASIC_DETAIL_ACTION','Update Staff Basic Detail Action','ACT00','ACN00001',1,'N','SCR001','E','E');

INSERT INTO TBLMACTION (ACTIONID,NAME,ALIAS,DESCRIPTION,ACTIONTYPEID,PARENTACTIONID,ACTIONLEVEL,SYSTEMGENERATED,SCREENID,STATUS,FREEZEPROFILE) 
VALUES ('ACN00118','Update Staff Access Group Action','UPDATE_STAFF_ACCESS_GROUP_ACTION','Update Staff Access Group Action','ACT00','ACN00001',1,'N','SCR001','E','E');

INSERT INTO TBLMACTION (ACTIONID,NAME,ALIAS,DESCRIPTION,ACTIONTYPEID,PARENTACTIONID,ACTIONLEVEL,SYSTEMGENERATED,SCREENID,STATUS,FREEZEPROFILE) 
VALUES ('ACN00119','Update Staff Password Action','UPDATE_STAFF_PASSWORD_ACTION','Update Staff Password Action','ACT00','ACN00001',1,'N','SCR001','E','E');

INSERT INTO TBLMACTION (ACTIONID,NAME,ALIAS,DESCRIPTION,ACTIONTYPEID,PARENTACTIONID,ACTIONLEVEL,SYSTEMGENERATED,SCREENID,STATUS,FREEZEPROFILE) 
VALUES ('ACN00120','Update Staff User Name Action','UPDATE_STAFF_USER_NAME_ACTION','Update Staff User Name Action','ACT00','ACN00001',1,'N','SCR001','E','E');

INSERT INTO TBLMACTION (ACTIONID,NAME,ALIAS,DESCRIPTION,ACTIONTYPEID,PARENTACTIONID,ACTIONLEVEL,SYSTEMGENERATED,SCREENID,STATUS,FREEZEPROFILE) 
VALUES ('ACN00121','Update Staff Status Action','UPDATE_STAFF_STATUS_ACTION','Update Staff Status Action','ACT00','ACN00001',1,'N','SCR001','E','E');

INSERT INTO TBLMACTION (ACTIONID,NAME,ALIAS,DESCRIPTION,ACTIONTYPEID,PARENTACTIONID,ACTIONLEVEL,SYSTEMGENERATED,SCREENID,STATUS,FREEZEPROFILE) 
VALUES ('ACN00122','View Role','VIEW_ROLE_ACTION','View Role','ACT00','ACN00001',1,'N','SCR001','E','E');

INSERT INTO TBLMACTION (ACTIONID,NAME,ALIAS,DESCRIPTION,ACTIONTYPEID,PARENTACTIONID,ACTIONLEVEL,SYSTEMGENERATED,SCREENID,STATUS,FREEZEPROFILE) 
VALUES ('ACN00124','List Net Server Instance Action','LIST_NET_SERVER_INSTANCE_ACTION','List Net Server Instance Action','ACT00','ACN00001',1,'N','SCR001','E','E');

INSERT INTO TBLMACTION (ACTIONID,NAME,ALIAS,DESCRIPTION,ACTIONTYPEID,PARENTACTIONID,ACTIONLEVEL,SYSTEMGENERATED,SCREENID,STATUS,FREEZEPROFILE) 
VALUES ('ACN00125','List Net Server Configuration Action','LIST_NET_SERVER_CONFIGURATION_ACTION','List Net Server Configuration Action','ACT00','ACN00001',1,'N','SCR001','E','E');

INSERT INTO TBLMACTION (ACTIONID,NAME,ALIAS,DESCRIPTION,ACTIONTYPEID,PARENTACTIONID,ACTIONLEVEL,SYSTEMGENERATED,SCREENID,STATUS,FREEZEPROFILE) 
VALUES ('ACN00126','Net Server Restart Action','NET_SERVER_RESTART_ACTION','Net Server Restart Action','ACT00','ACN00001',1,'N','SCR001','E','E');

INSERT INTO TBLMACTION (ACTIONID,NAME,ALIAS,DESCRIPTION,ACTIONTYPEID,PARENTACTIONID,ACTIONLEVEL,SYSTEMGENERATED,SCREENID,STATUS,FREEZEPROFILE) 
VALUES ('ACN00127','List UserFile Datasource Action','LIST_USERFILE_DATASOURCE_ACTION','List UserFile Datasource Action','ACT00','ACN00001',1,'N','SCR001','E','E');

INSERT INTO TBLMACTION (ACTIONID,NAME,ALIAS,DESCRIPTION,ACTIONTYPEID,PARENTACTIONID,ACTIONLEVEL,SYSTEMGENERATED,SCREENID,STATUS,FREEZEPROFILE) 
VALUES ('ACN00128','Synchronize Net Server Configuration Action','SYNCHRONIZE_NET_SERVER_CONFIGURATION_ACTION','Synchronize Net Server Configuration 
Action','ACT00','ACN00001',1,'N','SCR001','E','E');

INSERT INTO TBLMACTION (ACTIONID,NAME,ALIAS,DESCRIPTION,ACTIONTYPEID,PARENTACTIONID,ACTIONLEVEL,SYSTEMGENERATED,SCREENID,STATUS,FREEZEPROFILE) 
VALUES ('ACN00129','Synchronize Back Net Server Configuration Action','SYNCHRONIZE_BACK_NET_SERVER_CONFIGURATION_ACTION','Synchronize Back Net Server Configuration 
Action','ACT00','ACN00001',1,'N','SCR001','E','E');

INSERT INTO TBLMACTION (ACTIONID,NAME,ALIAS,DESCRIPTION,ACTIONTYPEID,PARENTACTIONID,ACTIONLEVEL,SYSTEMGENERATED,SCREENID,STATUS,FREEZEPROFILE) 
VALUES ('ACN00131','View Supported RFC Action','VIEW_SUPPORTED_RFC_ACTION','View Supported RFC Action','ACT00','ACN00001',1,'N','SCR001','E','E');

INSERT INTO TBLMACTION (ACTIONID,NAME,ALIAS,DESCRIPTION,ACTIONTYPEID,PARENTACTIONID,ACTIONLEVEL,SYSTEMGENERATED,SCREENID,STATUS,FREEZEPROFILE) 
VALUES ('ACN00132','View Log Report Action','VIEW_LOG_REPORT_ACTION','View Log Report Action','ACT00','ACN00001',1,'N','SCR001','E','E');

INSERT INTO TBLMACTION (ACTIONID,NAME,ALIAS,DESCRIPTION,ACTIONTYPEID,PARENTACTIONID,ACTIONLEVEL,SYSTEMGENERATED,SCREENID,STATUS,FREEZEPROFILE) 
VALUES ('ACN00133','View Server Live Clients Detail Action','VIEW_SERVER_CLIENTS_DETAIL_ACTION','View Server Live Clients Detail Action','ACT00','ACN00001',1,'N','SCR001','E','E');

INSERT INTO TBLMACTION (ACTIONID,NAME,ALIAS,DESCRIPTION,ACTIONTYPEID,PARENTACTIONID,ACTIONLEVEL,SYSTEMGENERATED,SCREENID,STATUS,FREEZEPROFILE) 
VALUES ('ACN00134','View Server Live Details Action','VIEW_SERVER_DETAIL_ACTION','View Server Live Detail Action','ACT00','ACN00001',1,'N','SCR001','E','E');

INSERT INTO TBLMACTION (ACTIONID,NAME,ALIAS,DESCRIPTION,ACTIONTYPEID,PARENTACTIONID,ACTIONLEVEL,SYSTEMGENERATED,SCREENID,STATUS,FREEZEPROFILE) 
VALUES ('ACN00135','Upload License Action','UPLOAD_LICENSE_ACTION','Upload License Action','ACT00','ACN00001',1,'N','SCR001','E','E');

INSERT INTO TBLMACTION (ACTIONID,NAME,ALIAS,DESCRIPTION,ACTIONTYPEID,PARENTACTIONID,ACTIONLEVEL,SYSTEMGENERATED,SCREENID,STATUS,FREEZEPROFILE) 
VALUES ('ACN00136','Download License Public Key Action','DOWNLOAD_LICENSE_PUBLIC_KEY_ACTION','Download License Public Key Action','ACT00','ACN00001',1,'N','SCR001','E','E');

INSERT INTO TBLMACTION (ACTIONID,NAME,ALIAS,DESCRIPTION,ACTIONTYPEID,PARENTACTIONID,ACTIONLEVEL,SYSTEMGENERATED,SCREENID,STATUS,FREEZEPROFILE) 
VALUES ('ACN00137','Update Net Server Admin Interface Detail Action','UPDATE_NET_SERVER_ADMIN_INTERFACE_DETAIL_ACTION','Update Net Server Admin Interface Detail Action','ACT00','ACN00001',1,'N','SCR001','E','E');

INSERT INTO TBLMACTION (ACTIONID,NAME,ALIAS,DESCRIPTION,ACTIONTYPEID,PARENTACTIONID,ACTIONLEVEL,SYSTEMGENERATED,SCREENID,STATUS,FREEZEPROFILE) 
VALUES ('ACN00138','Remove Net Server Service Instance Action','REMOVE_NET_SERVER_SERVICE_INSTANCE_ACTION','Remove Net Server Service Instance Action','ACT00','ACN00001',1,'N','SCR001','E','E');

INSERT INTO TBLMACTION (ACTIONID,NAME,ALIAS,DESCRIPTION,ACTIONTYPEID,PARENTACTIONID,ACTIONLEVEL,SYSTEMGENERATED,SCREENID,STATUS,FREEZEPROFILE) 
VALUES ('ACN00139','Add Net Server Service Instance Action','ADD_NET_SERVER_SERVICE_INSTANCE_ACTION','Add Net Server Service Instance Action','ACT00','ACN00001',1,'N','SCR001','E','E');

INSERT INTO TBLMACTION (ACTIONID,NAME,ALIAS,DESCRIPTION,ACTIONTYPEID,PARENTACTIONID,ACTIONLEVEL,SYSTEMGENERATED,SCREENID,STATUS,FREEZEPROFILE) 
VALUES ('ACN00140','Update Net Server Instance Basic Detail Action','UPDATE_NET_SERVER_INSTANCE_BASIC_DETAIL_ACTION','Update Net Server Instance Basic Detail Action','ACT00','ACN00001',1,'N','SCR001','E','E');

INSERT INTO TBLMACTION (ACTIONID,NAME,ALIAS,DESCRIPTION,ACTIONTYPEID,PARENTACTIONID,ACTIONLEVEL,SYSTEMGENERATED,SCREENID,STATUS,FREEZEPROFILE) 
VALUES ('ACN00141','Create Userfile Datasource Action','CREATE_USERFILE_DATASOURCE_ACTION','Create Userfile Datasource Action','ACT00','ACN00001',1,'N','SCR001','E','E');

INSERT INTO TBLMACTION (ACTIONID,NAME,ALIAS,DESCRIPTION,ACTIONTYPEID,PARENTACTIONID,ACTIONLEVEL,SYSTEMGENERATED,SCREENID,STATUS,FREEZEPROFILE) 
VALUES ('ACN00142','Delete Userfile Datasource Action','DELETE_USERFILE_DATASOURCE_ACTION','Delete Userfile Datasource Action','ACT00','ACN00001',1,'N','SCR001','D','D');

INSERT INTO TBLMACTION (ACTIONID,NAME,ALIAS,DESCRIPTION,ACTIONTYPEID,PARENTACTIONID,ACTIONLEVEL,SYSTEMGENERATED,SCREENID,STATUS,FREEZEPROFILE) 
VALUES ('ACN00143','Update Net Server Configuration Action','UPDATE_SERVER_CONFIGURATION_ACTION','Update Net Server Configuration Action','ACT00','ACN00001',1,'N','SCR001','D','D');

INSERT INTO TBLMACTION (ACTIONID,NAME,ALIAS,DESCRIPTION,ACTIONTYPEID,PARENTACTIONID,ACTIONLEVEL,SYSTEMGENERATED,SCREENID,STATUS,FREEZEPROFILE) 
VALUES ('ACN00144','Update Net Service Basic Detail Action','UPDATE_SERVICE_BASIC_DETAIL_ACTION','Update Net Service Basic Detail Action','ACT00','ACN00001',1,'N','SCR001','E','E');

INSERT INTO TBLMACTION (ACTIONID,NAME,ALIAS,DESCRIPTION,ACTIONTYPEID,PARENTACTIONID,ACTIONLEVEL,SYSTEMGENERATED,SCREENID,STATUS,FREEZEPROFILE) 
VALUES ('ACN00145','Update Net Service Configuration Action','UPDATE_SERVICE_CONFIGURATION_ACTION','Update Net Service Configuration Action','ACT00','ACN00001',1,'N','SCR001','D','D');

INSERT INTO TBLMACTION (ACTIONID,NAME,ALIAS,DESCRIPTION,ACTIONTYPEID,PARENTACTIONID,ACTIONLEVEL,SYSTEMGENERATED,SCREENID,STATUS,FREEZEPROFILE) 
VALUES ('ACN00146','List Net Service Configuration Action','LIST_SERVICE_CONFIGURATION_ACTION','List Net Service Configuration Action','ACT00','ACN00001',1,'N','SCR001','E','E');

INSERT INTO TBLMACTION (ACTIONID,NAME,ALIAS,DESCRIPTION,ACTIONTYPEID,PARENTACTIONID,ACTIONLEVEL,SYSTEMGENERATED,SCREENID,STATUS,FREEZEPROFILE) 
VALUES ('ACN00147','Synchronize Net Service Configuration Action','SYNCHRONIZE_SERVICE_CONFIGURATION_ACTION','Synchronize Net Service Configuration Action','ACT00','ACN00001',1,'N','SCR001','E','E');

INSERT INTO TBLMACTION (ACTIONID,NAME,ALIAS,DESCRIPTION,ACTIONTYPEID,PARENTACTIONID,ACTIONLEVEL,SYSTEMGENERATED,SCREENID,STATUS,FREEZEPROFILE) 
VALUES ('ACN00148','Synchronize Back Net Service Configuration Action','SYNCHRONIZE_BACK_SERVICE_CONFIGURATION_ACTION','Synchronize Back Net Service Configuration Action','ACT00','ACN00001',1,'N','SCR001','E','E');




INSERT INTO TBLMACTION (ACTIONID,NAME,ALIAS,DESCRIPTION,ACTIONTYPEID,PARENTACTIONID,ACTIONLEVEL,SYSTEMGENERATED,SCREENID,STATUS,FREEZEPROFILE) 
VALUES ('ACN00153','Change Password Action','CHANGE_PASSWORD_ACTION','Change Password Action','ACT00','ACN00001',1,'N','SCR001','E','E');

INSERT INTO TBLMACTION (ACTIONID,NAME,ALIAS,DESCRIPTION,ACTIONTYPEID,PARENTACTIONID,ACTIONLEVEL,SYSTEMGENERATED,SCREENID,STATUS,FREEZEPROFILE) 
VALUES ('ACN00154','List Role','LIST_ROLE_ACTION','List Role','ACT00','ACN00001',1,'N','SCR001','E','E');

INSERT INTO TBLMACTION (ACTIONID,NAME,ALIAS,DESCRIPTION,ACTIONTYPEID,PARENTACTIONID,ACTIONLEVEL,SYSTEMGENERATED,SCREENID,STATUS,FREEZEPROFILE) 
VALUES ('ACN00155','View System Parameters Action','VIEW_SYSTEM_PARAMETERS_ACTION','View System Parameters Action','ACT00','ACN00001',1,'N','SCR001','E','E');

INSERT INTO TBLMACTION (ACTIONID,NAME,ALIAS,DESCRIPTION,ACTIONTYPEID,PARENTACTIONID,ACTIONLEVEL,SYSTEMGENERATED,SCREENID,STATUS,FREEZEPROFILE) 
VALUES ('ACN00157','Manage Live Server Dictionaries Action','MANAGE_LIVE_SERVER_DICTIONARIES_ACTION','Manage Live Server Dictionaries Action','ACT00','ACN00001',1,'N','SCR001','E','E');

INSERT INTO TBLMACTION (ACTIONID,NAME,ALIAS,DESCRIPTION,ACTIONTYPEID,PARENTACTIONID,ACTIONLEVEL,SYSTEMGENERATED,SCREENID,STATUS,FREEZEPROFILE) 
VALUES ('ACN00158','Synchronize Server Version Action','SYNCHRONIZE_SERVER_VERSION_ACTION','Synchronize Server Version Action','ACT00','ACN00001',1,'N','SCR001','D','D');

INSERT INTO TBLMACTION (ACTIONID,NAME,ALIAS,DESCRIPTION,ACTIONTYPEID,PARENTACTIONID,ACTIONLEVEL,SYSTEMGENERATED,SCREENID,STATUS,FREEZEPROFILE) 
VALUES ('ACN00159','View Configured Services Action','VIEW_CONFIGURED_SERVICES_ACTION','View Configured Services Action','ACT00','ACN00001',1,'N','SCR001','E','E');

INSERT INTO TBLMACTION (ACTIONID,NAME,ALIAS,DESCRIPTION,ACTIONTYPEID,PARENTACTIONID,ACTIONLEVEL,SYSTEMGENERATED,SCREENID,STATUS,FREEZEPROFILE) 
VALUES ('ACN00161','Search CDR File Action','SEARCH_CDR_FILE_ACTION','Search CDR File Action','ACT00','ACN00001',1,'N','SCR001','E','E');

INSERT INTO TBLMACTION (ACTIONID,NAME,ALIAS,DESCRIPTION,ACTIONTYPEID,PARENTACTIONID,ACTIONLEVEL,SYSTEMGENERATED,SCREENID,STATUS,FREEZEPROFILE) 
VALUES ('ACN00163','Update Configurations','UPDATE_CONFIGURATION_ACTION','Update Configurations','ACT00','ACN00001',1,'N','SCR001','E','E');

INSERT INTO TBLMACTION (ACTIONID,NAME,ALIAS,DESCRIPTION,ACTIONTYPEID,PARENTACTIONID,ACTIONLEVEL,SYSTEMGENERATED,SCREENID,STATUS,FREEZEPROFILE) 
VALUES ('ACN00164','View Configurations','VIEW_CONFIGURATION_ACTION','View Configurations','ACT00','ACN00001',1,'N','SCR001','E','E');

INSERT INTO TBLMACTION (ACTIONID,NAME,ALIAS,DESCRIPTION,ACTIONTYPEID,PARENTACTIONID,ACTIONLEVEL,SYSTEMGENERATED,SCREENID,STATUS,FREEZEPROFILE) 
VALUES ('ACN00169','Staff Audit','STAFF_AUDIT','Staff Audit','ACT00','ACN00001',1,'N','SCR001','E','E');

INSERT INTO TBLMACTION (ACTIONID,NAME,ALIAS,DESCRIPTION,ACTIONTYPEID,PARENTACTIONID,ACTIONLEVEL,SYSTEMGENERATED,SCREENID,STATUS,FREEZEPROFILE) 
VALUES ('ACN00171','Update Userfile Datasource Action','UPDATE_USERFILE_DATASOURCE_ACTION','Update Userfile Datasource Action','ACT00','ACN00001',1,'N','SCR001','E','E');

INSERT INTO TBLMACTION (ACTIONID,NAME,ALIAS,DESCRIPTION,ACTIONTYPEID,PARENTACTIONID,ACTIONLEVEL,SYSTEMGENERATED,SCREENID,STATUS,FREEZEPROFILE) 
VALUES ('ACN00184','Synchronize Net Dictionary Action','SYNCHRONIZE_NET_DICTIONARY_ACTION','Synchronize Net Dictionary Action','ACT00','ACN00001',1,'N','SCR001','E','E');

INSERT INTO TBLMACTION (ACTIONID,NAME,ALIAS,DESCRIPTION,ACTIONTYPEID,PARENTACTIONID,ACTIONLEVEL,SYSTEMGENERATED,SCREENID,STATUS,FREEZEPROFILE) 
VALUES ('ACN00195','Update Session Manager','UPDATE_SESSION_MANAGER','Update Session Manager','ACT00','ACN00001',1,'N','SCR001','E','E');

INSERT INTO TBLMACTION (ACTIONID,NAME,ALIAS,DESCRIPTION,ACTIONTYPEID,PARENTACTIONID,ACTIONLEVEL,SYSTEMGENERATED,SCREENID,STATUS,FREEZEPROFILE) 
VALUES ('ACN00196','View Session Manager','VIEW_SESSION_MANAGER','View Session Manager','ACT00','ACN00001',1,'N','SCR001','E','E');

INSERT INTO TBLMACTION (ACTIONID,NAME,ALIAS,DESCRIPTION,ACTIONTYPEID,PARENTACTIONID,ACTIONLEVEL,SYSTEMGENERATED,SCREENID,STATUS,FREEZEPROFILE) 
VALUES ('ACN00197','Create Sp Interface','CREATE_SP_INTERFACE','Create Sp Interface','ACT00','ACN00001',1,'N','SCR001','E','E');

INSERT INTO TBLMACTION (ACTIONID,NAME,ALIAS,DESCRIPTION,ACTIONTYPEID,PARENTACTIONID,ACTIONLEVEL,SYSTEMGENERATED,SCREENID,STATUS,FREEZEPROFILE) 
VALUES ('ACN00198','Search Sp Interface','SEARCH_SP_INTERFACE','Search Sp Interface','ACT00','ACN00001',1,'N','SCR001','E','E');

INSERT INTO TBLMACTION (ACTIONID,NAME,ALIAS,DESCRIPTION,ACTIONTYPEID,PARENTACTIONID,ACTIONLEVEL,SYSTEMGENERATED,SCREENID,STATUS,FREEZEPROFILE) 
VALUES ('ACN00199','Update Sp Interface','UPDATE_SP_INTERFACE','Update Sp Interface','ACT00','ACN00001',1,'N','SCR001','E','E');

INSERT INTO TBLMACTION (ACTIONID,NAME,ALIAS,DESCRIPTION,ACTIONTYPEID,PARENTACTIONID,ACTIONLEVEL,SYSTEMGENERATED,SCREENID,STATUS,FREEZEPROFILE) 
VALUES ('ACN00200','View Sp Interface','VIEW_SP_INTERFACE','View Sp Interface','ACT00','ACN00001',1,'N','SCR001','E','E');

INSERT INTO TBLMACTION (ACTIONID,NAME,ALIAS,DESCRIPTION,ACTIONTYPEID,PARENTACTIONID,ACTIONLEVEL,SYSTEMGENERATED,SCREENID,STATUS,FREEZEPROFILE) 
VALUES ('ACN00201','Delete Sp Interface','DELETE_SP_INTERFACE','Delete Sp Interface','ACT00','ACN00001',1,'N','SCR001','E','E');

INSERT INTO TBLMACTION (ACTIONID,NAME,ALIAS,DESCRIPTION,ACTIONTYPEID,PARENTACTIONID,ACTIONLEVEL,SYSTEMGENERATED,SCREENID,STATUS,FREEZEPROFILE) 
VALUES ('ACN00202','Create Alert Listener','CREATE_ALERT_LISTENER','Create Alert Listener','ACT00','ACN00001',1,'N','SCR001','E','E');

INSERT INTO TBLMACTION (ACTIONID,NAME,ALIAS,DESCRIPTION,ACTIONTYPEID,PARENTACTIONID,ACTIONLEVEL,SYSTEMGENERATED,SCREENID,STATUS,FREEZEPROFILE) 
VALUES ('ACN00203','Search Alert Listener','SEARCH_ALERT_LISTENER','Search Alert Listener','ACT00','ACN00001',1,'N','SCR001','E','E');

INSERT INTO TBLMACTION (ACTIONID,NAME,ALIAS,DESCRIPTION,ACTIONTYPEID,PARENTACTIONID,ACTIONLEVEL,SYSTEMGENERATED,SCREENID,STATUS,FREEZEPROFILE) 
VALUES ('ACN00204','Update Alert Listener','UPDATE_ALERT_LISTENER','Update Alert Listener','ACT00','ACN00001',1,'N','SCR001','E','E');

INSERT INTO TBLMACTION (ACTIONID,NAME,ALIAS,DESCRIPTION,ACTIONTYPEID,PARENTACTIONID,ACTIONLEVEL,SYSTEMGENERATED,SCREENID,STATUS,FREEZEPROFILE) 
VALUES ('ACN00205','View Alert Listener','VIEW_ALERT_LISTENER','View Alert Listener','ACT00','ACN00001',1,'N','SCR001','E','E');

INSERT INTO TBLMACTION (ACTIONID,NAME,ALIAS,DESCRIPTION,ACTIONTYPEID,PARENTACTIONID,ACTIONLEVEL,SYSTEMGENERATED,SCREENID,STATUS,FREEZEPROFILE) 
VALUES ('ACN00206','Delete Alert Listener','DELETE_ALERT_LISTENER','Delete Alert Listener','ACT00','ACN00001',1,'N','SCR001','E','E');

INSERT INTO TBLMACTION (ACTIONID,NAME,ALIAS,DESCRIPTION,ACTIONTYPEID,PARENTACTIONID,ACTIONLEVEL,SYSTEMGENERATED,SCREENID,STATUS,FREEZEPROFILE) 
VALUES ('ACN00207','Create PCRF Policy','CREATE_PCRF_POLICY','Create PCRF Policy','ACT00','ACN00001',1,'N','SCR001','E','E');

INSERT INTO TBLMACTION (ACTIONID,NAME,ALIAS,DESCRIPTION,ACTIONTYPEID,PARENTACTIONID,ACTIONLEVEL,SYSTEMGENERATED,SCREENID,STATUS,FREEZEPROFILE) 
VALUES ('ACN00208','Search PCRF Policy','SEARCH_PCRF_POLICY','Search PCRF Policy','ACT00','ACN00001',1,'N','SCR001','E','E');

INSERT INTO TBLMACTION (ACTIONID,NAME,ALIAS,DESCRIPTION,ACTIONTYPEID,PARENTACTIONID,ACTIONLEVEL,SYSTEMGENERATED,SCREENID,STATUS,FREEZEPROFILE) 
VALUES ('ACN00209','Update PCRF Policy','UPDATE_PCRF_POLICY','Update PCRF Policy','ACT00','ACN00001',1,'N','SCR001','E','E');

INSERT INTO TBLMACTION (ACTIONID,NAME,ALIAS,DESCRIPTION,ACTIONTYPEID,PARENTACTIONID,ACTIONLEVEL,SYSTEMGENERATED,SCREENID,STATUS,FREEZEPROFILE) 
VALUES ('ACN00210','Delete PCRF Policy','DELETE_PCRF_POLICY','Delete PCRF Policy','ACT00','ACN00001',1,'N','SCR001','E','E');

INSERT INTO TBLMACTION (ACTIONID,NAME,ALIAS,DESCRIPTION,ACTIONTYPEID,PARENTACTIONID,ACTIONLEVEL,SYSTEMGENERATED,SCREENID,STATUS,FREEZEPROFILE) 
VALUES ('ACN00211','View PCRF Policy','VIEW_PCRF_POLICY','View PCRF Policy','ACT00','ACN00001',1,'N','SCR001','E','E');

INSERT INTO TBLMACTION (ACTIONID,NAME,ALIAS,DESCRIPTION,ACTIONTYPEID,PARENTACTIONID,ACTIONLEVEL,SYSTEMGENERATED,SCREENID,STATUS,FREEZEPROFILE) 
VALUES ('ACN00212','Manage Order PCRF Policy','MANAGE_ORDER_PCRF_POLICY','Manage Order PCRF Policy','ACT00','ACN00001',1,'N','SCR001','E','E');

INSERT INTO TBLMACTION (ACTIONID,NAME,ALIAS,DESCRIPTION,ACTIONTYPEID,PARENTACTIONID,ACTIONLEVEL,SYSTEMGENERATED,SCREENID,STATUS,FREEZEPROFILE) 
VALUES ('ACN00213','Create Gateway','CREATE_GATEWAY','Create Gateway','ACT00','ACN00001',1,'N','SCR001','E','E');

INSERT INTO TBLMACTION (ACTIONID,NAME,ALIAS,DESCRIPTION,ACTIONTYPEID,PARENTACTIONID,ACTIONLEVEL,SYSTEMGENERATED,SCREENID,STATUS,FREEZEPROFILE) 
VALUES ('ACN00214','Search Gateway','SEARCH_GATEWAY','Search Gateway','ACT00','ACN00001',1,'N','SCR001','E','E');

INSERT INTO TBLMACTION (ACTIONID,NAME,ALIAS,DESCRIPTION,ACTIONTYPEID,PARENTACTIONID,ACTIONLEVEL,SYSTEMGENERATED,SCREENID,STATUS,FREEZEPROFILE) 
VALUES ('ACN00215','Update Gateway','UPDATE_GATEWAY','Update Gateway','ACT00','ACN00001',1,'N','SCR001','E','E');

INSERT INTO TBLMACTION (ACTIONID,NAME,ALIAS,DESCRIPTION,ACTIONTYPEID,PARENTACTIONID,ACTIONLEVEL,SYSTEMGENERATED,SCREENID,STATUS,FREEZEPROFILE) 
VALUES ('ACN00216','Delete Gateway','DELETE_GATEWAY','Delete Gateway','ACT00','ACN00001',1,'N','SCR001','E','E');

INSERT INTO TBLMACTION (ACTIONID,NAME,ALIAS,DESCRIPTION,ACTIONTYPEID,PARENTACTIONID,ACTIONLEVEL,SYSTEMGENERATED,SCREENID,STATUS,FREEZEPROFILE) 
VALUES ('ACN00217','View Gateway','VIEW_GATEWAY','View Gateway','ACT00','ACN00001',1,'N','SCR001','E','E');

INSERT INTO TBLMACTION (ACTIONID,NAME,ALIAS,DESCRIPTION,ACTIONTYPEID,PARENTACTIONID,ACTIONLEVEL,SYSTEMGENERATED,SCREENID,STATUS,FREEZEPROFILE) 
VALUES ('ACN00218','Create Gateway Profile','CREATE_GATEWAY_PROFILE','Create Gateway Profile','ACT00','ACN00001',1,'N','SCR001','E','E');

INSERT INTO TBLMACTION (ACTIONID,NAME,ALIAS,DESCRIPTION,ACTIONTYPEID,PARENTACTIONID,ACTIONLEVEL,SYSTEMGENERATED,SCREENID,STATUS,FREEZEPROFILE) 
VALUES ('ACN00219','Search Gateway Profile','SEARCH_GATEWAY_PROFILE','Search Gateway Profile','ACT00','ACN00001',1,'N','SCR001','E','E');

INSERT INTO TBLMACTION (ACTIONID,NAME,ALIAS,DESCRIPTION,ACTIONTYPEID,PARENTACTIONID,ACTIONLEVEL,SYSTEMGENERATED,SCREENID,STATUS,FREEZEPROFILE) 
VALUES ('ACN00220','Update Gateway Profile','UPDATE_GATEWAY_PROFILE','Update Gateway Profile','ACT00','ACN00001',1,'N','SCR001','E','E');

INSERT INTO TBLMACTION (ACTIONID,NAME,ALIAS,DESCRIPTION,ACTIONTYPEID,PARENTACTIONID,ACTIONLEVEL,SYSTEMGENERATED,SCREENID,STATUS,FREEZEPROFILE) 
VALUES ('ACN00221','Delete Gateway Profile','DELETE_GATEWAY_PROFILE','Delete Gateway Profile','ACT00','ACN00001',1,'N','SCR001','E','E');

INSERT INTO TBLMACTION (ACTIONID,NAME,ALIAS,DESCRIPTION,ACTIONTYPEID,PARENTACTIONID,ACTIONLEVEL,SYSTEMGENERATED,SCREENID,STATUS,FREEZEPROFILE) 
VALUES ('ACN00222','View Gateway Profile','VIEW_GATEWAY_PROFILE','View Gateway Profile','ACT00','ACN00001',1,'N','SCR001','E','E');

INSERT INTO TBLMACTION (ACTIONID,NAME,ALIAS,DESCRIPTION,ACTIONTYPEID,PARENTACTIONID,ACTIONLEVEL,SYSTEMGENERATED,SCREENID,STATUS,FREEZEPROFILE) 
VALUES ('ACN00223','Create Packet Mapping','CREATE_PACKET_MAPPING','Create Packet Mapping','ACT00','ACN00001',1,'N','SCR001','E','E');

INSERT INTO TBLMACTION (ACTIONID,NAME,ALIAS,DESCRIPTION,ACTIONTYPEID,PARENTACTIONID,ACTIONLEVEL,SYSTEMGENERATED,SCREENID,STATUS,FREEZEPROFILE) 
VALUES ('ACN00224','Search Packet Mapping','SEARCH_PACKET_MAPPING','Search Packet Mapping','ACT00','ACN00001',1,'N','SCR001','E','E');

INSERT INTO TBLMACTION (ACTIONID,NAME,ALIAS,DESCRIPTION,ACTIONTYPEID,PARENTACTIONID,ACTIONLEVEL,SYSTEMGENERATED,SCREENID,STATUS,FREEZEPROFILE) 
VALUES ('ACN00225','Update Packet Mapping','UPDATE_PACKET_MAPPING','Update Packet Mapping','ACT00','ACN00001',1,'N','SCR001','E','E');

INSERT INTO TBLMACTION (ACTIONID,NAME,ALIAS,DESCRIPTION,ACTIONTYPEID,PARENTACTIONID,ACTIONLEVEL,SYSTEMGENERATED,SCREENID,STATUS,FREEZEPROFILE) 
VALUES ('ACN00226','Delete Packet Mapping','DELETE_PACKET_MAPPING','Delete Packet Mapping','ACT00','ACN00001',1,'N','SCR001','E','E');

INSERT INTO TBLMACTION (ACTIONID,NAME,ALIAS,DESCRIPTION,ACTIONTYPEID,PARENTACTIONID,ACTIONLEVEL,SYSTEMGENERATED,SCREENID,STATUS,FREEZEPROFILE) 
VALUES ('ACN00227','View Packet Mapping','VIEW_PACKET_MAPPING','View Packet Mapping','ACT00','ACN00001',1,'N','SCR001','E','E');

INSERT INTO TBLMACTION (ACTIONID,NAME,ALIAS,DESCRIPTION,ACTIONTYPEID,PARENTACTIONID,ACTIONLEVEL,SYSTEMGENERATED,SCREENID,STATUS,FREEZEPROFILE) 
VALUES ('ACN00291','Create LDAP Datasource','CREATE_LDAP_DATASOURCE','Create LDAP Datasource','ACT00','ACN00001',1,'N','SCR001','E','E');

INSERT INTO TBLMACTION (ACTIONID,NAME,ALIAS,DESCRIPTION,ACTIONTYPEID,PARENTACTIONID,ACTIONLEVEL,SYSTEMGENERATED,SCREENID,STATUS,FREEZEPROFILE) 
VALUES ('ACN00292','Search LDAP Datasource','SEARCH_LDAP_DATASOURCE','Search LDAP Datasource','ACT00','ACN00001',1,'N','SCR001','E','E');

INSERT INTO TBLMACTION (ACTIONID,NAME,ALIAS,DESCRIPTION,ACTIONTYPEID,PARENTACTIONID,ACTIONLEVEL,SYSTEMGENERATED,SCREENID,STATUS,FREEZEPROFILE) 
VALUES ('ACN00293','Update LDAP Datasource','UPDATE_LDAP_DATASOURCE','Update LDAP Datasource','ACT00','ACN00001',1,'N','SCR001','E','E');

INSERT INTO TBLMACTION (ACTIONID,NAME,ALIAS,DESCRIPTION,ACTIONTYPEID,PARENTACTIONID,ACTIONLEVEL,SYSTEMGENERATED,SCREENID,STATUS,FREEZEPROFILE) 
VALUES ('ACN00294','Delete LDAP Datasource','DELETE_LDAP_DATASOURCE','Delete LDAP Datasource','ACT00','ACN00001',1,'N','SCR001','E','E');

INSERT INTO TBLMACTION (ACTIONID,NAME,ALIAS,DESCRIPTION,ACTIONTYPEID,PARENTACTIONID,ACTIONLEVEL,SYSTEMGENERATED,SCREENID,STATUS,FREEZEPROFILE) 
VALUES ('ACN00295','View LDAP Datasource','VIEW_LDAP_DATASOURCE','View LDAP Datasource','ACT00','ACN00001',1,'N','SCR001','E','E');

INSERT INTO TBLMACTION (ACTIONID,NAME,ALIAS,DESCRIPTION,ACTIONTYPEID,PARENTACTIONID,ACTIONLEVEL,SYSTEMGENERATED,SCREENID,STATUS,FREEZEPROFILE) 
VALUES ('ACN00296','Create Database Datasource','CREATE_DATABASE_DATASOURCE','Create Database Datasource','ACT00','ACN00001',1,'N','SCR001','E','E');

INSERT INTO TBLMACTION (ACTIONID,NAME,ALIAS,DESCRIPTION,ACTIONTYPEID,PARENTACTIONID,ACTIONLEVEL,SYSTEMGENERATED,SCREENID,STATUS,FREEZEPROFILE) 
VALUES ('ACN00297','Search Database Datasource','SEARCH_DATABASE_DATASOURCE','Search Database Datasource','ACT00','ACN00001',1,'N','SCR001','E','E');

INSERT INTO TBLMACTION (ACTIONID,NAME,ALIAS,DESCRIPTION,ACTIONTYPEID,PARENTACTIONID,ACTIONLEVEL,SYSTEMGENERATED,SCREENID,STATUS,FREEZEPROFILE) 
VALUES ('ACN00298','Update Database Datasource','UPDATE_DATABASE_DATASOURCE','Update Database Datasource','ACT00','ACN00001',1,'N','SCR001','E','E');

INSERT INTO TBLMACTION (ACTIONID,NAME,ALIAS,DESCRIPTION,ACTIONTYPEID,PARENTACTIONID,ACTIONLEVEL,SYSTEMGENERATED,SCREENID,STATUS,FREEZEPROFILE) 
VALUES ('ACN00299','Delete Database Datasource','DELETE_DATABASE_DATASOURCE','Delete Database Datasource','ACT00','ACN00001',1,'N','SCR001','E','E');

INSERT INTO TBLMACTION (ACTIONID,NAME,ALIAS,DESCRIPTION,ACTIONTYPEID,PARENTACTIONID,ACTIONLEVEL,SYSTEMGENERATED,SCREENID,STATUS,FREEZEPROFILE) 
VALUES ('ACN00300','View Database Datasource','VIEW_DATABASE_DATASOURCE','View Database Datasource','ACT00','ACN00001',1,'N','SCR001','E','E');

INSERT INTO TBLMACTION (ACTIONID,NAME,ALIAS,DESCRIPTION,ACTIONTYPEID,PARENTACTIONID,ACTIONLEVEL,SYSTEMGENERATED,SCREENID,STATUS,FREEZEPROFILE) 
VALUES ('ACN00301','Create BICEA Template','CREATE_BICEA_TEMPLATE','Create BICEA Template','ACT00','ACN00001',1,'N','SCR001','E','E');

INSERT INTO TBLMACTION (ACTIONID,NAME,ALIAS,DESCRIPTION,ACTIONTYPEID,PARENTACTIONID,ACTIONLEVEL,SYSTEMGENERATED,SCREENID,STATUS,FREEZEPROFILE) 
VALUES ('ACN00302','Search BICEA Template','SEARCH_BICEA_TEMPLATE','Search BICEA Template','ACT00','ACN00001',1,'N','SCR001','E','E');

INSERT INTO TBLMACTION (ACTIONID,NAME,ALIAS,DESCRIPTION,ACTIONTYPEID,PARENTACTIONID,ACTIONLEVEL,SYSTEMGENERATED,SCREENID,STATUS,FREEZEPROFILE) 
VALUES ('ACN00303','Update BICEA Template','UPDATE_BICEA_TEMPLATE','Update BICEA Template','ACT00','ACN00001',1,'N','SCR001','E','E');

INSERT INTO TBLMACTION (ACTIONID,NAME,ALIAS,DESCRIPTION,ACTIONTYPEID,PARENTACTIONID,ACTIONLEVEL,SYSTEMGENERATED,SCREENID,STATUS,FREEZEPROFILE) 
VALUES ('ACN00304','Upload BICEA CSV','UPLOAD_BICEA_CSV','Upload BICEA CSV','ACT00','ACN00001',1,'N','SCR001','E','E');

INSERT INTO TBLMACTION (ACTIONID,NAME,ALIAS,DESCRIPTION,ACTIONTYPEID,PARENTACTIONID,ACTIONLEVEL,SYSTEMGENERATED,SCREENID,STATUS,FREEZEPROFILE) 
VALUES ('ACN00305','Delete BICEA Template','DELETE_BICEA_TEMPLATE','Delete BICEA Template','ACT00','ACN00001',1,'N','SCR001','E','E');

INSERT INTO TBLMACTION (ACTIONID,NAME,ALIAS,DESCRIPTION,ACTIONTYPEID,PARENTACTIONID,ACTIONLEVEL,SYSTEMGENERATED,SCREENID,STATUS,FREEZEPROFILE) 
VALUES ('ACN00306','View BICEA Template','VIEW_BICEA_TEMPLATE','View BICEA Template','ACT00','ACN00001',1,'N','SCR001','E','E');

INSERT INTO TBLMACTION (ACTIONID,NAME,ALIAS,DESCRIPTION,ACTIONTYPEID,PARENTACTIONID,ACTIONLEVEL,SYSTEMGENERATED,SCREENID,STATUS,FREEZEPROFILE) 
VALUES ('ACN00312','Create Device Management','CREATE_DEVICE_MANAGEMENT','Create Device Management','ACT00','ACN00001',1,'N','SCR001','E','E');

INSERT INTO TBLMACTION (ACTIONID,NAME,ALIAS,DESCRIPTION,ACTIONTYPEID,PARENTACTIONID,ACTIONLEVEL,SYSTEMGENERATED,SCREENID,STATUS,FREEZEPROFILE) 
VALUES ('ACN00313','Search Device Management','SEARCH_DEVICE_MANAGEMENT','Search Device Management','ACT00','ACN00001',1,'N','SCR001','E','E');

INSERT INTO TBLMACTION (ACTIONID,NAME,ALIAS,DESCRIPTION,ACTIONTYPEID,PARENTACTIONID,ACTIONLEVEL,SYSTEMGENERATED,SCREENID,STATUS,FREEZEPROFILE) 
VALUES ('ACN00314','Update Device Management','UPDATE_DEVICE_MANAGEMENT','Update Device Management','ACT00','ACN00001',1,'N','SCR001','E','E');

INSERT INTO TBLMACTION (ACTIONID,NAME,ALIAS,DESCRIPTION,ACTIONTYPEID,PARENTACTIONID,ACTIONLEVEL,SYSTEMGENERATED,SCREENID,STATUS,FREEZEPROFILE) 
VALUES ('ACN00315','View Device Management','VIEW_DEVICE_MANAGEMENT','View Device Management','ACT00','ACN00001',1,'N','SCR001','E','E');

INSERT INTO TBLMACTION (ACTIONID,NAME,ALIAS,DESCRIPTION,ACTIONTYPEID,PARENTACTIONID,ACTIONLEVEL,SYSTEMGENERATED,SCREENID,STATUS,FREEZEPROFILE) 
VALUES ('ACN00316','Delete Device Management','DELETE_DEVICE_MANAGEMENT','Delete Device Management','ACT00','ACN00001',1,'N','SCR001','E','E');

INSERT INTO TBLMACTION (ACTIONID,NAME,ALIAS,DESCRIPTION,ACTIONTYPEID,PARENTACTIONID,ACTIONLEVEL,SYSTEMGENERATED,SCREENID,STATUS,FREEZEPROFILE) 
VALUES ('ACN00317','Upload Device Management','UPLOAD_DEVICE_MANAGEMENT','Upload Device Management','ACT00','ACN00001',1,'N','SCR001','E','E');
INSERT INTO TBLMACTION (ACTIONID,NAME,ALIAS,DESCRIPTION,ACTIONTYPEID,PARENTACTIONID,ACTIONLEVEL,SYSTEMGENERATED,SCREENID,STATUS,FREEZEPROFILE) 
VALUES ('ACN00318','Create Network','CREATE_NETWORK','Create Network','ACT00','ACN00001',1,'N','SCR001','E','E'); 

INSERT INTO TBLMACTION (ACTIONID,NAME,ALIAS,DESCRIPTION,ACTIONTYPEID,PARENTACTIONID,ACTIONLEVEL,SYSTEMGENERATED,SCREENID,STATUS,FREEZEPROFILE)
VALUES ('ACN00319','View Network','VIEW_NETWORK','View Network','ACT00','ACN00001',1,'N','SCR001','E','E'); 

INSERT INTO TBLMACTION (ACTIONID,NAME,ALIAS,DESCRIPTION,ACTIONTYPEID,PARENTACTIONID,ACTIONLEVEL,SYSTEMGENERATED,SCREENID,STATUS,FREEZEPROFILE)
VALUES ('ACN00320','Update Network','UPDATE_NETWORK','Update Network','ACT00','ACN00001',1,'N','SCR001','E','E'); 

INSERT INTO TBLMACTION (ACTIONID,NAME,ALIAS,DESCRIPTION,ACTIONTYPEID,PARENTACTIONID,ACTIONLEVEL,SYSTEMGENERATED,SCREENID,STATUS,FREEZEPROFILE)
VALUES ('ACN00321','Delete Network','DELETE_NETWORK','Delete Network','ACT00','ACN00001',1,'N','SCR001','E','E'); 

INSERT INTO TBLMACTION (ACTIONID,NAME,ALIAS,DESCRIPTION,ACTIONTYPEID,PARENTACTIONID,ACTIONLEVEL,SYSTEMGENERATED,SCREENID,STATUS,FREEZEPROFILE)
VALUES ('ACN00322','Search Network','SEARCH_NETWORK','Search Network','ACT00','ACN00001',1,'N','SCR001','E','E'); 

INSERT INTO TBLMACTION (ACTIONID,NAME,ALIAS,DESCRIPTION,ACTIONTYPEID,PARENTACTIONID,ACTIONLEVEL,SYSTEMGENERATED,SCREENID,STATUS,FREEZEPROFILE) 
VALUES ('ACN00323','Create MCCMNC Group','CREATE_MCCMNC_GROUP','Create MCCMNC Group','ACT00','ACN00001',1,'N','SCR001','E','E'); 

INSERT INTO TBLMACTION (ACTIONID,NAME,ALIAS,DESCRIPTION,ACTIONTYPEID,PARENTACTIONID,ACTIONLEVEL,SYSTEMGENERATED,SCREENID,STATUS,FREEZEPROFILE)
VALUES ('ACN00324','View MCCMNC Group','VIEW_MCCMNC_GROUP','View MCCMNC Group','ACT00','ACN00001',1,'N','SCR001','E','E'); 

INSERT INTO TBLMACTION (ACTIONID,NAME,ALIAS,DESCRIPTION,ACTIONTYPEID,PARENTACTIONID,ACTIONLEVEL,SYSTEMGENERATED,SCREENID,STATUS,FREEZEPROFILE)
VALUES ('ACN00325','Update MCCMNC Group','UPDATE_MCCMNC_GROUP','Update MCCMNC Group','ACT00','ACN00001',1,'N','SCR001','E','E'); 

INSERT INTO TBLMACTION (ACTIONID,NAME,ALIAS,DESCRIPTION,ACTIONTYPEID,PARENTACTIONID,ACTIONLEVEL,SYSTEMGENERATED,SCREENID,STATUS,FREEZEPROFILE)
VALUES ('ACN00326','Delete MCCMNC Group','DELETE_MCCMNC_GROUP','Delete MCCMNC Group','ACT00','ACN00001',1,'N','SCR001','E','E'); 

INSERT INTO TBLMACTION (ACTIONID,NAME,ALIAS,DESCRIPTION,ACTIONTYPEID,PARENTACTIONID,ACTIONLEVEL,SYSTEMGENERATED,SCREENID,STATUS,FREEZEPROFILE)
VALUES ('ACN00327','Search MCCMNC Group','SEARCH_MCCMNC_GROUP','Search MCCMNC Group','ACT00','ACN00001',1,'N','SCR001','E','E');

INSERT INTO TBLMACTION (ACTIONID,NAME,ALIAS,DESCRIPTION,ACTIONTYPEID,PARENTACTIONID,ACTIONLEVEL,SYSTEMGENERATED,SCREENID,STATUS,FREEZEPROFILE)
VALUES ('ACN00328','Create Routing Entry','CREATE_ROUTING_ENTRY','Create Routing Entry','ACT00','ACN00001',1,'N','SCR001','E','E');
INSERT INTO TBLMACTION (ACTIONID,NAME,ALIAS,DESCRIPTION,ACTIONTYPEID,PARENTACTIONID,ACTIONLEVEL,SYSTEMGENERATED,SCREENID,STATUS,FREEZEPROFILE)
VALUES ('ACN00329','Update Routing Entry','UPDATE_ROUTING_ENTRY','Update Routing Entry','ACT00','ACN00001',1,'N','SCR001','E','E');
INSERT INTO TBLMACTION (ACTIONID,NAME,ALIAS,DESCRIPTION,ACTIONTYPEID,PARENTACTIONID,ACTIONLEVEL,SYSTEMGENERATED,SCREENID,STATUS,FREEZEPROFILE)
VALUES ('ACN00330','Delete Routing Entry','DELETE_ROUTING_ENTRY','Delete Routing Entry','ACT00','ACN00001',1,'N','SCR001','E','E');
INSERT INTO TBLMACTION (ACTIONID,NAME,ALIAS,DESCRIPTION,ACTIONTYPEID,PARENTACTIONID,ACTIONLEVEL,SYSTEMGENERATED,SCREENID,STATUS,FREEZEPROFILE)
VALUES ('ACN00331','View Routing Entry','VIEW_ROUTING_ENTRY','View Routing Entry','ACT00','ACN00001',1,'N','SCR001','E','E');
INSERT INTO TBLMACTION (ACTIONID,NAME,ALIAS,DESCRIPTION,ACTIONTYPEID,PARENTACTIONID,ACTIONLEVEL,SYSTEMGENERATED,SCREENID,STATUS,FREEZEPROFILE)
VALUES ('ACN00332','Search Routing Entry','SEARCH_ROUTING_ENTRY','Search Routing Entry','ACT00','ACN00001',1,'N','SCR001','E','E');
INSERT INTO TBLMACTION (ACTIONID,NAME,ALIAS,DESCRIPTION,ACTIONTYPEID,PARENTACTIONID,ACTIONLEVEL,SYSTEMGENERATED,SCREENID,STATUS,FREEZEPROFILE)
VALUES ('ACN00333','Manage Routing Entry Order','MANAGE_ROUTING_ENTRY_ORDER','Manage Routing Entry Order','ACT00','ACN00001',1,'N','SCR001','E','E');

INSERT INTO TBLMACTION (ACTIONID,NAME,ALIAS,DESCRIPTION,ACTIONTYPEID,PARENTACTIONID,ACTIONLEVEL,SYSTEMGENERATED,SCREENID,STATUS,FREEZEPROFILE)
VALUES ('ACN00334','Create Customized Menu','CREATE_CUSTOMIZED_MENU','Create Customized Menu','ACT00','ACN00001',1,'N','SCR001','E','E');
INSERT INTO TBLMACTION (ACTIONID,NAME,ALIAS,DESCRIPTION,ACTIONTYPEID,PARENTACTIONID,ACTIONLEVEL,SYSTEMGENERATED,SCREENID,STATUS,FREEZEPROFILE)
VALUES ('ACN00335','Update Customized Menu','UPDATE_CUSTOMIZED_MENU','Update Customized Menu','ACT00','ACN00001',1,'N','SCR001','E','E');
INSERT INTO TBLMACTION (ACTIONID,NAME,ALIAS,DESCRIPTION,ACTIONTYPEID,PARENTACTIONID,ACTIONLEVEL,SYSTEMGENERATED,SCREENID,STATUS,FREEZEPROFILE)
VALUES ('ACN00336','Delete Customized Menu','DELETE_CUSTOMIZED_MENU','Delete Customized Menu','ACT00','ACN00001',1,'N','SCR001','E','E');
INSERT INTO TBLMACTION (ACTIONID,NAME,ALIAS,DESCRIPTION,ACTIONTYPEID,PARENTACTIONID,ACTIONLEVEL,SYSTEMGENERATED,SCREENID,STATUS,FREEZEPROFILE)
VALUES ('ACN00337','View Customized Menu','VIEW_CUSTOMIZED_MENU','View Customized Menu','ACT00','ACN00001',1,'N','SCR001','E','E');
INSERT INTO TBLMACTION (ACTIONID,NAME,ALIAS,DESCRIPTION,ACTIONTYPEID,PARENTACTIONID,ACTIONLEVEL,SYSTEMGENERATED,SCREENID,STATUS,FREEZEPROFILE)
VALUES ('ACN00338','Search Customized Menu','SEARCH_CUSTOMIZED_MENU','Search Customized Menu','ACT00','ACN00001',1,'N','SCR001','E','E');

INSERT INTO TBLMACTION (ACTIONID,NAME,ALIAS,DESCRIPTION,ACTIONTYPEID,PARENTACTIONID,ACTIONLEVEL,SYSTEMGENERATED,SCREENID,STATUS,FREEZEPROFILE)
VALUES ('ACN00340','Delete and Disconnect Active Session Action','MANAGE_ACTIVE_SESSION_ACTION','Delete and Disconnect Active Session Action','ACT00','ACN00001',1,'N','SCR001','E','E');
INSERT INTO TBLMACTION (ACTIONID,NAME,ALIAS,DESCRIPTION,ACTIONTYPEID,PARENTACTIONID,ACTIONLEVEL,SYSTEMGENERATED,SCREENID,STATUS,FREEZEPROFILE)
VALUES ('ACN00341','Search Active Session Action','SEARCH_ACTIVE_SESSION_ACTION','Search Active Session Action','ACT00','ACN00001',1,'N','SCR001','E','E');

INSERT INTO TBLMACTION (ACTIONID,NAME,ALIAS,DESCRIPTION,ACTIONTYPEID,PARENTACTIONID,ACTIONLEVEL,SYSTEMGENERATED,SCREENID,STATUS,FREEZEPROFILE)
VALUES ('ACN00342','Download License Action','DOWNLOAD_LICENSE_ACTION','Download License Action','ACT00','ACN00001',1,'N','SCR001','E','E');

INSERT INTO TBLMACTION (ACTIONID,NAME,ALIAS,DESCRIPTION,ACTIONTYPEID,PARENTACTIONID,ACTIONLEVEL,SYSTEMGENERATED,SCREENID,STATUS,FREEZEPROFILE) 
VALUES ('ACN00343','Create Driver Instance Action','CREATE_DRIVER_ACTION','Create Driver Instance Action','ACT00','ACN00001',1,'N','SCR001','E','E'); 

INSERT INTO TBLMACTION (ACTIONID,NAME,ALIAS,DESCRIPTION,ACTIONTYPEID,PARENTACTIONID,ACTIONLEVEL,SYSTEMGENERATED,SCREENID,STATUS,FREEZEPROFILE)
VALUES ('ACN00344','View Driver Instance Action','VIEW_DRIVER_ACTION','View Driver Instance Action','ACT00','ACN00001',1,'N','SCR001','E','E'); 

INSERT INTO TBLMACTION (ACTIONID,NAME,ALIAS,DESCRIPTION,ACTIONTYPEID,PARENTACTIONID,ACTIONLEVEL,SYSTEMGENERATED,SCREENID,STATUS,FREEZEPROFILE)
VALUES ('ACN00345','Update Driver Instance Action','UPDATE_DRIVER_ACTION','Update Driver Instance Action','ACT00','ACN00001',1,'N','SCR001','E','E'); 

INSERT INTO TBLMACTION (ACTIONID,NAME,ALIAS,DESCRIPTION,ACTIONTYPEID,PARENTACTIONID,ACTIONLEVEL,SYSTEMGENERATED,SCREENID,STATUS,FREEZEPROFILE)
VALUES ('ACN00346','Delete Driver Instance Action','DELETE_DRIVER_ACTION','Delete Driver Instance Action','ACT00','ACN00001',1,'N','SCR001','E','E'); 

INSERT INTO TBLMACTION (ACTIONID,NAME,ALIAS,DESCRIPTION,ACTIONTYPEID,PARENTACTIONID,ACTIONLEVEL,SYSTEMGENERATED,SCREENID,STATUS,FREEZEPROFILE)
VALUES ('ACN00347','Search Driver Instance Action','SEARCH_DRIVER_ACTION','Search Driver Instance Action','ACT00','ACN00001',1,'N','SCR001','E','E');

INSERT INTO TBLMACTION (ACTIONID,NAME,ALIAS,DESCRIPTION,ACTIONTYPEID,PARENTACTIONID,ACTIONLEVEL,SYSTEMGENERATED,SCREENID,STATUS,FREEZEPROFILE) 
VALUES ('ACN00348','Create Server Certificate','CREATE_SERVER_CERTIFICATE','Create Server Certificate','ACT00','ACN00001',1,'N','SCR001','E','E');

INSERT INTO TBLMACTION (ACTIONID,NAME,ALIAS,DESCRIPTION,ACTIONTYPEID,PARENTACTIONID,ACTIONLEVEL,SYSTEMGENERATED,SCREENID,STATUS,FREEZEPROFILE) 
VALUES ('ACN00349','Update Server Certificate','UPDATE_SERVER_CERTIFICATE','Update Server Certificate','ACT00','ACN00001',1,'N','SCR001','E','E');

INSERT INTO TBLMACTION (ACTIONID,NAME,ALIAS,DESCRIPTION,ACTIONTYPEID,PARENTACTIONID,ACTIONLEVEL,SYSTEMGENERATED,SCREENID,STATUS,FREEZEPROFILE) 
VALUES ('ACN00350','Search Server Certificate','SEARCH_SERVER_CERTIFICATE','Search Server Certificate','ACT00','ACN00001',1,'N','SCR001','E','E');

INSERT INTO TBLMACTION (ACTIONID,NAME,ALIAS,DESCRIPTION,ACTIONTYPEID,PARENTACTIONID,ACTIONLEVEL,SYSTEMGENERATED,SCREENID,STATUS,FREEZEPROFILE) 
VALUES ('ACN00351','Delete Server Certificate','DELETE_SERVER_CERTIFICATE','Delete Server Certificate','ACT00','ACN00001',1,'N','SCR001','E','E');

INSERT INTO TBLMACTION (ACTIONID,NAME,ALIAS,DESCRIPTION,ACTIONTYPEID,PARENTACTIONID,ACTIONLEVEL,SYSTEMGENERATED,SCREENID,STATUS,FREEZEPROFILE) 
VALUES ('ACN00352','Create Trusted Certificate','CREATE_TRUSTED_CERTIFICATE','Create Trusted Certificate','ACT00','ACN00001',1,'N','SCR001','E','E');

INSERT INTO TBLMACTION (ACTIONID,NAME,ALIAS,DESCRIPTION,ACTIONTYPEID,PARENTACTIONID,ACTIONLEVEL,SYSTEMGENERATED,SCREENID,STATUS,FREEZEPROFILE) 
VALUES ('ACN00353','Update Trusted Certificate','UPDATE_TRUSTED_CERTIFICATE','Update Trusted Certificate','ACT00','ACN00001',1,'N','SCR001','E','E');

INSERT INTO TBLMACTION (ACTIONID,NAME,ALIAS,DESCRIPTION,ACTIONTYPEID,PARENTACTIONID,ACTIONLEVEL,SYSTEMGENERATED,SCREENID,STATUS,FREEZEPROFILE) 
VALUES ('ACN00354','Search Trusted Certificate','SEARCH_TRUSTED_CERTIFICATE','Search Trusted Certificate','ACT00','ACN00001',1,'N','SCR001','E','E');

INSERT INTO TBLMACTION (ACTIONID,NAME,ALIAS,DESCRIPTION,ACTIONTYPEID,PARENTACTIONID,ACTIONLEVEL,SYSTEMGENERATED,SCREENID,STATUS,FREEZEPROFILE) 
VALUES ('ACN00355','Delete Trusted Certificate','DELETE_TRUSTED_CERTIFICATE','Delete Trusted Certificate','ACT00','ACN00001',1,'N','SCR001','E','E');

INSERT INTO TBLMACTION (ACTIONID,NAME,ALIAS,DESCRIPTION,ACTIONTYPEID,PARENTACTIONID,ACTIONLEVEL,SYSTEMGENERATED,SCREENID,STATUS,FREEZEPROFILE) 
VALUES ('ACN00356','Create Certificate Revocation List','CREATE_CERTIFICATE_REVOCATION_LIST','Create Certificate Revocation List','ACT00','ACN00001',1,'N','SCR001','E','E');

INSERT INTO TBLMACTION (ACTIONID,NAME,ALIAS,DESCRIPTION,ACTIONTYPEID,PARENTACTIONID,ACTIONLEVEL,SYSTEMGENERATED,SCREENID,STATUS,FREEZEPROFILE) 
VALUES ('ACN00357','Update Certificate Revocation List','UPDATE_CERTIFICATE_REVOCATION_LIST','Update Certificate Revocation List','ACT00','ACN00001',1,'N','SCR001','E','E');

INSERT INTO TBLMACTION (ACTIONID,NAME,ALIAS,DESCRIPTION,ACTIONTYPEID,PARENTACTIONID,ACTIONLEVEL,SYSTEMGENERATED,SCREENID,STATUS,FREEZEPROFILE) 
VALUES ('ACN00358','Search Certificate Revocation List','SEARCH_CERTIFICATE_REVOCATION_LIST','Search Certificate Revocation List','ACT00','ACN00001',1,'N','SCR001','E','E');

INSERT INTO TBLMACTION (ACTIONID,NAME,ALIAS,DESCRIPTION,ACTIONTYPEID,PARENTACTIONID,ACTIONLEVEL,SYSTEMGENERATED,SCREENID,STATUS,FREEZEPROFILE) 
VALUES ('ACN00359','Delete Certificate Revocation List','DELETE_CERTIFICATE_REVOCATION_LIST','Delete Certificate Revocation List','ACT00','ACN00001',1,'N','SCR001','E','E');

INSERT INTO TBLMACTION (ACTIONID,NAME,ALIAS,DESCRIPTION,ACTIONTYPEID,PARENTACTIONID,ACTIONLEVEL,SYSTEMGENERATED,SCREENID,STATUS,FREEZEPROFILE)
VALUES ('ACN00362','Create Region','CREATE_REGION','Create Region','ACT00','ACN00001',1,'N','SCR001','E','E');
INSERT INTO TBLMACTION (ACTIONID,NAME,ALIAS,DESCRIPTION,ACTIONTYPEID,PARENTACTIONID,ACTIONLEVEL,SYSTEMGENERATED,SCREENID,STATUS,FREEZEPROFILE)
VALUES ('ACN00363','Update Region','UPDATE_REGION','Update Region','ACT00','ACN00001',1,'N','SCR001','E','E');
INSERT INTO TBLMACTION (ACTIONID,NAME,ALIAS,DESCRIPTION,ACTIONTYPEID,PARENTACTIONID,ACTIONLEVEL,SYSTEMGENERATED,SCREENID,STATUS,FREEZEPROFILE)
VALUES ('ACN00364','Delete Region','DELETE_REGION','Delete Region','ACT00','ACN00001',1,'N','SCR001','E','E');

INSERT INTO TBLMACTION (ACTIONID,NAME,ALIAS,DESCRIPTION,ACTIONTYPEID,PARENTACTIONID,ACTIONLEVEL,SYSTEMGENERATED,SCREENID,STATUS,FREEZEPROFILE)
VALUES ('ACN00365','Create City','CREATE_CITY','Create City','ACT00','ACN00001',1,'N','SCR001','E','E');
INSERT INTO TBLMACTION (ACTIONID,NAME,ALIAS,DESCRIPTION,ACTIONTYPEID,PARENTACTIONID,ACTIONLEVEL,SYSTEMGENERATED,SCREENID,STATUS,FREEZEPROFILE)
VALUES ('ACN00366','Update City','UPDATE_CITY','Update City','ACT00','ACN00001',1,'N','SCR001','E','E');
INSERT INTO TBLMACTION (ACTIONID,NAME,ALIAS,DESCRIPTION,ACTIONTYPEID,PARENTACTIONID,ACTIONLEVEL,SYSTEMGENERATED,SCREENID,STATUS,FREEZEPROFILE)
VALUES ('ACN00367','Delete City','DELETE_CITY','Delete City','ACT00','ACN00001',1,'N','SCR001','E','E');

INSERT INTO TBLMACTION (ACTIONID,NAME,ALIAS,DESCRIPTION,ACTIONTYPEID,PARENTACTIONID,ACTIONLEVEL,SYSTEMGENERATED,SCREENID,STATUS,FREEZEPROFILE)
VALUES ('ACN00368','Create Area','CREATE_AREA','Create Area','ACT00','ACN00001',1,'N','SCR001','E','E');
INSERT INTO TBLMACTION (ACTIONID,NAME,ALIAS,DESCRIPTION,ACTIONTYPEID,PARENTACTIONID,ACTIONLEVEL,SYSTEMGENERATED,SCREENID,STATUS,FREEZEPROFILE)
VALUES ('ACN00369','Update Area','UPDATE_AREA','Update Area','ACT00','ACN00001',1,'N','SCR001','E','E');
INSERT INTO TBLMACTION (ACTIONID,NAME,ALIAS,DESCRIPTION,ACTIONTYPEID,PARENTACTIONID,ACTIONLEVEL,SYSTEMGENERATED,SCREENID,STATUS,FREEZEPROFILE)
VALUES ('ACN00370','Delete Area','DELETE_AREA','Delete Area','ACT00','ACN00001',1,'N','SCR001','E','E');


INSERT INTO TBLMACTION (ACTIONID,NAME,ALIAS,DESCRIPTION,ACTIONTYPEID,PARENTACTIONID,ACTIONLEVEL,SYSTEMGENERATED,SCREENID,STATUS,FREEZEPROFILE)
VALUES ('ACN00377','Change Pcrf Policy Status','CHANGE_PCRF_POLICY_STATUS','Change Pcrf Policy Status','ACT00','ACN00001',1,'N','SCR001','E','E');
INSERT INTO TBLMACTION (ACTIONID,NAME,ALIAS,DESCRIPTION,ACTIONTYPEID,PARENTACTIONID,ACTIONLEVEL,SYSTEMGENERATED,SCREENID,STATUS,FREEZEPROFILE)
VALUES ('ACN00378','Change Policy Group Status','CHANGE_POLICY_GROUP_STATUS','Change Policy Group Status','ACT00','ACN00001',1,'N','SCR001','E','E');

INSERT INTO TBLMACTION (ACTIONID,NAME,ALIAS,DESCRIPTION,ACTIONTYPEID,PARENTACTIONID,ACTIONLEVEL,SYSTEMGENERATED,SCREENID,STATUS,FREEZEPROFILE)
VALUES ('ACN00387','Search Region','SEARCH_REGION','Search Region','ACT00','ACN00001',1,'N','SCR001','E','E');
INSERT INTO TBLMACTION (ACTIONID,NAME,ALIAS,DESCRIPTION,ACTIONTYPEID,PARENTACTIONID,ACTIONLEVEL,SYSTEMGENERATED,SCREENID,STATUS,FREEZEPROFILE)
VALUES ('ACN00388','Search City','SEARCH_CITY','Search City','ACT00','ACN00001',1,'N','SCR001','E','E');
INSERT INTO TBLMACTION (ACTIONID,NAME,ALIAS,DESCRIPTION,ACTIONTYPEID,PARENTACTIONID,ACTIONLEVEL,SYSTEMGENERATED,SCREENID,STATUS,FREEZEPROFILE)
VALUES ('ACN00389','Search Area','SEARCH_AREA','Search Area','ACT00','ACN00001',1,'N','SCR001','E','E');

INSERT INTO TBLMACTION (ACTIONID, NAME, ALIAS, DESCRIPTION, ACTIONTYPEID, PARENTACTIONID, ACTIONLEVEL, SYSTEMGENERATED, SCREENID, STATUS, FREEZEPROFILE)
VALUES ('ACN00390', 'Create Group', 'CREATE_GROUP_ACTION', 'Create Group', 'ACT00', 'ACN00001', 1, 'N', 'SCR001', 'E', 'D');

INSERT INTO TBLMACTION (ACTIONID, NAME, ALIAS, DESCRIPTION, ACTIONTYPEID, PARENTACTIONID, ACTIONLEVEL, SYSTEMGENERATED, SCREENID, STATUS, FREEZEPROFILE)
VALUES ('ACN00391', 'Delete Group', 'DELETE_GROUP_ACTION', 'Delete Group', 'ACT00', 'ACN00001', 1, 'N', 'SCR001', 'E', 'D');
 
INSERT INTO TBLMACTION (ACTIONID, NAME, ALIAS, DESCRIPTION, ACTIONTYPEID, PARENTACTIONID, ACTIONLEVEL, SYSTEMGENERATED, SCREENID, STATUS, FREEZEPROFILE)
VALUES ('ACN00392', 'Update Group', 'UPDATE_GROUP_ACTION', 'Update Group', 'ACT00', 'ACN00001', 1, 'N', 'SCR001', 'E', 'D');
INSERT INTO TBLMACTION (ACTIONID,NAME,ALIAS,DESCRIPTION,ACTIONTYPEID,PARENTACTIONID,ACTIONLEVEL,SYSTEMGENERATED,SCREENID,STATUS,FREEZEPROFILE) 
VALUES ('ACN00393','List Group','LIST_GROUP_ACTION','List Group','ACT00','ACN00001',1,'N','SCR001','E','E');

INSERT INTO TBLMACTION (ACTIONID,NAME,ALIAS,DESCRIPTION,ACTIONTYPEID,PARENTACTIONID,ACTIONLEVEL,SYSTEMGENERATED,SCREENID,STATUS,FREEZEPROFILE) 
VALUES ('ACN00394','View DDF','VIEW_DDF','View DDF','ACT00','ACN00001',1,'N','SCR001','E','E');

INSERT INTO TBLMACTION (ACTIONID,NAME,ALIAS,DESCRIPTION,ACTIONTYPEID,PARENTACTIONID,ACTIONLEVEL,SYSTEMGENERATED,SCREENID,STATUS,FREEZEPROFILE) 
VALUES ('ACN00395','Update DDF','UPDATE_DDF','UPDATE DDF','ACT00','ACN00001',1,'N','SCR001','E','E');


COMMIT;


---------------------------------------------------
--   END DATA FOR TABLE TBLMACTION
---------------------------------------------------


---------------------------------------------------
--   DATA FOR TABLE TBLMBISMODEL
---------------------------------------------------

INSERT INTO TBLMBISMODEL (BUSINESSMODELID,ALIAS,NAME,SYSTEMGENERATED,STATUS,DESCRIPTION,FREEZEPROFILE) VALUES('BM000004','SYSTEM','System','N','E','System','E');
INSERT INTO TBLMBISMODEL (BUSINESSMODELID,ALIAS,NAME,SYSTEMGENERATED,STATUS,DESCRIPTION,FREEZEPROFILE) VALUES('BM000005','SERVER_MODEL','Server','N','E','Server','E');
INSERT INTO TBLMBISMODEL (BUSINESSMODELID,ALIAS,NAME,SYSTEMGENERATED,STATUS,DESCRIPTION,FREEZEPROFILE) VALUES ('BM000006','SERVICE_POLICY','Service Policy','N','E','Service Policy','E');
INSERT INTO TBLMBISMODEL (BUSINESSMODELID,ALIAS,NAME,SYSTEMGENERATED,STATUS,DESCRIPTION,FREEZEPROFILE) VALUES ('BM000007','GATEWAY_MANAGEMENT','Gateway Management','N','E','Gateway Management','E');
INSERT INTO TBLMBISMODEL (BUSINESSMODELID,ALIAS,NAME,SYSTEMGENERATED,STATUS,DESCRIPTION,FREEZEPROFILE) VALUES ('BM000011','EXTERNAL_SYSTEM','External System','N','E','External System','E');
INSERT INTO TBLMBISMODEL (BUSINESSMODELID,ALIAS,NAME,SYSTEMGENERATED,STATUS,DESCRIPTION,FREEZEPROFILE) VALUES ('BM000012','BICEA','BI/CEA','N','E','BI/CEA','E');
INSERT INTO TBLMBISMODEL (BUSINESSMODELID,ALIAS,NAME,SYSTEMGENERATED,STATUS,DESCRIPTION,FREEZEPROFILE) VALUES ('BM000013','DEVICE_MANAGEMENT','Device Management','N','E','Device Management','E');
INSERT INTO TBLMBISMODEL(BUSINESSMODELID,ALIAS,NAME,SYSTEMGENERATED,STATUS,DESCRIPTION,FREEZEPROFILE) VALUES ('BM000015','LOCATION_CONFIGURATION','Location Configuration','N','E','Location Configuration','E');
---------------------------------------------------
--   END DATA FOR TABLE TBLMBISMODEL
---------------------------------------------------

---------------------------------------------------
--   DATA FOR TABLE TBLMBISMODULETYPE
---------------------------------------------------

INSERT INTO TBLMBISMODULETYPE (BISMODULETYPEID,NAME,ALIAS,DESCRIPTION,SYSTEMGENERATED,CREATEDATE) VALUES('BTY00001','Default','DEFAULT','Default','N',null);

---------------------------------------------------
--   END DATA FOR TABLE TBLMBISMODULETYPE
---------------------------------------------------

---------------------------------------------------
--   DATA FOR TABLE TBLMBISMODULE
---------------------------------------------------

INSERT INTO TBLMBISMODULE (BUSINESSMODULEID,ALIAS,NAME,SYSTEMGENERATED,STATUS,BISMODULETYPEID,DESCRIPTION,FREEZEPROFILE) VALUES('BMO00006','SERVER_INSTANCE','Server Instance','N','E','BTY00001','Server','E');
INSERT INTO TBLMBISMODULE (BUSINESSMODULEID,ALIAS,NAME,SYSTEMGENERATED,STATUS,BISMODULETYPEID,DESCRIPTION,FREEZEPROFILE) VALUES('BMO00007','STAFF','Staff','N','E','BTY00001','Staff','E');
INSERT INTO TBLMBISMODULE (BUSINESSMODULEID,ALIAS,NAME,SYSTEMGENERATED,STATUS,BISMODULETYPEID,DESCRIPTION,FREEZEPROFILE) VALUES('BMO00008','SYSTEM_PARAMETER','System Parameter','N','E','BTY00001','System Parameter','E');
INSERT INTO TBLMBISMODULE (BUSINESSMODULEID,ALIAS,NAME,SYSTEMGENERATED,STATUS,BISMODULETYPEID,DESCRIPTION,FREEZEPROFILE) VALUES('BMO00004', 'IP_POOL', 'IP-Pool', 'N', 'E','BTY00001', 'IP-Pool', 'E');
INSERT INTO TBLMBISMODULE (BUSINESSMODULEID,ALIAS,NAME,SYSTEMGENERATED,STATUS,BISMODULETYPEID,DESCRIPTION,FREEZEPROFILE) VALUES	('BMO00011','SESSION_MANAGER','Session Manager','N','E','BTY00001','Session Manager','E');
INSERT INTO TBLMBISMODULE (BUSINESSMODULEID,ALIAS,NAME,SYSTEMGENERATED,STATUS,BISMODULETYPEID,DESCRIPTION,FREEZEPROFILE) VALUES	('BMO00012','SP_INTERFACE','Sp Interface','N','E','BTY00001','Sp Interface','E');
INSERT INTO TBLMBISMODULE (BUSINESSMODULEID,ALIAS,NAME,SYSTEMGENERATED,STATUS,BISMODULETYPEID,DESCRIPTION,FREEZEPROFILE) VALUES	('BMO00013','ALERT_LISTENER','Alert Listener','N','E','BTY00001','Alert Listener','E');
INSERT INTO TBLMBISMODULE (BUSINESSMODULEID,ALIAS,NAME,SYSTEMGENERATED,STATUS,BISMODULETYPEID,DESCRIPTION,FREEZEPROFILE) VALUES	('BMO00014','PCRF_POLICY','PCRF Policy','N','E','BTY00001','PCRF Policy','E');
INSERT INTO TBLMBISMODULE (BUSINESSMODULEID,ALIAS,NAME,SYSTEMGENERATED,STATUS,BISMODULETYPEID,DESCRIPTION,FREEZEPROFILE) VALUES	('BMO00015','GATEWAY','Gateway','N','E','BTY00001','Gateway','E');
INSERT INTO TBLMBISMODULE (BUSINESSMODULEID,ALIAS,NAME,SYSTEMGENERATED,STATUS,BISMODULETYPEID,DESCRIPTION,FREEZEPROFILE) VALUES ('BMO00016','GATEWAY_PROFILE','Gateway Profile','N','E','BTY00001','Gateway Profile','E');
INSERT INTO TBLMBISMODULE (BUSINESSMODULEID,ALIAS,NAME,SYSTEMGENERATED,STATUS,BISMODULETYPEID,DESCRIPTION,FREEZEPROFILE) VALUES	('BMO00017','PACKET_MAPPING','Packet Mapping','N','E','BTY00001','Packet Mapping','E');
INSERT INTO TBLMBISMODULE (BUSINESSMODULEID,ALIAS,NAME,SYSTEMGENERATED,STATUS,BISMODULETYPEID,DESCRIPTION,FREEZEPROFILE) VALUES	('BMO00030','LDAP_DATASOURCE','LDAP Datasource','N','E','BTY00001','LDAP Datasource','E');
INSERT INTO TBLMBISMODULE (BUSINESSMODULEID,ALIAS,NAME,SYSTEMGENERATED,STATUS,BISMODULETYPEID,DESCRIPTION,FREEZEPROFILE) VALUES	('BMO00031','DATABASE_DATASOURCE','Database Datasource','N','E','BTY00001','Database Datasource','E');
INSERT INTO TBLMBISMODULE (BUSINESSMODULEID,ALIAS,NAME,SYSTEMGENERATED,STATUS,BISMODULETYPEID,DESCRIPTION,FREEZEPROFILE) VALUES	('BMO00032','BICEA_TEMPLATE','BICEA Template','N','E','BTY00001','BICEA Template','E');
INSERT INTO TBLMBISMODULE (BUSINESSMODULEID,ALIAS,NAME,SYSTEMGENERATED,STATUS,BISMODULETYPEID,DESCRIPTION,FREEZEPROFILE) VALUES	('BMO00034','DEVICE_MANAGEMENT','Device Management','N','E','BTY00001','Device Management','E');
INSERT INTO TBLMBISMODULE(BUSINESSMODULEID,ALIAS,NAME,SYSTEMGENERATED,STATUS,BISMODULETYPEID,DESCRIPTION,FREEZEPROFILE) VALUES  ('BMO00040','PASSWORD_MANAGEMENT','Password Management','N' ,'E','BTY00001','Password Management','E');
INSERT INTO TBLMBISMODULE(BUSINESSMODULEID,ALIAS,NAME,SYSTEMGENERATED,STATUS,BISMODULETYPEID,DESCRIPTION,FREEZEPROFILE) VALUES  ('BMO00041','DRIVER_MANAGEMENT','Driver Management','N' ,'E','BTY00001','Driver Management','E');
INSERT INTO TBLMBISMODULE (BUSINESSMODULEID,ALIAS,NAME,SYSTEMGENERATED,STATUS,BISMODULETYPEID,DESCRIPTION,FREEZEPROFILE) VALUES ('BMO00042','CERTIFICATE','Certificate','N','E','BTY00001','Certificate','E');
INSERT INTO TBLMBISMODULE (BUSINESSMODULEID,ALIAS,NAME,SYSTEMGENERATED,STATUS,BISMODULETYPEID,DESCRIPTION,FREEZEPROFILE) VALUES ('BMO00043','REGION','Region','N','E','BTY00001','Region','E');
INSERT INTO TBLMBISMODULE (BUSINESSMODULEID,ALIAS,NAME,SYSTEMGENERATED,STATUS,BISMODULETYPEID,DESCRIPTION,FREEZEPROFILE) VALUES ('BMO00044','CITY','City','N','E','BTY00001','City','E');
INSERT INTO TBLMBISMODULE (BUSINESSMODULEID,ALIAS,NAME,SYSTEMGENERATED,STATUS,BISMODULETYPEID,DESCRIPTION,FREEZEPROFILE) VALUES ('BMO00045','AREA','Area','N','E','BTY00001','Area','E');
INSERT INTO TBLMBISMODULE (BUSINESSMODULEID,ALIAS,NAME,SYSTEMGENERATED,STATUS,BISMODULETYPEID,DESCRIPTION,FREEZEPROFILE) VALUES	('BMO00049','DDF_TABLE','DDF Table','N','E','BTY00001','DDF Table','E');


COMMIT;
---------------------------------------------------
--   END DATA FOR TABLE TBLMBISMODULE
---------------------------------------------------




---------------------------------------------------
--   DATA FOR TABLE TBLMSTAFF
---------------------------------------------------

INSERT INTO TBLMSTAFF  (STAFFID,NAME,USERNAME,CREATEDATE,PASSWORD,LASTMODIFIEDDATE,EMAILADDRESS,PHONE,LASTLOGINTIME,MOBILE,STATUSCHANGEDATE,COMMONSTATUSID,CREATEDBYSTAFFID,LASTMODIFIEDBYSTAFFID,SYSTEMGENERATED)
VALUES (1,'Admin Admin','admin',to_timestamp('01-OCT-03 12.00.00.000000000 AM','DD-MON-RR HH.MI.SS.FF AM'),'][Vxe[8A',to_timestamp('07-MAY-05 12.00.00.000000000 AM','DD-MON-RR HH.MI.SS.FF AM'),'billingadmin@domain.com','6603050',to_timestamp('02-NOV-06 12.00.00.000000000 AM','DD-MON-RR HH.MI.SS.FF AM'),NULL,to_timestamp('01-OCT-03 12.00.00.000000000 AM','DD-MON-RR HH.MI.SS.FF AM'),'CST01','1','1','N');
COMMIT;

---------------------------------------------------
--   END DATA FOR TABLE TBLMSTAFF
---------------------------------------------------




---------------------------------------------------
--   DATA FOR TABLE TBLMROLE
---------------------------------------------------

INSERT INTO TBLMROLE (ROLEID,NAME,ROLEMAILID,DESCRIPTION,SYSTEMGENERATED,STATUSCHANGEDATE,COMMONSTATUSID,CREATEDATE,CREATEDBYSTAFFID,LASTMODIFIEDDATE,LASTMODIFIEDBYSTAFFID) VALUES(1,'Admin',null,'desc:Admin Role','Y',null,null,to_timestamp('23-OCT-07 03.19.01.000000000 PM','DD-MON-RR HH.MI.SS.FF AM'),'1',to_timestamp('01-NOV-07 04.44.18.000000000 PM','DD-MON-RR HH.MI.SS.FF AM'),'1');
INSERT INTO TBLMROLE (ROLEID,NAME,ROLEMAILID,DESCRIPTION,SYSTEMGENERATED,STATUSCHANGEDATE,COMMONSTATUSID,CREATEDATE,CREATEDBYSTAFFID,LASTMODIFIEDDATE,LASTMODIFIEDBYSTAFFID) VALUES(2,'Support',null,'desc:Support User Role','Y',null,null,to_timestamp('23-OCT-07 03.19.01.000000000 PM','DD-MON-RR HH.MI.SS.FF AM'),'1',to_timestamp('01-NOV-07 04.44.18.000000000 PM','DD-MON-RR HH.MI.SS.FF AM'),'1');
INSERT INTO TBLMROLE (ROLEID,NAME,ROLEMAILID,DESCRIPTION,SYSTEMGENERATED,STATUSCHANGEDATE,COMMONSTATUSID,CREATEDATE,CREATEDBYSTAFFID,LASTMODIFIEDDATE,LASTMODIFIEDBYSTAFFID) VALUES(3,'Operator',null,'desc:Operator Role','Y',null,null,to_timestamp('23-OCT-07 03.19.01.000000000 PM','DD-MON-RR HH.MI.SS.FF AM'),'1',to_timestamp('01-NOV-07 04.44.18.000000000 PM','DD-MON-RR HH.MI.SS.FF AM'),'1');

---------------------------------------------------
--   END DATA FOR TABLE TBLMROLE
---------------------------------------------------


---------------------------------------------------
--   DATA FOR TABLE TBLMROLEACTIONREL
---------------------------------------------------

--<ADMIN ACCESS ROLE>--


INSERT INTO TBLMROLEACTIONREL (ACTIONID,ROLEID) VALUES('ACN00001',1);
INSERT INTO TBLMROLEACTIONREL (ACTIONID,ROLEID) VALUES('ACN00021',1);
INSERT INTO TBLMROLEACTIONREL (ACTIONID,ROLEID) VALUES('ACN00022',1);
INSERT INTO TBLMROLEACTIONREL (ACTIONID,ROLEID) VALUES('ACN00023',1);
INSERT INTO TBLMROLEACTIONREL (ACTIONID,ROLEID) VALUES('ACN00024',1);
INSERT INTO TBLMROLEACTIONREL (ACTIONID,ROLEID) VALUES('ACN00025',1);
INSERT INTO TBLMROLEACTIONREL (ACTIONID,ROLEID) VALUES('ACN00026',1);
INSERT INTO TBLMROLEACTIONREL (ACTIONID,ROLEID) VALUES('ACN00027',1);
INSERT INTO TBLMROLEACTIONREL (ACTIONID,ROLEID) VALUES('ACN00028',1);
INSERT INTO TBLMROLEACTIONREL (ACTIONID,ROLEID) VALUES('ACN00029',1);
INSERT INTO TBLMROLEACTIONREL (ACTIONID,ROLEID) VALUES('ACN00065',1);
INSERT INTO TBLMROLEACTIONREL (ACTIONID,ROLEID) VALUES('ACN00067',1);
INSERT INTO TBLMROLEACTIONREL (ACTIONID,ROLEID) VALUES('ACN00068',1);
INSERT INTO TBLMROLEACTIONREL (ACTIONID,ROLEID) VALUES('ACN00069',1);
INSERT INTO TBLMROLEACTIONREL (ACTIONID,ROLEID) VALUES('ACN00071',1);
INSERT INTO TBLMROLEACTIONREL (ACTIONID,ROLEID) VALUES('ACN00073',1);
INSERT INTO TBLMROLEACTIONREL (ACTIONID,ROLEID) VALUES('ACN00075',1);
INSERT INTO TBLMROLEACTIONREL (ACTIONID,ROLEID) VALUES('ACN00076',1);
INSERT INTO TBLMROLEACTIONREL (ACTIONID,ROLEID) VALUES('ACN00079',1);
INSERT INTO TBLMROLEACTIONREL (ACTIONID,ROLEID) VALUES('ACN00080',1);
INSERT INTO TBLMROLEACTIONREL (ACTIONID,ROLEID) VALUES('ACN00081',1);
INSERT INTO TBLMROLEACTIONREL (ACTIONID,ROLEID) VALUES('ACN00084',1);
INSERT INTO TBLMROLEACTIONREL (ACTIONID,ROLEID) VALUES('ACN00085',1);
INSERT INTO TBLMROLEACTIONREL (ACTIONID,ROLEID) VALUES('ACN00086',1);
INSERT INTO TBLMROLEACTIONREL (ACTIONID,ROLEID) VALUES('ACN00087',1);
INSERT INTO TBLMROLEACTIONREL (ACTIONID,ROLEID) VALUES('ACN00116',1);
INSERT INTO TBLMROLEACTIONREL (ACTIONID,ROLEID) VALUES('ACN00117',1);
INSERT INTO TBLMROLEACTIONREL (ACTIONID,ROLEID) VALUES('ACN00118',1);
INSERT INTO TBLMROLEACTIONREL (ACTIONID,ROLEID) VALUES('ACN00119',1);
INSERT INTO TBLMROLEACTIONREL (ACTIONID,ROLEID) VALUES('ACN00120',1);
INSERT INTO TBLMROLEACTIONREL (ACTIONID,ROLEID) VALUES('ACN00121',1);
INSERT INTO TBLMROLEACTIONREL (ACTIONID,ROLEID) VALUES('ACN00122',1);
INSERT INTO TBLMROLEACTIONREL (ACTIONID,ROLEID) VALUES('ACN00126',1);
INSERT INTO TBLMROLEACTIONREL (ACTIONID,ROLEID) VALUES('ACN00128',1);
INSERT INTO TBLMROLEACTIONREL (ACTIONID,ROLEID) VALUES('ACN00129',1);
INSERT INTO TBLMROLEACTIONREL (ACTIONID,ROLEID) VALUES('ACN00131',1);
INSERT INTO TBLMROLEACTIONREL (ACTIONID,ROLEID) VALUES('ACN00132',1);
INSERT INTO TBLMROLEACTIONREL (ACTIONID,ROLEID) VALUES('ACN00133',1);
INSERT INTO TBLMROLEACTIONREL (ACTIONID,ROLEID) VALUES('ACN00134',1);
INSERT INTO TBLMROLEACTIONREL (ACTIONID,ROLEID) VALUES('ACN00135',1);
INSERT INTO TBLMROLEACTIONREL (ACTIONID,ROLEID) VALUES('ACN00136',1);
INSERT INTO TBLMROLEACTIONREL (ACTIONID,ROLEID) VALUES('ACN00137',1);
INSERT INTO TBLMROLEACTIONREL (ACTIONID,ROLEID) VALUES('ACN00138',1);
INSERT INTO TBLMROLEACTIONREL (ACTIONID,ROLEID) VALUES('ACN00139',1);
INSERT INTO TBLMROLEACTIONREL (ACTIONID,ROLEID) VALUES('ACN00140',1);
INSERT INTO TBLMROLEACTIONREL (ACTIONID,ROLEID) VALUES('ACN00141',1);
INSERT INTO TBLMROLEACTIONREL (ACTIONID,ROLEID) VALUES('ACN00144',1);
INSERT INTO TBLMROLEACTIONREL (ACTIONID,ROLEID) VALUES('ACN00147',1);
INSERT INTO TBLMROLEACTIONREL (ACTIONID,ROLEID) VALUES('ACN00148',1);
INSERT INTO TBLMROLEACTIONREL (ACTIONID,ROLEID) VALUES('ACN00153',1);
INSERT INTO TBLMROLEACTIONREL (ACTIONID,ROLEID) VALUES('ACN00154',1);
INSERT INTO TBLMROLEACTIONREL (ACTIONID,ROLEID) VALUES('ACN00155',1);
INSERT INTO TBLMROLEACTIONREL (ACTIONID,ROLEID) VALUES('ACN00157',1);
INSERT INTO TBLMROLEACTIONREL (ACTIONID,ROLEID) VALUES('ACN00158',1);
INSERT INTO TBLMROLEACTIONREL (ACTIONID,ROLEID) VALUES('ACN00161',1);
INSERT INTO TBLMROLEACTIONREL (ACTIONID,ROLEID) VALUES('ACN00163',1);
INSERT INTO TBLMROLEACTIONREL (ACTIONID,ROLEID) VALUES('ACN00164',1);
INSERT INTO TBLMROLEACTIONREL (ACTIONID,ROLEID) VALUES('ACN00169',1);
INSERT INTO TBLMROLEACTIONREL (ACTIONID,ROLEID) VALUES('ACN00171',1);
INSERT INTO TBLMROLEACTIONREL (ACTIONID,ROLEID) VALUES('ACN00184',1);
INSERT INTO TBLMROLEACTIONREL (ACTIONID,ROLEID) VALUES('ACN00195',1);
INSERT INTO TBLMROLEACTIONREL (ACTIONID,ROLEID) VALUES('ACN00196',1);
INSERT INTO TBLMROLEACTIONREL (ACTIONID,ROLEID) VALUES('ACN00197',1);
INSERT INTO TBLMROLEACTIONREL (ACTIONID,ROLEID) VALUES('ACN00198',1);
INSERT INTO TBLMROLEACTIONREL (ACTIONID,ROLEID) VALUES('ACN00199',1);
INSERT INTO TBLMROLEACTIONREL (ACTIONID,ROLEID) VALUES('ACN00200',1);
INSERT INTO TBLMROLEACTIONREL (ACTIONID,ROLEID) VALUES('ACN00201',1);
INSERT INTO TBLMROLEACTIONREL (ACTIONID,ROLEID) VALUES('ACN00202',1);
INSERT INTO TBLMROLEACTIONREL (ACTIONID,ROLEID) VALUES('ACN00203',1);
INSERT INTO TBLMROLEACTIONREL (ACTIONID,ROLEID) VALUES('ACN00204',1);
INSERT INTO TBLMROLEACTIONREL (ACTIONID,ROLEID) VALUES('ACN00205',1);
INSERT INTO TBLMROLEACTIONREL (ACTIONID,ROLEID) VALUES('ACN00206',1);
INSERT INTO TBLMROLEACTIONREL (ACTIONID,ROLEID) VALUES('ACN00207',1);
INSERT INTO TBLMROLEACTIONREL (ACTIONID,ROLEID) VALUES('ACN00208',1);
INSERT INTO TBLMROLEACTIONREL (ACTIONID,ROLEID) VALUES('ACN00209',1);
INSERT INTO TBLMROLEACTIONREL (ACTIONID,ROLEID) VALUES('ACN00210',1);
INSERT INTO TBLMROLEACTIONREL (ACTIONID,ROLEID) VALUES('ACN00211',1);
INSERT INTO TBLMROLEACTIONREL (ACTIONID,ROLEID) VALUES('ACN00212',1);
INSERT INTO TBLMROLEACTIONREL (ACTIONID,ROLEID) VALUES('ACN00213',1);
INSERT INTO TBLMROLEACTIONREL (ACTIONID,ROLEID) VALUES('ACN00214',1);
INSERT INTO TBLMROLEACTIONREL (ACTIONID,ROLEID) VALUES('ACN00215',1);
INSERT INTO TBLMROLEACTIONREL (ACTIONID,ROLEID) VALUES('ACN00216',1);
INSERT INTO TBLMROLEACTIONREL (ACTIONID,ROLEID) VALUES('ACN00217',1);
INSERT INTO TBLMROLEACTIONREL (ACTIONID,ROLEID) VALUES('ACN00218',1);
INSERT INTO TBLMROLEACTIONREL (ACTIONID,ROLEID) VALUES('ACN00219',1);
INSERT INTO TBLMROLEACTIONREL (ACTIONID,ROLEID) VALUES('ACN00220',1);
INSERT INTO TBLMROLEACTIONREL (ACTIONID,ROLEID) VALUES('ACN00221',1);
INSERT INTO TBLMROLEACTIONREL (ACTIONID,ROLEID) VALUES('ACN00222',1);
INSERT INTO TBLMROLEACTIONREL (ACTIONID,ROLEID) VALUES('ACN00223',1);
INSERT INTO TBLMROLEACTIONREL (ACTIONID,ROLEID) VALUES('ACN00224',1);
INSERT INTO TBLMROLEACTIONREL (ACTIONID,ROLEID) VALUES('ACN00225',1);
INSERT INTO TBLMROLEACTIONREL (ACTIONID,ROLEID) VALUES('ACN00226',1);
INSERT INTO TBLMROLEACTIONREL (ACTIONID,ROLEID) VALUES('ACN00227',1);
INSERT INTO TBLMROLEACTIONREL (ACTIONID,ROLEID) VALUES('ACN00291',1);
INSERT INTO TBLMROLEACTIONREL (ACTIONID,ROLEID) VALUES('ACN00292',1);
INSERT INTO TBLMROLEACTIONREL (ACTIONID,ROLEID) VALUES('ACN00293',1);
INSERT INTO TBLMROLEACTIONREL (ACTIONID,ROLEID) VALUES('ACN00294',1);
INSERT INTO TBLMROLEACTIONREL (ACTIONID,ROLEID) VALUES('ACN00295',1);
INSERT INTO TBLMROLEACTIONREL (ACTIONID,ROLEID) VALUES('ACN00296',1);
INSERT INTO TBLMROLEACTIONREL (ACTIONID,ROLEID) VALUES('ACN00297',1);
INSERT INTO TBLMROLEACTIONREL (ACTIONID,ROLEID) VALUES('ACN00298',1);
INSERT INTO TBLMROLEACTIONREL (ACTIONID,ROLEID) VALUES('ACN00299',1);
INSERT INTO TBLMROLEACTIONREL (ACTIONID,ROLEID) VALUES('ACN00300',1);
INSERT INTO TBLMROLEACTIONREL (ACTIONID,ROLEID) VALUES('ACN00301',1);
INSERT INTO TBLMROLEACTIONREL (ACTIONID,ROLEID) VALUES('ACN00302',1);
INSERT INTO TBLMROLEACTIONREL (ACTIONID,ROLEID) VALUES('ACN00303',1);
INSERT INTO TBLMROLEACTIONREL (ACTIONID,ROLEID) VALUES('ACN00304',1);
INSERT INTO TBLMROLEACTIONREL (ACTIONID,ROLEID) VALUES('ACN00305',1);
INSERT INTO TBLMROLEACTIONREL (ACTIONID,ROLEID) VALUES('ACN00306',1);
INSERT INTO TBLMROLEACTIONREL (ACTIONID,ROLEID) VALUES('ACN00312',1);
INSERT INTO TBLMROLEACTIONREL (ACTIONID,ROLEID) VALUES('ACN00313',1);
INSERT INTO TBLMROLEACTIONREL (ACTIONID,ROLEID) VALUES('ACN00314',1);
INSERT INTO TBLMROLEACTIONREL (ACTIONID,ROLEID) VALUES('ACN00315',1);
INSERT INTO TBLMROLEACTIONREL (ACTIONID,ROLEID) VALUES('ACN00316',1);
INSERT INTO TBLMROLEACTIONREL (ACTIONID,ROLEID) VALUES('ACN00317',1);
INSERT INTO TBLMROLEACTIONREL (ACTIONID,ROLEID) VALUES('ACN00074',1);
INSERT INTO TBLMROLEACTIONREL (ACTIONID,ROLEID) VALUES('ACN00124',1);
INSERT INTO TBLMROLEACTIONREL (ACTIONID,ROLEID) VALUES('ACN00125',1);
INSERT INTO TBLMROLEACTIONREL (ACTIONID,ROLEID) VALUES('ACN00127',1);
INSERT INTO TBLMROLEACTIONREL (ACTIONID,ROLEID) VALUES('ACN00143',1);
INSERT INTO TBLMROLEACTIONREL (ACTIONID,ROLEID) VALUES('ACN00145',1);
INSERT INTO TBLMROLEACTIONREL (ACTIONID,ROLEID) VALUES('ACN00146',1);
INSERT INTO TBLMROLEACTIONREL (ACTIONID,ROLEID) VALUES('ACN00159',1);
INSERT INTO TBLMROLEACTIONREL (ACTIONID,ROLEID) VALUES ('ACN00318',1);
INSERT INTO TBLMROLEACTIONREL (ACTIONID,ROLEID) VALUES ('ACN00319',1);
INSERT INTO TBLMROLEACTIONREL (ACTIONID,ROLEID) VALUES ('ACN00320',1);
INSERT INTO TBLMROLEACTIONREL (ACTIONID,ROLEID) VALUES ('ACN00321',1);
INSERT INTO TBLMROLEACTIONREL (ACTIONID,ROLEID) VALUES ('ACN00322',1);
INSERT INTO TBLMROLEACTIONREL (ACTIONID,ROLEID) VALUES ('ACN00323',1);
INSERT INTO TBLMROLEACTIONREL (ACTIONID,ROLEID) VALUES ('ACN00324',1);
INSERT INTO TBLMROLEACTIONREL (ACTIONID,ROLEID) VALUES ('ACN00325',1);
INSERT INTO TBLMROLEACTIONREL (ACTIONID,ROLEID) VALUES ('ACN00326',1);
INSERT INTO TBLMROLEACTIONREL (ACTIONID,ROLEID) VALUES ('ACN00327',1);
INSERT INTO TBLMROLEACTIONREL (ACTIONID,ROLEID) VALUES ('ACN00328',1);
INSERT INTO TBLMROLEACTIONREL (ACTIONID,ROLEID) VALUES ('ACN00329',1);
INSERT INTO TBLMROLEACTIONREL (ACTIONID,ROLEID) VALUES ('ACN00330',1);
INSERT INTO TBLMROLEACTIONREL (ACTIONID,ROLEID) VALUES ('ACN00331',1);
INSERT INTO TBLMROLEACTIONREL (ACTIONID,ROLEID) VALUES ('ACN00332',1);
INSERT INTO TBLMROLEACTIONREL (ACTIONID,ROLEID) VALUES ('ACN00333',1);
INSERT INTO TBLMROLEACTIONREL (ACTIONID,ROLEID) VALUES ('ACN00334',1);
INSERT INTO TBLMROLEACTIONREL (ACTIONID,ROLEID) VALUES ('ACN00335',1);
INSERT INTO TBLMROLEACTIONREL (ACTIONID,ROLEID) VALUES ('ACN00336',1);
INSERT INTO TBLMROLEACTIONREL (ACTIONID,ROLEID) VALUES ('ACN00337',1);
INSERT INTO TBLMROLEACTIONREL (ACTIONID,ROLEID) VALUES ('ACN00338',1);
INSERT INTO TBLMROLEACTIONREL (ACTIONID,ROLEID) VALUES ('ACN00340',1); 
INSERT INTO TBLMROLEACTIONREL (ACTIONID,ROLEID) VALUES ('ACN00341',1); 
INSERT INTO TBLMROLEACTIONREL (ACTIONID,ROLEID) VALUES ('ACN00342',1);
INSERT INTO TBLMROLEACTIONREL (ACTIONID,ROLEID) VALUES ('ACN00343',1);
INSERT INTO TBLMROLEACTIONREL (ACTIONID,ROLEID) VALUES ('ACN00344',1);
INSERT INTO TBLMROLEACTIONREL (ACTIONID,ROLEID) VALUES ('ACN00345',1);
INSERT INTO TBLMROLEACTIONREL (ACTIONID,ROLEID) VALUES ('ACN00346',1);
INSERT INTO TBLMROLEACTIONREL (ACTIONID,ROLEID) VALUES ('ACN00347',1);
INSERT INTO TBLMROLEACTIONREL (ACTIONID,ROLEID) VALUES ('ACN00348',1);
INSERT INTO TBLMROLEACTIONREL (ACTIONID,ROLEID) VALUES ('ACN00349',1);
INSERT INTO TBLMROLEACTIONREL (ACTIONID,ROLEID) VALUES ('ACN00350',1);
INSERT INTO TBLMROLEACTIONREL (ACTIONID,ROLEID) VALUES ('ACN00351',1);
INSERT INTO TBLMROLEACTIONREL (ACTIONID,ROLEID) VALUES ('ACN00352',1);
INSERT INTO TBLMROLEACTIONREL (ACTIONID,ROLEID) VALUES ('ACN00353',1);
INSERT INTO TBLMROLEACTIONREL (ACTIONID,ROLEID) VALUES ('ACN00354',1);
INSERT INTO TBLMROLEACTIONREL (ACTIONID,ROLEID) VALUES ('ACN00355',1);
INSERT INTO TBLMROLEACTIONREL (ACTIONID,ROLEID) VALUES ('ACN00356',1);
INSERT INTO TBLMROLEACTIONREL (ACTIONID,ROLEID) VALUES ('ACN00357',1);
INSERT INTO TBLMROLEACTIONREL (ACTIONID,ROLEID) VALUES ('ACN00358',1);
INSERT INTO TBLMROLEACTIONREL (ACTIONID,ROLEID) VALUES ('ACN00359',1);
INSERT INTO TBLMROLEACTIONREL (ACTIONID,ROLEID) VALUES ('ACN00362',1);
INSERT INTO TBLMROLEACTIONREL (ACTIONID,ROLEID) VALUES ('ACN00363',1);
INSERT INTO TBLMROLEACTIONREL (ACTIONID,ROLEID) VALUES ('ACN00364',1);
INSERT INTO TBLMROLEACTIONREL (ACTIONID,ROLEID) VALUES ('ACN00365',1);
INSERT INTO TBLMROLEACTIONREL (ACTIONID,ROLEID) VALUES ('ACN00366',1);
INSERT INTO TBLMROLEACTIONREL (ACTIONID,ROLEID) VALUES ('ACN00367',1);
INSERT INTO TBLMROLEACTIONREL (ACTIONID,ROLEID) VALUES ('ACN00368',1);
INSERT INTO TBLMROLEACTIONREL (ACTIONID,ROLEID) VALUES ('ACN00369',1);
INSERT INTO TBLMROLEACTIONREL (ACTIONID,ROLEID) VALUES ('ACN00370',1);
INSERT INTO TBLMROLEACTIONREL (ACTIONID,ROLEID) VALUES ('ACN00377',1);
INSERT INTO TBLMROLEACTIONREL (ACTIONID,ROLEID) VALUES ('ACN00378',1);
INSERT INTO TBLMROLEACTIONREL (ACTIONID,ROLEID) VALUES ('ACN00387',1);
INSERT INTO TBLMROLEACTIONREL (ACTIONID,ROLEID) VALUES ('ACN00388',1);
INSERT INTO TBLMROLEACTIONREL (ACTIONID,ROLEID) VALUES ('ACN00389',1);

INSERT INTO TBLMROLEACTIONREL (ACTIONID,ROLEID) VALUES('ACN00390',1);
INSERT INTO TBLMROLEACTIONREL (ACTIONID,ROLEID) VALUES('ACN00391',1);
INSERT INTO TBLMROLEACTIONREL (ACTIONID,ROLEID) VALUES('ACN00392',1);
INSERT INTO TBLMROLEACTIONREL (ACTIONID,ROLEID) VALUES('ACN00393',1);

INSERT INTO TBLMROLEACTIONREL (ACTIONID,ROLEID) VALUES('ACN00394',1);
INSERT INTO TBLMROLEACTIONREL (ACTIONID,ROLEID) VALUES('ACN00395',1);


--<SUPPORTED USER ACCESS ROLE>--

INSERT INTO TBLMROLEACTIONREL (ACTIONID,ROLEID) VALUES('ACN00001',2);
INSERT INTO TBLMROLEACTIONREL (ACTIONID,ROLEID) VALUES('ACN00023',2);
INSERT INTO TBLMROLEACTIONREL (ACTIONID,ROLEID) VALUES('ACN00065',2);
INSERT INTO TBLMROLEACTIONREL (ACTIONID,ROLEID) VALUES('ACN00071',2);
INSERT INTO TBLMROLEACTIONREL (ACTIONID,ROLEID) VALUES('ACN00122',2);
INSERT INTO TBLMROLEACTIONREL (ACTIONID,ROLEID) VALUES('ACN00124',2);
INSERT INTO TBLMROLEACTIONREL (ACTIONID,ROLEID) VALUES('ACN00125',2);
INSERT INTO TBLMROLEACTIONREL (ACTIONID,ROLEID) VALUES('ACN00127',2);
INSERT INTO TBLMROLEACTIONREL (ACTIONID,ROLEID) VALUES('ACN00131',2);
INSERT INTO TBLMROLEACTIONREL (ACTIONID,ROLEID) VALUES('ACN00132',2);
INSERT INTO TBLMROLEACTIONREL (ACTIONID,ROLEID) VALUES('ACN00133',2);
INSERT INTO TBLMROLEACTIONREL (ACTIONID,ROLEID) VALUES('ACN00134',2);
INSERT INTO TBLMROLEACTIONREL (ACTIONID,ROLEID) VALUES('ACN00136',2);
INSERT INTO TBLMROLEACTIONREL (ACTIONID,ROLEID) VALUES('ACN00146',2);
INSERT INTO TBLMROLEACTIONREL (ACTIONID,ROLEID) VALUES('ACN00153',2);
INSERT INTO TBLMROLEACTIONREL (ACTIONID,ROLEID) VALUES('ACN00154',2);
INSERT INTO TBLMROLEACTIONREL (ACTIONID,ROLEID) VALUES('ACN00155',2);
INSERT INTO TBLMROLEACTIONREL (ACTIONID,ROLEID) VALUES('ACN00158',2);
INSERT INTO TBLMROLEACTIONREL (ACTIONID,ROLEID) VALUES('ACN00159',2);
INSERT INTO TBLMROLEACTIONREL (ACTIONID,ROLEID) VALUES('ACN00164',2);
INSERT INTO TBLMROLEACTIONREL (ACTIONID,ROLEID) VALUES('ACN00169',2);
INSERT INTO TBLMROLEACTIONREL (ACTIONID,ROLEID) VALUES('ACN00196',2);
INSERT INTO TBLMROLEACTIONREL (ACTIONID,ROLEID) VALUES('ACN00200',2);
INSERT INTO TBLMROLEACTIONREL (ACTIONID,ROLEID) VALUES('ACN00205',2);
INSERT INTO TBLMROLEACTIONREL (ACTIONID,ROLEID) VALUES('ACN00211',2);
INSERT INTO TBLMROLEACTIONREL (ACTIONID,ROLEID) VALUES('ACN00217',2);
INSERT INTO TBLMROLEACTIONREL (ACTIONID,ROLEID) VALUES('ACN00222',2);
INSERT INTO TBLMROLEACTIONREL (ACTIONID,ROLEID) VALUES('ACN00227',2);
INSERT INTO TBLMROLEACTIONREL (ACTIONID,ROLEID) VALUES('ACN00295',2);
INSERT INTO TBLMROLEACTIONREL (ACTIONID,ROLEID) VALUES('ACN00300',2);
INSERT INTO TBLMROLEACTIONREL (ACTIONID,ROLEID) VALUES('ACN00306',2);
INSERT INTO TBLMROLEACTIONREL (ACTIONID,ROLEID) VALUES('ACN00313',2);
INSERT INTO TBLMROLEACTIONREL (ACTIONID,ROLEID) VALUES('ACN00315',2);
INSERT INTO TBLMROLEACTIONREL (ACTIONID,ROLEID) VALUES('ACN00319',2);
INSERT INTO TBLMROLEACTIONREL (ACTIONID,ROLEID) VALUES('ACN00322',2);
INSERT INTO TBLMROLEACTIONREL (ACTIONID,ROLEID) VALUES('ACN00324',2);
INSERT INTO TBLMROLEACTIONREL (ACTIONID,ROLEID) VALUES('ACN00327',2);
INSERT INTO TBLMROLEACTIONREL (ACTIONID,ROLEID) VALUES('ACN00331',2);
INSERT INTO TBLMROLEACTIONREL (ACTIONID,ROLEID) VALUES('ACN00332',2);
INSERT INTO TBLMROLEACTIONREL (ACTIONID,ROLEID) VALUES('ACN00337',2);
INSERT INTO TBLMROLEACTIONREL (ACTIONID,ROLEID) VALUES('ACN00338',2); 
INSERT INTO TBLMROLEACTIONREL (ACTIONID,ROLEID) VALUES('ACN00340',2); 
INSERT INTO TBLMROLEACTIONREL (ACTIONID,ROLEID) VALUES('ACN00341',2); 
INSERT INTO TBLMROLEACTIONREL (ACTIONID,ROLEID) VALUES('ACN00342',2); 
INSERT INTO TBLMROLEACTIONREL (ACTIONID,ROLEID) VALUES('ACN00344',2); 
INSERT INTO TBLMROLEACTIONREL (ACTIONID,ROLEID) VALUES('ACN00347',2); 
INSERT INTO TBLMROLEACTIONREL (ACTIONID,ROLEID) VALUES('ACN00350',2);
INSERT INTO TBLMROLEACTIONREL (ACTIONID,ROLEID) VALUES('ACN00354',2);
INSERT INTO TBLMROLEACTIONREL (ACTIONID,ROLEID) VALUES('ACN00358',2);
INSERT INTO TBLMROLEACTIONREL (ACTIONID,ROLEID) VALUES('ACN00387',2);
INSERT INTO TBLMROLEACTIONREL (ACTIONID,ROLEID) VALUES('ACN00388',2);
INSERT INTO TBLMROLEACTIONREL (ACTIONID,ROLEID) VALUES('ACN00389',2);
INSERT INTO TBLMROLEACTIONREL (ACTIONID,ROLEID) VALUES('ACN00393',2);
INSERT INTO TBLMROLEACTIONREL (ACTIONID,ROLEID) VALUES('ACN00394',2);

--<OPERATOR ACCESS ROLE>--

INSERT INTO TBLMROLEACTIONREL (ACTIONID,ROLEID) VALUES('ACN00001',3);
INSERT INTO TBLMROLEACTIONREL (ACTIONID,ROLEID) VALUES('ACN00023',3);
INSERT INTO TBLMROLEACTIONREL (ACTIONID,ROLEID) VALUES('ACN00029',3);
INSERT INTO TBLMROLEACTIONREL (ACTIONID,ROLEID) VALUES('ACN00065',3);
INSERT INTO TBLMROLEACTIONREL (ACTIONID,ROLEID) VALUES('ACN00071',3);

INSERT INTO TBLMROLEACTIONREL (ACTIONID,ROLEID) VALUES('ACN00075',3);
INSERT INTO TBLMROLEACTIONREL (ACTIONID,ROLEID) VALUES('ACN00076',3);
INSERT INTO TBLMROLEACTIONREL (ACTIONID,ROLEID) VALUES('ACN00079',3);
INSERT INTO TBLMROLEACTIONREL (ACTIONID,ROLEID) VALUES('ACN00080',3);
INSERT INTO TBLMROLEACTIONREL (ACTIONID,ROLEID) VALUES('ACN00081',3);
INSERT INTO TBLMROLEACTIONREL (ACTIONID,ROLEID) VALUES('ACN00084',3);
INSERT INTO TBLMROLEACTIONREL (ACTIONID,ROLEID) VALUES('ACN00085',3);
INSERT INTO TBLMROLEACTIONREL (ACTIONID,ROLEID) VALUES('ACN00086',3);
INSERT INTO TBLMROLEACTIONREL (ACTIONID,ROLEID) VALUES('ACN00087',3);
INSERT INTO TBLMROLEACTIONREL (ACTIONID,ROLEID) VALUES('ACN00116',3);
INSERT INTO TBLMROLEACTIONREL (ACTIONID,ROLEID) VALUES('ACN00122',3);
INSERT INTO TBLMROLEACTIONREL (ACTIONID,ROLEID) VALUES('ACN00124',3);
INSERT INTO TBLMROLEACTIONREL (ACTIONID,ROLEID) VALUES('ACN00125',3);
INSERT INTO TBLMROLEACTIONREL (ACTIONID,ROLEID) VALUES('ACN00126',3);
INSERT INTO TBLMROLEACTIONREL (ACTIONID,ROLEID) VALUES('ACN00127',3);
INSERT INTO TBLMROLEACTIONREL (ACTIONID,ROLEID) VALUES('ACN00128',3);
INSERT INTO TBLMROLEACTIONREL (ACTIONID,ROLEID) VALUES('ACN00129',3);
INSERT INTO TBLMROLEACTIONREL (ACTIONID,ROLEID) VALUES('ACN00131',3);
INSERT INTO TBLMROLEACTIONREL (ACTIONID,ROLEID) VALUES('ACN00132',3);
INSERT INTO TBLMROLEACTIONREL (ACTIONID,ROLEID) VALUES('ACN00133',3);
INSERT INTO TBLMROLEACTIONREL (ACTIONID,ROLEID) VALUES('ACN00134',3);
INSERT INTO TBLMROLEACTIONREL (ACTIONID,ROLEID) VALUES('ACN00137',3);
INSERT INTO TBLMROLEACTIONREL (ACTIONID,ROLEID) VALUES('ACN00140',3);
INSERT INTO TBLMROLEACTIONREL (ACTIONID,ROLEID) VALUES('ACN00141',3);
INSERT INTO TBLMROLEACTIONREL (ACTIONID,ROLEID) VALUES('ACN00144',3);
INSERT INTO TBLMROLEACTIONREL (ACTIONID,ROLEID) VALUES('ACN00146',3);
INSERT INTO TBLMROLEACTIONREL (ACTIONID,ROLEID) VALUES('ACN00147',3);
INSERT INTO TBLMROLEACTIONREL (ACTIONID,ROLEID) VALUES('ACN00148',3);
INSERT INTO TBLMROLEACTIONREL (ACTIONID,ROLEID) VALUES('ACN00153',3);
INSERT INTO TBLMROLEACTIONREL (ACTIONID,ROLEID) VALUES('ACN00154',3);
INSERT INTO TBLMROLEACTIONREL (ACTIONID,ROLEID) VALUES('ACN00155',3);
INSERT INTO TBLMROLEACTIONREL (ACTIONID,ROLEID) VALUES('ACN00158',3);
INSERT INTO TBLMROLEACTIONREL (ACTIONID,ROLEID) VALUES('ACN00159',3);
INSERT INTO TBLMROLEACTIONREL (ACTIONID,ROLEID) VALUES('ACN00163',3);
INSERT INTO TBLMROLEACTIONREL (ACTIONID,ROLEID) VALUES('ACN00164',3);
INSERT INTO TBLMROLEACTIONREL (ACTIONID,ROLEID) VALUES('ACN00169',3);
INSERT INTO TBLMROLEACTIONREL (ACTIONID,ROLEID) VALUES('ACN00171',3);
INSERT INTO TBLMROLEACTIONREL (ACTIONID,ROLEID) VALUES('ACN00184',3);
INSERT INTO TBLMROLEACTIONREL (ACTIONID,ROLEID) VALUES('ACN00195',3);
INSERT INTO TBLMROLEACTIONREL (ACTIONID,ROLEID) VALUES('ACN00196',3);
INSERT INTO TBLMROLEACTIONREL (ACTIONID,ROLEID) VALUES('ACN00198',3);
INSERT INTO TBLMROLEACTIONREL (ACTIONID,ROLEID) VALUES('ACN00199',3);
INSERT INTO TBLMROLEACTIONREL (ACTIONID,ROLEID) VALUES('ACN00200',3);
INSERT INTO TBLMROLEACTIONREL (ACTIONID,ROLEID) VALUES('ACN00203',3);
INSERT INTO TBLMROLEACTIONREL (ACTIONID,ROLEID) VALUES('ACN00204',3);
INSERT INTO TBLMROLEACTIONREL (ACTIONID,ROLEID) VALUES('ACN00205',3);
INSERT INTO TBLMROLEACTIONREL (ACTIONID,ROLEID) VALUES('ACN00208',3);
INSERT INTO TBLMROLEACTIONREL (ACTIONID,ROLEID) VALUES('ACN00209',3);
INSERT INTO TBLMROLEACTIONREL (ACTIONID,ROLEID) VALUES('ACN00211',3);
INSERT INTO TBLMROLEACTIONREL (ACTIONID,ROLEID) VALUES('ACN00212',3);
INSERT INTO TBLMROLEACTIONREL (ACTIONID,ROLEID) VALUES('ACN00214',3);
INSERT INTO TBLMROLEACTIONREL (ACTIONID,ROLEID) VALUES('ACN00215',3);
INSERT INTO TBLMROLEACTIONREL (ACTIONID,ROLEID) VALUES('ACN00217',3);
INSERT INTO TBLMROLEACTIONREL (ACTIONID,ROLEID) VALUES('ACN00219',3);
INSERT INTO TBLMROLEACTIONREL (ACTIONID,ROLEID) VALUES('ACN00220',3);
INSERT INTO TBLMROLEACTIONREL (ACTIONID,ROLEID) VALUES('ACN00222',3);
INSERT INTO TBLMROLEACTIONREL (ACTIONID,ROLEID) VALUES('ACN00224',3);
INSERT INTO TBLMROLEACTIONREL (ACTIONID,ROLEID) VALUES('ACN00225',3);
INSERT INTO TBLMROLEACTIONREL (ACTIONID,ROLEID) VALUES('ACN00227',3);
INSERT INTO TBLMROLEACTIONREL (ACTIONID,ROLEID) VALUES('ACN00292',3);
INSERT INTO TBLMROLEACTIONREL (ACTIONID,ROLEID) VALUES('ACN00293',3);
INSERT INTO TBLMROLEACTIONREL (ACTIONID,ROLEID) VALUES('ACN00295',3);
INSERT INTO TBLMROLEACTIONREL (ACTIONID,ROLEID) VALUES('ACN00297',3);
INSERT INTO TBLMROLEACTIONREL (ACTIONID,ROLEID) VALUES('ACN00298',3);
INSERT INTO TBLMROLEACTIONREL (ACTIONID,ROLEID) VALUES('ACN00300',3);
INSERT INTO TBLMROLEACTIONREL (ACTIONID,ROLEID) VALUES('ACN00302',3);
INSERT INTO TBLMROLEACTIONREL (ACTIONID,ROLEID) VALUES('ACN00303',3);
INSERT INTO TBLMROLEACTIONREL (ACTIONID,ROLEID) VALUES('ACN00304',3);
INSERT INTO TBLMROLEACTIONREL (ACTIONID,ROLEID) VALUES('ACN00306',3);
INSERT INTO TBLMROLEACTIONREL (ACTIONID,ROLEID) VALUES('ACN00313',3);
INSERT INTO TBLMROLEACTIONREL (ACTIONID,ROLEID) VALUES('ACN00314',3);
INSERT INTO TBLMROLEACTIONREL (ACTIONID,ROLEID) VALUES('ACN00315',3);
INSERT INTO TBLMROLEACTIONREL (ACTIONID,ROLEID) VALUES('ACN00350',3);
INSERT INTO TBLMROLEACTIONREL (ACTIONID,ROLEID) VALUES('ACN00354',3);
INSERT INTO TBLMROLEACTIONREL (ACTIONID,ROLEID) VALUES('ACN00358',3);
INSERT INTO TBLMROLEACTIONREL (ACTIONID,ROLEID) VALUES('ACN00387',3);
INSERT INTO TBLMROLEACTIONREL (ACTIONID,ROLEID) VALUES('ACN00388',3);
INSERT INTO TBLMROLEACTIONREL (ACTIONID,ROLEID) VALUES('ACN00389',3);

-- For operator role   
INSERT INTO TBLMROLEACTIONREL (ACTIONID,ROLEID) VALUES('ACN00319',3);
INSERT INTO TBLMROLEACTIONREL (ACTIONID,ROLEID) VALUES('ACN00320',3);
INSERT INTO TBLMROLEACTIONREL (ACTIONID,ROLEID) VALUES('ACN00322',3);
INSERT INTO TBLMROLEACTIONREL (ACTIONID,ROLEID) VALUES('ACN00324',3);
INSERT INTO TBLMROLEACTIONREL (ACTIONID,ROLEID) VALUES('ACN00325',3);
INSERT INTO TBLMROLEACTIONREL (ACTIONID,ROLEID) VALUES('ACN00327',3);
INSERT INTO TBLMROLEACTIONREL (ACTIONID,ROLEID) VALUES('ACN00329',3);
INSERT INTO TBLMROLEACTIONREL (ACTIONID,ROLEID) VALUES('ACN00331',3);
INSERT INTO TBLMROLEACTIONREL (ACTIONID,ROLEID) VALUES('ACN00332',3);
INSERT INTO TBLMROLEACTIONREL (ACTIONID,ROLEID) VALUES('ACN00333',3);
INSERT INTO TBLMROLEACTIONREL (ACTIONID,ROLEID) VALUES('ACN00335',3);
INSERT INTO TBLMROLEACTIONREL (ACTIONID,ROLEID) VALUES('ACN00337',3);
INSERT INTO TBLMROLEACTIONREL (ACTIONID,ROLEID) VALUES('ACN00338',3);

INSERT INTO TBLMROLEACTIONREL (ACTIONID,ROLEID) VALUES('ACN00340',3); 
INSERT INTO TBLMROLEACTIONREL (ACTIONID,ROLEID) VALUES('ACN00341',3); 
INSERT INTO TBLMROLEACTIONREL (ACTIONID,ROLEID) VALUES('ACN00344',3); 
INSERT INTO TBLMROLEACTIONREL (ACTIONID,ROLEID) VALUES('ACN00345',3); 
INSERT INTO TBLMROLEACTIONREL (ACTIONID,ROLEID) VALUES('ACN00347',3);
INSERT INTO TBLMROLEACTIONREL (ACTIONID,ROLEID) VALUES('ACN00393',3);
INSERT INTO TBLMROLEACTIONREL (ACTIONID,ROLEID) VALUES('ACN00394',3);

COMMIT;


---------------------------------------------------
--   END DATA FOR TABLE TBLMROLEACTIONREL
---------------------------------------------------




---------------------------------------------------
--   END DATA FOR TABLE TBLMSTAFFROLEREL
---------------------------------------------------


---------------------------------------------------
--   DATA FOR TABLE TBLSSTANDARDMASTERTYPE
---------------------------------------------------

INSERT INTO TBLSSTANDARDMASTERTYPE (MASTERTYPEID,TYPENAME,ALIAS,DESCRIPTION,SYSTEMGENERATED,ENABLEDISABLE,SHOWHIDE,EDITABLE)
 VALUES
('SMT0009','Configuration Parameter Startup Type','CONFIG_PARAM_STARTUP_TYPE','Configuration Parameter Startup Type','N','Y','Y','N');

INSERT INTO TBLSSTANDARDMASTERTYPE
   (MASTERTYPEID, TYPENAME, ALIAS, DESCRIPTION, SYSTEMGENERATED, 
    ENABLEDISABLE, SHOWHIDE, EDITABLE)
 VALUES
   ('SMT0008', 'Concurrent Login Policy Type', 'CONCURRENT_LOGIN_POLICY_TYPE', 'Concurrent Login Policy Type', 'N', 
    'Y', 'Y', 'N');

---------------------------------------------------
--   END DATA FOR TABLE TBLSSTANDARDMASTERTYPE
---------------------------------------------------


---------------------------------------------------
--   DATA FOR TABLE TBLMSTANDARDMASTER
---------------------------------------------------

INSERT INTO TBLMSTANDARDMASTER (MASTERID,MASTERTYPEID,NAME,ALIAS,DESCRIPTION,CATEGORYNAME,EDITABLE,CREATEDATE,CREATEDBYSTAFFID,LASTMODIFIEDDATE,LASTMODIFIEDDATEBYSTAFFID,SYSTEMGENERATED,ENABLEDISABLE,SHOWHIDE,ENABLEDISABLECHANGEDATE,SHOWHIDECHANGEDATE,ENABLEDISABLEBYSTAFFID,SHOWHIDEBYSTAFFID,STRPARAM1,STRPARAM2,STRPARAM3,DATEPARAM1,DATEPARAM2,DATEPARAM3,NUMPARAM1,NUMPARAM2,NUMPARAM3,CHARPARAM1,CHARPARAM2,CHARPARAM3,FLOATNUM1,FLOATNUM2,FLOATNUM3,DISPLAYNAME,DISPLAYNAMELOCK) VALUES('SMS0161','SMT0009','Require Soft Restart','REQUIRE_SOFT_RESTART','Require Soft Restart','Configuration Parameter Startup Type','Y',to_timestamp('08-JUN-06 03.46.00.000000000 PM','DD-MON-RR HH.MI.SS.FF AM'),'STF0001',to_timestamp('08-JUN-06 03.46.00.000000000 PM','DD-MON-RR HH.MI.SS.FF AM'),'STF0001','N','ENABLE','Y',to_timestamp('08-JUN-06 03.46.00.000000000 PM','DD-MON-RR HH.MI.SS.FF AM'),to_timestamp('08-JUN-06 03.46.00.000000000 PM','DD-MON-RR HH.MI.SS.FF AM'),'STF0001','STF0001',null,null,null,null,null,null,0,0,0,null,null,null,0,0,0,'Require Soft Restart','Y');
INSERT INTO TBLMSTANDARDMASTER (MASTERID,MASTERTYPEID,NAME,ALIAS,DESCRIPTION,CATEGORYNAME,EDITABLE,CREATEDATE,CREATEDBYSTAFFID,LASTMODIFIEDDATE,LASTMODIFIEDDATEBYSTAFFID,SYSTEMGENERATED,ENABLEDISABLE,SHOWHIDE,ENABLEDISABLECHANGEDATE,SHOWHIDECHANGEDATE,ENABLEDISABLEBYSTAFFID,SHOWHIDEBYSTAFFID,STRPARAM1,STRPARAM2,STRPARAM3,DATEPARAM1,DATEPARAM2,DATEPARAM3,NUMPARAM1,NUMPARAM2,NUMPARAM3,CHARPARAM1,CHARPARAM2,CHARPARAM3,FLOATNUM1,FLOATNUM2,FLOATNUM3,DISPLAYNAME,DISPLAYNAMELOCK) VALUES('SMS0162','SMT0009','Require Reloading configuration','REQUIRE_RELOAD_CONFIG','Require Server Restart','Configuration Parameter Startup Type','Y',to_timestamp('08-JUN-06 03.46.00.000000000 PM','DD-MON-RR HH.MI.SS.FF AM'),'STF0001',to_timestamp('08-JUN-06 03.46.00.000000000 PM','DD-MON-RR HH.MI.SS.FF AM'),'STF0001','N','ENABLE','Y',to_timestamp('08-JUN-06 03.46.00.000000000 PM','DD-MON-RR HH.MI.SS.FF AM'),to_timestamp('08-JUN-06 03.46.00.000000000 PM','DD-MON-RR HH.MI.SS.FF AM'),'STF0001','STF0001',null,null,null,null,null,null,0,0,0,null,null,null,0,0,0,'Require Server Restart','Y');
INSERT INTO TBLMSTANDARDMASTER (MASTERID,MASTERTYPEID,NAME,ALIAS,DESCRIPTION,CATEGORYNAME,EDITABLE,CREATEDATE,CREATEDBYSTAFFID,LASTMODIFIEDDATE,LASTMODIFIEDDATEBYSTAFFID,SYSTEMGENERATED,ENABLEDISABLE,SHOWHIDE,ENABLEDISABLECHANGEDATE,SHOWHIDECHANGEDATE,ENABLEDISABLEBYSTAFFID,SHOWHIDEBYSTAFFID,STRPARAM1,STRPARAM2,STRPARAM3,DATEPARAM1,DATEPARAM2,DATEPARAM3,NUMPARAM1,NUMPARAM2,NUMPARAM3,CHARPARAM1,CHARPARAM2,CHARPARAM3,FLOATNUM1,FLOATNUM2,FLOATNUM3,DISPLAYNAME,DISPLAYNAMELOCK) VALUES('SMS0164','SMT0009','All other Parameters can be applied by Server Restart','REQUIRE_SERVER_RESTART','Require Server Restart','Configuration Parameter Startup Type','Y',to_timestamp('08-JUN-06 03.46.00.000000000 PM','DD-MON-RR HH.MI.SS.FF AM'),'STF0001',to_timestamp('08-JUN-06 03.46.00.000000000 PM','DD-MON-RR HH.MI.SS.FF AM'),'STF0001','N','ENABLE','Y',to_timestamp('08-JUN-06 03.46.00.000000000 PM','DD-MON-RR HH.MI.SS.FF AM'),to_timestamp('08-JUN-06 03.46.00.000000000 PM','DD-MON-RR HH.MI.SS.FF AM'),'STF0001','STF0001',null,null,null,null,null,null,0,0,0,null,null,null,0,0,0,'All other Parameters can be applied by Reloading configuration','Y');
INSERT INTO TBLMSTANDARDMASTER (MASTERID,MASTERTYPEID,NAME,ALIAS,DESCRIPTION,CATEGORYNAME,EDITABLE,CREATEDATE,CREATEDBYSTAFFID,LASTMODIFIEDDATE,LASTMODIFIEDDATEBYSTAFFID,SYSTEMGENERATED,ENABLEDISABLE,SHOWHIDE,ENABLEDISABLECHANGEDATE,SHOWHIDECHANGEDATE,ENABLEDISABLEBYSTAFFID,SHOWHIDEBYSTAFFID,STRPARAM1,STRPARAM2,STRPARAM3,DATEPARAM1,DATEPARAM2,DATEPARAM3,NUMPARAM1,NUMPARAM2,NUMPARAM3,CHARPARAM1,CHARPARAM2,CHARPARAM3,FLOATNUM1,FLOATNUM2,FLOATNUM3,DISPLAYNAME,DISPLAYNAMELOCK) VALUES('SMS0163','SMT0009','Require Reload Cache','REQUIRE_RELOAD_CACHE','Require Reloading Cache','Configuration Parameter Startup Type','Y',to_timestamp('08-JUN-06 03.46.00.000000000 PM','DD-MON-RR HH.MI.SS.FF AM'),'STF0001',to_timestamp('08-JUN-06 03.46.00.000000000 PM','DD-MON-RR HH.MI.SS.FF AM'),'STF0001','N','ENABLE','Y',to_timestamp('08-JUN-06 03.46.00.000000000 PM','DD-MON-RR HH.MI.SS.FF AM'),to_timestamp('08-JUN-06 03.46.00.000000000 PM','DD-MON-RR HH.MI.SS.FF AM'),'STF0001','STF0001',null,null,null,null,null,null,0,0,0,null,null,null,0,0,0,'Require Cache Restart','Y');
INSERT INTO TBLMSTANDARDMASTER
   (MASTERID, MASTERTYPEID, NAME, ALIAS, DESCRIPTION, 
    CATEGORYNAME, EDITABLE, CREATEDATE, CREATEDBYSTAFFID, LASTMODIFIEDDATE, 
    LASTMODIFIEDDATEBYSTAFFID, SYSTEMGENERATED, ENABLEDISABLE, SHOWHIDE, ENABLEDISABLECHANGEDATE, 
    SHOWHIDECHANGEDATE, ENABLEDISABLEBYSTAFFID, SHOWHIDEBYSTAFFID, STRPARAM1, STRPARAM2, 
    STRPARAM3, DATEPARAM1, DATEPARAM2, DATEPARAM3, NUMPARAM1, 
    NUMPARAM2, NUMPARAM3, CHARPARAM1, CHARPARAM2, CHARPARAM3, 
    FLOATNUM1, FLOATNUM2, FLOATNUM3, DISPLAYNAME, DISPLAYNAMELOCK)
 VALUES
   ('SMS0138', 'SMT0008', 'Individual', 'INDIVIDUAL_CONCURRENT_LOGIN_POLICY_TYPE', 'Used when Concurrent Login Policy Type is set Individual', 
    'Concurrent Login Policy Type', 'Y', TO_DATE('06/05/2006 11:56:49', 'MM/DD/YYYY HH24:MI:SS'), 'STF0001', TO_DATE('06/05/2006 11:56:49', 'MM/DD/YYYY HH24:MI:SS'), 
    'STF0001', 'N', 'ENABLE', 'Y', TO_DATE('06/05/2006 11:56:49', 'MM/DD/YYYY HH24:MI:SS'), 
    TO_DATE('06/05/2006 11:56:49', 'MM/DD/YYYY HH24:MI:SS'), 'STF0001', 'STF0001', NULL, NULL, 
    NULL, NULL, NULL, NULL, 0, 
    0, 0, NULL, NULL, NULL, 
    0, 0, 0, 'Individual', 'Y');
INSERT INTO TBLMSTANDARDMASTER
   (MASTERID, MASTERTYPEID, NAME, ALIAS, DESCRIPTION, 
    CATEGORYNAME, EDITABLE, CREATEDATE, CREATEDBYSTAFFID, LASTMODIFIEDDATE, 
    LASTMODIFIEDDATEBYSTAFFID, SYSTEMGENERATED, ENABLEDISABLE, SHOWHIDE, ENABLEDISABLECHANGEDATE, 
    SHOWHIDECHANGEDATE, ENABLEDISABLEBYSTAFFID, SHOWHIDEBYSTAFFID, STRPARAM1, STRPARAM2, 
    STRPARAM3, DATEPARAM1, DATEPARAM2, DATEPARAM3, NUMPARAM1, 
    NUMPARAM2, NUMPARAM3, CHARPARAM1, CHARPARAM2, CHARPARAM3, 
    FLOATNUM1, FLOATNUM2, FLOATNUM3, DISPLAYNAME, DISPLAYNAMELOCK)
 VALUES
   ('SMS0139', 'SMT0008', 'Group', 'GROUP_CONCURRENT_LOGIN_POLICY_TYPE', 'Used when Concurrent Login Policy Type is set Group', 
    'Concurrent Login Policy Type', 'Y', TO_DATE('06/05/2006 11:56:49', 'MM/DD/YYYY HH24:MI:SS'), 'STF0001', TO_DATE('06/05/2006 11:56:49', 'MM/DD/YYYY HH24:MI:SS'), 
    'STF0001', 'N', 'ENABLE', 'Y', TO_DATE('06/05/2006 11:56:49', 'MM/DD/YYYY HH24:MI:SS'), 
    TO_DATE('06/05/2006 11:56:49', 'MM/DD/YYYY HH24:MI:SS'), 'STF0001', 'STF0001', NULL, NULL, 
    NULL, NULL, NULL, NULL, 0, 
    0, 0, NULL, NULL, NULL, 
    0, 0, 0, 'Group', 'Y');
INSERT INTO TBLMSTANDARDMASTER
   (MASTERID, MASTERTYPEID, NAME, ALIAS, DESCRIPTION, 
    CATEGORYNAME, EDITABLE, CREATEDATE, CREATEDBYSTAFFID, LASTMODIFIEDDATE, 
    LASTMODIFIEDDATEBYSTAFFID, SYSTEMGENERATED, ENABLEDISABLE, SHOWHIDE, ENABLEDISABLECHANGEDATE, 
    SHOWHIDECHANGEDATE, ENABLEDISABLEBYSTAFFID, SHOWHIDEBYSTAFFID, STRPARAM1, STRPARAM2, 
    STRPARAM3, DATEPARAM1, DATEPARAM2, DATEPARAM3, NUMPARAM1, 
    NUMPARAM2, NUMPARAM3, CHARPARAM1, CHARPARAM2, CHARPARAM3, 
    FLOATNUM1, FLOATNUM2, FLOATNUM3, DISPLAYNAME, DISPLAYNAMELOCK)
 VALUES
   ('SMS0149', 'SMT0008', 'General', 'GENERAL_CONCURRENT_LOGIN_POLICY_MODE', 'Used when Concurrent Login Policy Mode is set General', 
    'Concurrent Login Policy Mode', 'Y', TO_DATE('06/08/2006 15:46:00', 'MM/DD/YYYY HH24:MI:SS'), 'STF0001', TO_DATE('06/08/2006 15:46:00', 'MM/DD/YYYY HH24:MI:SS'), 
    'STF0001', 'N', 'ENABLE', 'Y', TO_DATE('06/08/2006 15:46:00', 'MM/DD/YYYY HH24:MI:SS'), 
    TO_DATE('06/08/2006 15:46:00', 'MM/DD/YYYY HH24:MI:SS'), 'STF0001', 'STF0001', NULL, NULL, 
    NULL, NULL, NULL, NULL, 0, 
    0, 0, NULL, NULL, NULL, 
    0, 0, 0, 'General', 'Y');
INSERT INTO TBLMSTANDARDMASTER
   (MASTERID, MASTERTYPEID, NAME, ALIAS, DESCRIPTION, 
    CATEGORYNAME, EDITABLE, CREATEDATE, CREATEDBYSTAFFID, LASTMODIFIEDDATE, 
    LASTMODIFIEDDATEBYSTAFFID, SYSTEMGENERATED, ENABLEDISABLE, SHOWHIDE, ENABLEDISABLECHANGEDATE, 
    SHOWHIDECHANGEDATE, ENABLEDISABLEBYSTAFFID, SHOWHIDEBYSTAFFID, STRPARAM1, STRPARAM2, 
    STRPARAM3, DATEPARAM1, DATEPARAM2, DATEPARAM3, NUMPARAM1, 
    NUMPARAM2, NUMPARAM3, CHARPARAM1, CHARPARAM2, CHARPARAM3, 
    FLOATNUM1, FLOATNUM2, FLOATNUM3, DISPLAYNAME, DISPLAYNAMELOCK)
 VALUES
   ('SMS0150', 'SMT0008', 'Service Wise', 'SERVICE_WISE_CONCURRENT_LOGIN_POLICY_MODE', 'Used when Concurrent Login Policy Mode is set Service Wise', 
    'Concurrent Login Policy Mode', 'Y', TO_DATE('06/08/2006 15:46:00', 'MM/DD/YYYY HH24:MI:SS'), 'STF0001', TO_DATE('06/08/2006 15:46:00', 'MM/DD/YYYY HH24:MI:SS'), 
    'STF0001', 'N', 'ENABLE', 'Y', TO_DATE('06/08/2006 15:46:00', 'MM/DD/YYYY HH24:MI:SS'), 
    TO_DATE('06/08/2006 15:46:00', 'MM/DD/YYYY HH24:MI:SS'), 'STF0001', 'STF0001', NULL, NULL, 
    NULL, NULL, NULL, NULL, 0, 
    0, 0, NULL, NULL, NULL, 
    0, 0, 0, 'Service Wise', 'Y');

---------------------------------------------------
--   END DATA FOR TABLE TBLMSTANDARDMASTER
---------------------------------------------------

---------------------------------------------------
--   DATA FOR TABLE TBLMSUBBISMODULETYPE
---------------------------------------------------

INSERT INTO TBLMSUBBISMODULETYPE (SUBBISMODULETYPEID,NAME,ALIAS,DESCRIPTION,SYSTEMGENERATED,BISMODULETYPEID,CREATEDATE) VALUES('STY00001','Default','DEFAULT','Default','N','BTY00001',null);

---------------------------------------------------
--   END DATA FOR TABLE TBLMSUBBISMODULETYPE
---------------------------------------------------

---------------------------------------------------
--   DATA FOR TABLE TBLMSUBBISMODULE
---------------------------------------------------

INSERT INTO TBLMSUBBISMODULE (SUBBUSINESSMODULEID,ALIAS,NAME,SYSTEMGENERATED,STATUS,SUBBISMODULETYPEID,DESCRIPTION,FREEZEPROFILE) 
VALUES ('SBM00014','LIST_SYSTEM_PARAMETER','List System Parameter','N','E','STY00001','List System Parameter','E');

INSERT INTO TBLMSUBBISMODULE (SUBBUSINESSMODULEID,ALIAS,NAME,SYSTEMGENERATED,STATUS,SUBBISMODULETYPEID,DESCRIPTION,FREEZEPROFILE) 
VALUES ('SBM00009','LIST_SERVERS','List Servers','N','E','STY00001','List Servers','E');

INSERT INTO TBLMSUBBISMODULE (SUBBUSINESSMODULEID,ALIAS,NAME,SYSTEMGENERATED,STATUS,SUBBISMODULETYPEID,DESCRIPTION,FREEZEPROFILE)
 VALUES('SBM00010','CREATE_SERVER_INSTANCE','Create Server Instance','N','E','STY00001','Create Server Instance','E');

INSERT INTO TBLMSUBBISMODULE (SUBBUSINESSMODULEID,ALIAS,NAME,SYSTEMGENERATED,STATUS,SUBBISMODULETYPEID,DESCRIPTION,FREEZEPROFILE)
 VALUES('SBM00011','CREATE_STAFF','Create Staff','N','E','STY00001','Create Staff','E');

INSERT INTO TBLMSUBBISMODULE (SUBBUSINESSMODULEID,ALIAS,NAME,SYSTEMGENERATED,STATUS,SUBBISMODULETYPEID,DESCRIPTION,FREEZEPROFILE)
 VALUES('SBM00012','SEARCH_STAFF','Search Staff','N','E','STY00001','Search Staff','E');

INSERT INTO TBLMSUBBISMODULE (SUBBUSINESSMODULEID,ALIAS,NAME,SYSTEMGENERATED,STATUS,SUBBISMODULETYPEID,DESCRIPTION,FREEZEPROFILE) 
VALUES ('SBM00020','ROLE_MANAGEMENT','Role Management','N','E','STY00001','Create Radius Policy','E');

INSERT INTO TBLMSUBBISMODULE (SUBBUSINESSMODULEID,ALIAS,NAME,SYSTEMGENERATED,STATUS,SUBBISMODULETYPEID,DESCRIPTION,FREEZEPROFILE) 
VALUES ('SBM00024','STAFF_AUDIT','Staff Audit','N','E','STY00001','Staff Audit','E');


INSERT INTO TBLMSUBBISMODULE 
	(SUBBUSINESSMODULEID,ALIAS,NAME,SYSTEMGENERATED,STATUS,SUBBISMODULETYPEID,DESCRIPTION,FREEZEPROFILE) 
 VALUES
	('SBM00031','UPDATE_SESSION_MANAGER','Update Session Manager','N','E','STY00001','Update Session Manager','E');

INSERT INTO TBLMSUBBISMODULE 
	(SUBBUSINESSMODULEID,ALIAS,NAME,SYSTEMGENERATED,STATUS,SUBBISMODULETYPEID,DESCRIPTION,FREEZEPROFILE) 
 VALUES
	('SBM00032','CREATE_SP_INTERFACE','Create Sp Interface','N','E','STY00001','Create Sp Interface','E');

INSERT INTO TBLMSUBBISMODULE 
	(SUBBUSINESSMODULEID,ALIAS,NAME,SYSTEMGENERATED,STATUS,SUBBISMODULETYPEID,DESCRIPTION,FREEZEPROFILE) 
 VALUES
	('SBM00033','SEARCH_SP_INTERFACE','Search Sp Interface','N','E','STY00001','Search Sp Interface','E');
	

INSERT INTO TBLMSUBBISMODULE 
	(SUBBUSINESSMODULEID,ALIAS,NAME,SYSTEMGENERATED,STATUS,SUBBISMODULETYPEID,DESCRIPTION,FREEZEPROFILE) 
 VALUES
	('SBM00034','CREATE_ALERT_LISTENER','Create Alert Listener','N','E','STY00001','Create Alert Listener','E');

INSERT INTO TBLMSUBBISMODULE 
	(SUBBUSINESSMODULEID,ALIAS,NAME,SYSTEMGENERATED,STATUS,SUBBISMODULETYPEID,DESCRIPTION,FREEZEPROFILE) 
 VALUES
	('SBM00035','SEARCH_ALERT_LISTENER','Search Alert Listener','N','E','STY00001','Search Alert Listener','E');

INSERT INTO TBLMSUBBISMODULE 
	(SUBBUSINESSMODULEID,ALIAS,NAME,SYSTEMGENERATED,STATUS,SUBBISMODULETYPEID,DESCRIPTION,FREEZEPROFILE) 
 VALUES
	('SBM00036','CREATE_PCRF_POLICY','Create PCRF Policy','N','E','STY00001','Create PCRF Policy','E');

INSERT INTO TBLMSUBBISMODULE 
	(SUBBUSINESSMODULEID,ALIAS,NAME,SYSTEMGENERATED,STATUS,SUBBISMODULETYPEID,DESCRIPTION,FREEZEPROFILE) 
 VALUES
	('SBM00037','SEARCH_PCRF_POLICY','Search PCRF Policy','N','E','STY00001','Search PCRF Policy','E');

INSERT INTO TBLMSUBBISMODULE 
	(SUBBUSINESSMODULEID,ALIAS,NAME,SYSTEMGENERATED,STATUS,SUBBISMODULETYPEID,DESCRIPTION,FREEZEPROFILE) 
 VALUES
	('SBM00038','MANAGE_ORDER_PCRF_POLICY','Manage Order PCRF Policy','N','E','STY00001','Manage Order PCRF Policy','E');

INSERT INTO TBLMSUBBISMODULE 
	(SUBBUSINESSMODULEID,ALIAS,NAME,SYSTEMGENERATED,STATUS,SUBBISMODULETYPEID,DESCRIPTION,FREEZEPROFILE) 
 VALUES
	('SBM00039','CREATE_GATEWAY','Create Gateway','N','E','STY00001','Create Gateway','E');

INSERT INTO TBLMSUBBISMODULE 
	(SUBBUSINESSMODULEID,ALIAS,NAME,SYSTEMGENERATED,STATUS,SUBBISMODULETYPEID,DESCRIPTION,FREEZEPROFILE) 
 VALUES
	('SBM00040','SEARCH_GATEWAY','Search Gateway','N','E','STY00001','Search Gateway','E');

INSERT INTO TBLMSUBBISMODULE 
	(SUBBUSINESSMODULEID,ALIAS,NAME,SYSTEMGENERATED,STATUS,SUBBISMODULETYPEID,DESCRIPTION,FREEZEPROFILE) 
 VALUES
	('SBM00041','CREATE_GATEWAY_PROFILE','Create Gateway Profile','N','E','STY00001','Create Gateway Profile','E');

INSERT INTO TBLMSUBBISMODULE 
	(SUBBUSINESSMODULEID,ALIAS,NAME,SYSTEMGENERATED,STATUS,SUBBISMODULETYPEID,DESCRIPTION,FREEZEPROFILE) 
 VALUES
	('SBM00042','SEARCH_GATEWAY_PROFILE','Search Gateway Profile','N','E','STY00001','Search Gateway Profile','E');

INSERT INTO TBLMSUBBISMODULE 
	(SUBBUSINESSMODULEID,ALIAS,NAME,SYSTEMGENERATED,STATUS,SUBBISMODULETYPEID,DESCRIPTION,FREEZEPROFILE) 
 VALUES
	('SBM00043','CREATE_PACKET_MAPPING','Create Packet Mapping','N','E','STY00001','Create Packet Mapping','E');

INSERT INTO TBLMSUBBISMODULE 
	(SUBBUSINESSMODULEID,ALIAS,NAME,SYSTEMGENERATED,STATUS,SUBBISMODULETYPEID,DESCRIPTION,FREEZEPROFILE) 
 VALUES
	('SBM00044','SEARCH_PACKET_MAPPING','Search Packet Mapping','N','E','STY00001','Search Packet Mapping','E');

INSERT INTO TBLMSUBBISMODULE 
	(SUBBUSINESSMODULEID,ALIAS,NAME,SYSTEMGENERATED,STATUS,SUBBISMODULETYPEID,DESCRIPTION,FREEZEPROFILE) 
 VALUES
	('SBM00069','CREATE_LDAP_DATASOURCE','Create LDAP Datasource','N','E','STY00001','Create LDAP Datasource','E');

INSERT INTO TBLMSUBBISMODULE 
	(SUBBUSINESSMODULEID,ALIAS,NAME,SYSTEMGENERATED,STATUS,SUBBISMODULETYPEID,DESCRIPTION,FREEZEPROFILE) 
 VALUES
	('SBM00070','SEARCH_LDAP_DATASOURCE','Search LDAP Datasource','N','E','STY00001','Search LDAP Datasource','E');

INSERT INTO TBLMSUBBISMODULE 
	(SUBBUSINESSMODULEID,ALIAS,NAME,SYSTEMGENERATED,STATUS,SUBBISMODULETYPEID,DESCRIPTION,FREEZEPROFILE) 
 VALUES
	('SBM00071','CREATE_DATABASE_DATASOURCE','Create Database Datasource','N','E','STY00001','Create Database Datasource','E');

INSERT INTO TBLMSUBBISMODULE 
	(SUBBUSINESSMODULEID,ALIAS,NAME,SYSTEMGENERATED,STATUS,SUBBISMODULETYPEID,DESCRIPTION,FREEZEPROFILE) 
 VALUES
	('SBM00072','SEARCH_DATABASE_DATASOURCE','Search Database Datasource','N','E','STY00001','Search Database Datasource','E');

INSERT INTO TBLMSUBBISMODULE 
	(SUBBUSINESSMODULEID,ALIAS,NAME,SYSTEMGENERATED,STATUS,SUBBISMODULETYPEID,DESCRIPTION,FREEZEPROFILE) 
 VALUES
	('SBM00073','CREATE_BICEA_TEMPLATE','Create BICEA Template','N','E','STY00001','Create BICEA Template','E');

INSERT INTO TBLMSUBBISMODULE 
	(SUBBUSINESSMODULEID,ALIAS,NAME,SYSTEMGENERATED,STATUS,SUBBISMODULETYPEID,DESCRIPTION,FREEZEPROFILE) 
 VALUES
	('SBM00074','SEARCH_BICEA_TEMPLATE','Search BICEA Template','N','E','STY00001','Search BICEA Template','E');

INSERT INTO TBLMSUBBISMODULE 
	(SUBBUSINESSMODULEID,ALIAS,NAME,SYSTEMGENERATED,STATUS,SUBBISMODULETYPEID,DESCRIPTION,FREEZEPROFILE) 
 VALUES
	('SBM00077','CREATE_DEVICE_MANAGEMENT','Create Device Management','N','E','STY00001','Create Device Management','E');

INSERT INTO TBLMSUBBISMODULE 
	(SUBBUSINESSMODULEID,ALIAS,NAME,SYSTEMGENERATED,STATUS,SUBBISMODULETYPEID,DESCRIPTION,FREEZEPROFILE) 
 VALUES
	('SBM00078','SEARCH_DEVICE_MANAGEMENT','Search Device Management','N','E','STY00001','Search Device Management','E');
	

INSERT INTO TBLMSUBBISMODULE(SUBBUSINESSMODULEID,ALIAS,NAME,SYSTEMGENERATED,STATUS,SUBBISMODULETYPEID,DESCRIPTION,FREEZEPROFILE) VALUES
('SBM00089','PASSWORD_CONFIG','Change Password','N','E','STY00001','Change Password','E');

INSERT INTO TBLMSUBBISMODULE(SUBBUSINESSMODULEID,ALIAS,NAME,SYSTEMGENERATED,STATUS,SUBBISMODULETYPEID,DESCRIPTION,FREEZEPROFILE) VALUES
('SBM00090','MANAGE_ACTIVE_SESSSION','Manage Active Session','N','E','STY00001','Manage Active Session','E');

INSERT INTO TBLMSUBBISMODULE(SUBBUSINESSMODULEID,ALIAS,NAME,SYSTEMGENERATED,STATUS,SUBBISMODULETYPEID,DESCRIPTION,FREEZEPROFILE) VALUES
('SBM00091','CREATE_DRIVER_INSTANCE','Create Driver Instance','N','E','STY00001','Create Driver Instance','E');

INSERT INTO TBLMSUBBISMODULE(SUBBUSINESSMODULEID,ALIAS,NAME,SYSTEMGENERATED,STATUS,SUBBISMODULETYPEID,DESCRIPTION,FREEZEPROFILE) VALUES
('SBM00092','SEARCH_DRIVER_INSTANCE','Search Driver Instance','N','E','STY00001','Search Driver Instance','E');

INSERT INTO TBLMSUBBISMODULE (SUBBUSINESSMODULEID,ALIAS,NAME,SYSTEMGENERATED,STATUS,SUBBISMODULETYPEID,DESCRIPTION,FREEZEPROFILE) 
VALUES('SBM00093','SERVER_CERTIFICATE','Server Certificate','N','E','STY00001','Server Certificate','E');

INSERT INTO TBLMSUBBISMODULE (SUBBUSINESSMODULEID,ALIAS,NAME,SYSTEMGENERATED,STATUS,SUBBISMODULETYPEID,DESCRIPTION,FREEZEPROFILE) 
VALUES ('SBM00094','TRUSTED_CERTIFICATE','Trusted Certificate','N','E','STY00001','Trusted Certificate','E');

INSERT INTO TBLMSUBBISMODULE (SUBBUSINESSMODULEID,ALIAS,NAME,SYSTEMGENERATED,STATUS,SUBBISMODULETYPEID,DESCRIPTION,FREEZEPROFILE) 
VALUES ('SBM00095','CERTIFICATE_REVOCATION_LIST','Certificate Revocation List','N','E','STY00001','Certificate Revocation List','E');

INSERT INTO TBLMSUBBISMODULE (SUBBUSINESSMODULEID,ALIAS,NAME,SYSTEMGENERATED,STATUS,SUBBISMODULETYPEID,DESCRIPTION,FREEZEPROFILE) 
VALUES('SBM00097','REGION_MANAGEMENT','Region Management','N','E','STY00001','Region Management','E');
INSERT INTO TBLMSUBBISMODULE (SUBBUSINESSMODULEID,ALIAS,NAME,SYSTEMGENERATED,STATUS,SUBBISMODULETYPEID,DESCRIPTION,FREEZEPROFILE) 
VALUES('SBM00098','CITY_MANAGEMENT','City Management','N','E','STY00001','City Management','E');
INSERT INTO TBLMSUBBISMODULE (SUBBUSINESSMODULEID,ALIAS,NAME,SYSTEMGENERATED,STATUS,SUBBISMODULETYPEID,DESCRIPTION,FREEZEPROFILE) 
VALUES('SBM00099','AREA_MANAGEMENT','Area Management','N','E','STY00001','Area Management','E');

INSERT INTO TBLMSUBBISMODULE (SUBBUSINESSMODULEID,ALIAS,NAME,SYSTEMGENERATED,STATUS,SUBBISMODULETYPEID,DESCRIPTION,FREEZEPROFILE) 
VALUES ('SBM00105','GROUP_MANAGEMENT','Group Managment','N','E','STY00001','Group Managemet','E');

COMMIT; 
---------------------------------------------------
--   END DATA FOR TABLE TBLMSUBBISMODULE
---------------------------------------------------


---------------------------------------------------
--   DATA FOR TABLE TBLMSYSTEMPARAMETER
---------------------------------------------------

INSERT INTO TBLMSYSTEMPARAMETER (PARAMETERID,NAME,ALIAS,VALUE,SYSTEMGENERATED,DESCRIPTION) VALUES('1','Date Format','DATE_FORMAT','MM/dd/yyyy HH:mm:ss','N','dd : Day, MM : Month, yy : Year, hh : Hour, mm : Minutes, ss : Seconds');
INSERT INTO TBLMSYSTEMPARAMETER (PARAMETERID,NAME,ALIAS,VALUE,SYSTEMGENERATED,DESCRIPTION) VALUES('2','Short Date Format','SHORT_DATE_FORMAT','MM/dd/yyyy','N','dd : Day, MM : Month, yy : Year');
INSERT INTO TBLMSYSTEMPARAMETER (PARAMETERID,NAME,ALIAS,VALUE,SYSTEMGENERATED,DESCRIPTION) VALUES('19','Datasource Max Row','TOTAL_ROW','50','N','Total Number of Row Display in Search');
INSERT INTO TBLMSYSTEMPARAMETER (PARAMETERID,NAME,ALIAS,VALUE,SYSTEMGENERATED,DESCRIPTION) VALUES('20','Datasource Max Field','TOTAL_FIELD','5','N','Total Number of Field Display in Row');
INSERT INTO TBLMSYSTEMPARAMETER (PARAMETERID,NAME,ALIAS,VALUE,SYSTEMGENERATED,DESCRIPTION) VALUES('21','Update Action For WS','UPDATE_ACTION','0','N','Update Action on Subscription or Subscriber policy change. Possible options: 0(No_Action), 1(ReAuth_Session), 2(Disconnect Session)');
INSERT INTO TBLMSYSTEMPARAMETER (PARAMETERID,NAME,ALIAS,SYSTEMGENERATED,DESCRIPTION) VALUES('30','Param 1 Field Label','PARAM_1','N','Label of package param1 attribute. Default Param 1 if no label is configured.');
INSERT INTO TBLMSYSTEMPARAMETER (PARAMETERID,NAME,ALIAS,SYSTEMGENERATED,DESCRIPTION) VALUES('31','Param 2 Field Label','PARAM_2','N','Label of package param2 attribute. Default Param 2 if no label is configured.');

---------------------------------------------------
--   END DATA FOR TABLE TBLMSYSTEMPARAMETER
---------------------------------------------------


INSERT INTO TBLMSYSTEMPARAMETERVALUEPOOL VALUES('1',21,'No_Action(0)','0');
INSERT INTO TBLMSYSTEMPARAMETERVALUEPOOL VALUES('2',21,'ReAuth_Session(1)','1');
INSERT INTO TBLMSYSTEMPARAMETERVALUEPOOL VALUES('3',21,'Disconnect_Session(2)','2');
COMMIT;

---------------------------------------------------
--   DATA FOR TABLE TBLSDATATYPE
---------------------------------------------------

--RADIUS DICTIONARY DATATYPE--
INSERT INTO TBLSDATATYPE (DATATYPEID,ALIAS,NAME,DESCRIPTION,SYSTEMGENERATED,JAVASCRIPTREGEX,JAVAREGEX,ERRORMESSAGE,DICTIONARYTYPE) VALUES('DTT00','DEFAULT','default','Default','Y',null,null,null,'R');
INSERT INTO TBLSDATATYPE (DATATYPEID,ALIAS,NAME,DESCRIPTION,SYSTEMGENERATED,JAVASCRIPTREGEX,JAVAREGEX,ERRORMESSAGE,DICTIONARYTYPE) VALUES('DTT01','INTEGER','integer','Integer','N','/^-{0,1}\\d+$/',null,'Please enter integer value for $','R');
INSERT INTO TBLSDATATYPE (DATATYPEID,ALIAS,NAME,DESCRIPTION,SYSTEMGENERATED,JAVASCRIPTREGEX,JAVAREGEX,ERRORMESSAGE,DICTIONARYTYPE) VALUES('DTT02','FLOAT','float','Float','N','/(^-{0,1}\\d\\d*\\.\\d*$)|(^-{0,1}\\d\\d*$)|(^-{0,1}\\.\\d\\d*$)/',null,'Please enter float value for $','R');
INSERT INTO TBLSDATATYPE (DATATYPEID,ALIAS,NAME,DESCRIPTION,SYSTEMGENERATED,JAVASCRIPTREGEX,JAVAREGEX,ERRORMESSAGE,DICTIONARYTYPE) VALUES('DTT03','STRING','string','String','N',null,null,null,'R');
INSERT INTO TBLSDATATYPE (DATATYPEID,ALIAS,NAME,DESCRIPTION,SYSTEMGENERATED,JAVASCRIPTREGEX,JAVAREGEX,ERRORMESSAGE,DICTIONARYTYPE) VALUES('DTT04','EMAIL','email','Email','N','/^\\w+(\\-\\w+)*(\\.\\w+(\\-\\w+)*)*@\\w+(\\-\\w+)*(\\.\\w+(\\-\\w+)*)+$/',null,'Please enter valid email address for $','R');
INSERT INTO TBLSDATATYPE (DATATYPEID,ALIAS,NAME,DESCRIPTION,SYSTEMGENERATED,JAVASCRIPTREGEX,JAVAREGEX,ERRORMESSAGE,DICTIONARYTYPE) VALUES('DTT05','PASSWORD','password','Password','N',null,null,null,'R');
INSERT INTO TBLSDATATYPE (DATATYPEID,ALIAS,NAME,DESCRIPTION,SYSTEMGENERATED,JAVASCRIPTREGEX,JAVAREGEX,ERRORMESSAGE,DICTIONARYTYPE) VALUES('DTT06','CURRENCY','currency','Currency','N','/(^\\d\\d*\\.\\d*$)|(^\\d\\d*$)|(^\\.\\d\\d*$)/',null,'Please enter amount for $','R');
INSERT INTO TBLSDATATYPE (DATATYPEID,ALIAS,NAME,DESCRIPTION,SYSTEMGENERATED,JAVASCRIPTREGEX,JAVAREGEX,ERRORMESSAGE,DICTIONARYTYPE) VALUES('DTT07','IP','ipaddr','IP Address','N','/^([0-9]|[1-9][0-9]|[1-2][0-5][0-5])[.]([0-9]|[1-9][0-9]|[1-2][0-5][0-5])[.]([0-9]|[1-9][0-9]|[1-2][0-5][0-5])[.]([0-9]|[1-9][0-9]|[1-2][0-5][0-5])$/',null,'Please enter valid IP address for $','R');
INSERT INTO TBLSDATATYPE (DATATYPEID,ALIAS,NAME,DESCRIPTION,SYSTEMGENERATED,JAVASCRIPTREGEX,JAVAREGEX,ERRORMESSAGE,DICTIONARYTYPE) VALUES('DTT08','PERCENTAGE','percentage','Percentage','N','/^0*[1-9]\\d?$|^0*[1-9]\\d?\\.\\d?\\d?$|^0*100\\.0?0?$|^0*100$|^0*\\.\\d?[1-9]$|^0*\\.[1-9]\\d?$/',null,'Please enter percentage value for $','R');
INSERT INTO TBLSDATATYPE (DATATYPEID,ALIAS,NAME,DESCRIPTION,SYSTEMGENERATED,JAVASCRIPTREGEX,JAVAREGEX,ERRORMESSAGE,DICTIONARYTYPE) VALUES('DTT09','JAVAVARIABLE','javavariable','Java Variable','N','/(^[A-Za-z](1)[A-Za-z0-9_]*$)/',null,'Please enter valid Java Variable for $','R');
INSERT INTO TBLSDATATYPE (DATATYPEID,ALIAS,NAME,DESCRIPTION,SYSTEMGENERATED,JAVASCRIPTREGEX,JAVAREGEX,ERRORMESSAGE,DICTIONARYTYPE) VALUES('DTT10','OCTETS','octets','Octets','N','/(^[A-Za-z0-9]*$)/',null,'Please enter octets value for $','R');
INSERT INTO TBLSDATATYPE (DATATYPEID,ALIAS,NAME,DESCRIPTION,SYSTEMGENERATED,JAVASCRIPTREGEX,JAVAREGEX,ERRORMESSAGE,DICTIONARYTYPE) VALUES('DTT11','GROUPED','grouped','Grouped','N',null,null,null,'R');

INSERT INTO TBLSDATATYPE (DATATYPEID,ALIAS,NAME,DESCRIPTION,SYSTEMGENERATED,JAVASCRIPTREGEX,JAVAREGEX,ERRORMESSAGE,DICTIONARYTYPE) VALUES('DTT35','SHORT','short','Short','N',null,null,null,'R');
INSERT INTO TBLSDATATYPE (DATATYPEID,ALIAS,NAME,DESCRIPTION,SYSTEMGENERATED,JAVASCRIPTREGEX,JAVAREGEX,ERRORMESSAGE,DICTIONARYTYPE) VALUES('DTT36','DATE','date','Date','N',null,null,null,'R');
INSERT INTO TBLSDATATYPE (DATATYPEID,ALIAS,NAME,DESCRIPTION,SYSTEMGENERATED,JAVASCRIPTREGEX,JAVAREGEX,ERRORMESSAGE,DICTIONARYTYPE) VALUES('DTT37','EUI64','EUI64','EUI64','N',null,null,null,'R');
INSERT INTO TBLSDATATYPE (DATATYPEID,ALIAS,NAME,DESCRIPTION,SYSTEMGENERATED,JAVASCRIPTREGEX,JAVAREGEX,ERRORMESSAGE,DICTIONARYTYPE) VALUES('DTT38','BYTE','byte','Byte ','N',null,null,null,'R');
INSERT INTO TBLSDATATYPE (DATATYPEID,ALIAS,NAME,DESCRIPTION,SYSTEMGENERATED,JAVASCRIPTREGEX,JAVAREGEX,ERRORMESSAGE,DICTIONARYTYPE) VALUES('DTT39','IPV6PREFIX','ipv6prefix','IPV6PREFIX ','N',null,null,null,'R');
INSERT INTO TBLSDATATYPE (DATATYPEID,ALIAS,NAME,DESCRIPTION,SYSTEMGENERATED,JAVASCRIPTREGEX,JAVAREGEX,ERRORMESSAGE,DICTIONARYTYPE) VALUES('DTT40','PREPAIDTLV','prepaidTLV','PREPAIDTLV ','N',null,null,null,'R');


--DIAMETER DICTIONARY DATATYPE--
INSERT INTO TBLSDATATYPE (DATATYPEID,ALIAS,NAME,DESCRIPTION,SYSTEMGENERATED,JAVASCRIPTREGEX,JAVAREGEX,ERRORMESSAGE,DICTIONARYTYPE) VALUES('DTT12','GROUPED','Grouped','Grouped','N',null,null,null,'D');
INSERT INTO TBLSDATATYPE (DATATYPEID,ALIAS,NAME,DESCRIPTION,SYSTEMGENERATED,JAVASCRIPTREGEX,JAVAREGEX,ERRORMESSAGE,DICTIONARYTYPE) VALUES('DTT13','OCTETSTRING','OctetString','OCTETSTRING','N',null,null,null,'D');
INSERT INTO TBLSDATATYPE (DATATYPEID,ALIAS,NAME,DESCRIPTION,SYSTEMGENERATED,JAVASCRIPTREGEX,JAVAREGEX,ERRORMESSAGE,DICTIONARYTYPE) VALUES('DTT14','UNSIGNED64','Unsigned64','UNSIGNED64','N',null,null,null,'D');
INSERT INTO TBLSDATATYPE (DATATYPEID,ALIAS,NAME,DESCRIPTION,SYSTEMGENERATED,JAVASCRIPTREGEX,JAVAREGEX,ERRORMESSAGE,DICTIONARYTYPE) VALUES('DTT15','UNSIGNED32','Unsigned32','UNSIGNED32','N',null,null,null,'D');
INSERT INTO TBLSDATATYPE (DATATYPEID,ALIAS,NAME,DESCRIPTION,SYSTEMGENERATED,JAVASCRIPTREGEX,JAVAREGEX,ERRORMESSAGE,DICTIONARYTYPE) VALUES('DTT16','ENUMERATED','Enumerated','ENUMERATED','N',null,null,null,'D');
INSERT INTO TBLSDATATYPE (DATATYPEID,ALIAS,NAME,DESCRIPTION,SYSTEMGENERATED,JAVASCRIPTREGEX,JAVAREGEX,ERRORMESSAGE,DICTIONARYTYPE) VALUES('DTT17','UTF8STRING','UTF8String','UTF8STRING','N',null,null,null,'D');
INSERT INTO TBLSDATATYPE (DATATYPEID,ALIAS,NAME,DESCRIPTION,SYSTEMGENERATED,JAVASCRIPTREGEX,JAVAREGEX,ERRORMESSAGE,DICTIONARYTYPE) VALUES('DTT18','INTEGER32','Integer32','INTEGER32','N',null,null,null,'D');
INSERT INTO TBLSDATATYPE (DATATYPEID,ALIAS,NAME,DESCRIPTION,SYSTEMGENERATED,JAVASCRIPTREGEX,JAVAREGEX,ERRORMESSAGE,DICTIONARYTYPE) VALUES('DTT19','IPFILTRRULE','IPFiltrRule','IPFILTRRULE','N',null,null,null,'D');
INSERT INTO TBLSDATATYPE (DATATYPEID,ALIAS,NAME,DESCRIPTION,SYSTEMGENERATED,JAVASCRIPTREGEX,JAVAREGEX,ERRORMESSAGE,DICTIONARYTYPE) VALUES('DTT20','STRING','string','String','N',null,null,null,'D');
INSERT INTO TBLSDATATYPE (DATATYPEID,ALIAS,NAME,DESCRIPTION,SYSTEMGENERATED,JAVASCRIPTREGEX,JAVAREGEX,ERRORMESSAGE,DICTIONARYTYPE) VALUES('DTT21','TIME','Time','TIME','N',null,null,null,'D');
INSERT INTO TBLSDATATYPE (DATATYPEID,ALIAS,NAME,DESCRIPTION,SYSTEMGENERATED,JAVASCRIPTREGEX,JAVAREGEX,ERRORMESSAGE,DICTIONARYTYPE) VALUES('DTT23',' FLOAT32','Float32',' FLOAT32','N',null,null,null,'D');
INSERT INTO TBLSDATATYPE (DATATYPEID,ALIAS,NAME,DESCRIPTION,SYSTEMGENERATED,JAVASCRIPTREGEX,JAVAREGEX,ERRORMESSAGE,DICTIONARYTYPE) VALUES('DTT24',' FLOAT64','Float64',' FLOAT64','N',null,null,null,'D');
INSERT INTO TBLSDATATYPE (DATATYPEID,ALIAS,NAME,DESCRIPTION,SYSTEMGENERATED,JAVASCRIPTREGEX,JAVAREGEX,ERRORMESSAGE,DICTIONARYTYPE) VALUES('DTT25',' DIAMETERIDENTITY','DiameterIdentity','DiameterIdentity','N',null,null,null,'D');
INSERT INTO TBLSDATATYPE (DATATYPEID,ALIAS,NAME,DESCRIPTION,SYSTEMGENERATED,JAVASCRIPTREGEX,JAVAREGEX,ERRORMESSAGE,DICTIONARYTYPE) VALUES('DTT26',' IPFILTERRULE','IPFilterRule','IPFilterRule','N',null,null,null,'D');
INSERT INTO TBLSDATATYPE (DATATYPEID,ALIAS,NAME,DESCRIPTION,SYSTEMGENERATED,JAVASCRIPTREGEX,JAVAREGEX,ERRORMESSAGE,DICTIONARYTYPE) VALUES('DTT27',' QOSFILETERRULE','QoSFilterRule','QoSFilterRule','N',null,null,null,'D');
INSERT INTO TBLSDATATYPE (DATATYPEID,ALIAS,NAME,DESCRIPTION,SYSTEMGENERATED,JAVASCRIPTREGEX,JAVAREGEX,ERRORMESSAGE,DICTIONARYTYPE) VALUES('DTT28',' DIAMETERURI','DiamURI','DiameterURI','N',null,null,null,'D');
INSERT INTO TBLSDATATYPE (DATATYPEID,ALIAS,NAME,DESCRIPTION,SYSTEMGENERATED,JAVASCRIPTREGEX,JAVAREGEX,ERRORMESSAGE,DICTIONARYTYPE) VALUES('DTT29',' IPAddress','IPAddress','IPAddress','N',null,null,null,'D');

INSERT INTO TBLSDATATYPE (DATATYPEID,ALIAS,NAME,DESCRIPTION,SYSTEMGENERATED,JAVASCRIPTREGEX,JAVAREGEX,ERRORMESSAGE,DICTIONARYTYPE) VALUES('DTT30','INTEGER64','Integer64','INTEGER64','N',null,null,null,'D');
INSERT INTO TBLSDATATYPE (DATATYPEID,ALIAS,NAME,DESCRIPTION,SYSTEMGENERATED,JAVASCRIPTREGEX,JAVAREGEX,ERRORMESSAGE,DICTIONARYTYPE) VALUES('DTT31','USERLOCATIONINFO','UserLocationInfo','USERLOCATIONINFO','N',null,null,null,'D');
INSERT INTO TBLSDATATYPE (DATATYPEID,ALIAS,NAME,DESCRIPTION,SYSTEMGENERATED,JAVASCRIPTREGEX,JAVAREGEX,ERRORMESSAGE,DICTIONARYTYPE) VALUES('DTT32','ADDRESS','Address','ADDRESS','N',null,null,null,'D');
INSERT INTO TBLSDATATYPE (DATATYPEID,ALIAS,NAME,DESCRIPTION,SYSTEMGENERATED,JAVASCRIPTREGEX,JAVAREGEX,ERRORMESSAGE,DICTIONARYTYPE) VALUES('DTT33','UTF8STRING','UTF8String','UTF8STRING','N',null,null,null,'D');
INSERT INTO TBLSDATATYPE (DATATYPEID,ALIAS,NAME,DESCRIPTION,SYSTEMGENERATED,JAVASCRIPTREGEX,JAVAREGEX,ERRORMESSAGE,DICTIONARYTYPE) VALUES('DTT34','UNSIGNED32','Unsigned32','UNSIGNED32','N',null,null,null,'D');
INSERT INTO TBLSDATATYPE (DATATYPEID,ALIAS,NAME,DESCRIPTION,SYSTEMGENERATED,JAVASCRIPTREGEX,JAVAREGEX,ERRORMESSAGE,DICTIONARYTYPE) VALUES('DTT41','USEREQUIPMENTINFO','UserEquipmentInfo','USEREQUIPMENTINFO','N',null,null,null,'D');
INSERT INTO TBLSDATATYPE (DATATYPEID,ALIAS,NAME,DESCRIPTION,SYSTEMGENERATED,JAVASCRIPTREGEX,JAVAREGEX,ERRORMESSAGE,DICTIONARYTYPE) VALUES('DTT42','USEREQUIPMENTINFOVALUE','UserEquipmentInfoValue','USEREQUIPMENTINFOVALUE','N',null,null,null,'D');




---------------------------------------------------
--   END DATA FOR TABLE TBLSDATATYPE
---------------------------------------------------

---------------------------------------------------
--   DATA FOR TABLE TBLTBISMODELMODULEREL
---------------------------------------------------



INSERT INTO TBLTBISMODELMODULEREL (BUSINESSMODELID,BUSINESSMODULEID,STATUS) VALUES('BM000005','BMO00006','E');
INSERT INTO TBLTBISMODELMODULEREL (BUSINESSMODELID,BUSINESSMODULEID,STATUS) VALUES('BM000004','BMO00007','E');
INSERT INTO TBLTBISMODELMODULEREL (BUSINESSMODELID,BUSINESSMODULEID,STATUS) VALUES('BM000004','BMO00008','E');

INSERT INTO TBLTBISMODELMODULEREL (BUSINESSMODELID,BUSINESSMODULEID,STATUS) VALUES ('BM000005','BMO00011','E');
INSERT INTO TBLTBISMODELMODULEREL (BUSINESSMODELID,BUSINESSMODULEID,STATUS) VALUES ('BM000005','BMO00012','E');
INSERT INTO TBLTBISMODELMODULEREL (BUSINESSMODELID,BUSINESSMODULEID,STATUS) VALUES ('BM000005','BMO00013','E');
INSERT INTO TBLTBISMODELMODULEREL (BUSINESSMODELID,BUSINESSMODULEID,STATUS) VALUES ('BM000006','BMO00014','E');
INSERT INTO TBLTBISMODELMODULEREL (BUSINESSMODELID,BUSINESSMODULEID,STATUS) VALUES ('BM000007','BMO00015','E');
INSERT INTO TBLTBISMODELMODULEREL (BUSINESSMODELID,BUSINESSMODULEID,STATUS) VALUES ('BM000007','BMO00016','E');
INSERT INTO TBLTBISMODELMODULEREL (BUSINESSMODELID,BUSINESSMODULEID,STATUS) VALUES ('BM000007','BMO00017','E');
INSERT INTO TBLTBISMODELMODULEREL (BUSINESSMODELID,BUSINESSMODULEID,STATUS) VALUES ('BM000011','BMO00030','E');
INSERT INTO TBLTBISMODELMODULEREL (BUSINESSMODELID,BUSINESSMODULEID,STATUS) VALUES ('BM000011','BMO00031','E');
INSERT INTO TBLTBISMODELMODULEREL (BUSINESSMODELID,BUSINESSMODULEID,STATUS) VALUES ('BM000012','BMO00032','E');
INSERT INTO TBLTBISMODELMODULEREL (BUSINESSMODELID,BUSINESSMODULEID,STATUS) VALUES ('BM000013','BMO00034','E');
INSERT INTO TBLTBISMODELMODULEREL (BUSINESSMODELID,BUSINESSMODULEID,STATUS) VALUES ('BM000005','BMO00042','E');
INSERT INTO TBLTBISMODELMODULEREL (BUSINESSMODELID,BUSINESSMODULEID,STATUS) VALUES ('BM000015','BMO00043','E');
INSERT INTO TBLTBISMODELMODULEREL (BUSINESSMODELID,BUSINESSMODULEID,STATUS) VALUES ('BM000015','BMO00044','E');
INSERT INTO TBLTBISMODELMODULEREL (BUSINESSMODELID,BUSINESSMODULEID,STATUS) VALUES ('BM000015','BMO00045','E');
INSERT INTO TBLTBISMODELMODULEREL (BUSINESSMODELID,BUSINESSMODULEID,STATUS) VALUES ('BM000005','BMO00049','E');



---------------------------------------------------
--   END DATA FOR TABLE TBLTBISMODELMODULEREL
---------------------------------------------------


---------------------------------------------------
--   DATA FOR TABLE TBLTBISMODULESUBBISMODULEREL
---------------------------------------------------

INSERT INTO TBLTBISMODULESUBBISMODULEREL (BUSINESSMODULEID,SUBBUSINESSMODULEID,STATUS) VALUES('BMO00006','SBM00009','E');
INSERT INTO TBLTBISMODULESUBBISMODULEREL (BUSINESSMODULEID,SUBBUSINESSMODULEID,STATUS) VALUES('BMO00006','SBM00010','E');
INSERT INTO TBLTBISMODULESUBBISMODULEREL (BUSINESSMODULEID,SUBBUSINESSMODULEID,STATUS) VALUES('BMO00007','SBM00011','E');
INSERT INTO TBLTBISMODULESUBBISMODULEREL (BUSINESSMODULEID,SUBBUSINESSMODULEID,STATUS) VALUES('BMO00007','SBM00012','E');
INSERT INTO TBLTBISMODULESUBBISMODULEREL (BUSINESSMODULEID,SUBBUSINESSMODULEID,STATUS) VALUES('BMO00008','SBM00014','E');
INSERT INTO TBLTBISMODULESUBBISMODULEREL (BUSINESSMODULEID,SUBBUSINESSMODULEID,STATUS) VALUES('BMO00007','SBM00020','E');
INSERT INTO TBLTBISMODULESUBBISMODULEREL (BUSINESSMODULEID,SUBBUSINESSMODULEID,STATUS) VALUES('BMO00007','SBM00024','E');
INSERT INTO TBLTBISMODULESUBBISMODULEREL (BUSINESSMODULEID,SUBBUSINESSMODULEID,STATUS) VALUES('BMO00007','SBM00105','E');

INSERT INTO TBLTBISMODULESUBBISMODULEREL (BUSINESSMODULEID, SUBBUSINESSMODULEID, STATUS) VALUES('BMO00004', 'SBM00007', 'E');
INSERT INTO TBLTBISMODULESUBBISMODULEREL (BUSINESSMODULEID, SUBBUSINESSMODULEID, STATUS) VALUES('BMO00004', 'SBM00008', 'E');
INSERT INTO TBLTBISMODULESUBBISMODULEREL (BUSINESSMODULEID,SUBBUSINESSMODULEID,STATUS) VALUES('BMO00011','SBM00031','E');
INSERT INTO TBLTBISMODULESUBBISMODULEREL (BUSINESSMODULEID,SUBBUSINESSMODULEID,STATUS) VALUES('BMO00012','SBM00032','E');
INSERT INTO TBLTBISMODULESUBBISMODULEREL (BUSINESSMODULEID,SUBBUSINESSMODULEID,STATUS) VALUES('BMO00012','SBM00033','E');
INSERT INTO TBLTBISMODULESUBBISMODULEREL (BUSINESSMODULEID,SUBBUSINESSMODULEID,STATUS) VALUES('BMO00013','SBM00034','E');
INSERT INTO TBLTBISMODULESUBBISMODULEREL (BUSINESSMODULEID,SUBBUSINESSMODULEID,STATUS) VALUES('BMO00013','SBM00035','E');
INSERT INTO TBLTBISMODULESUBBISMODULEREL (BUSINESSMODULEID,SUBBUSINESSMODULEID,STATUS) VALUES('BMO00014','SBM00036','E');
INSERT INTO TBLTBISMODULESUBBISMODULEREL (BUSINESSMODULEID,SUBBUSINESSMODULEID,STATUS) VALUES('BMO00014','SBM00037','E');
INSERT INTO TBLTBISMODULESUBBISMODULEREL (BUSINESSMODULEID,SUBBUSINESSMODULEID,STATUS) VALUES('BMO00014','SBM00038','E');
INSERT INTO TBLTBISMODULESUBBISMODULEREL (BUSINESSMODULEID,SUBBUSINESSMODULEID,STATUS) VALUES('BMO00015','SBM00039','E');
INSERT INTO TBLTBISMODULESUBBISMODULEREL (BUSINESSMODULEID,SUBBUSINESSMODULEID,STATUS) VALUES('BMO00015','SBM00040','E');
INSERT INTO TBLTBISMODULESUBBISMODULEREL (BUSINESSMODULEID,SUBBUSINESSMODULEID,STATUS) VALUES('BMO00016','SBM00041','E');
INSERT INTO TBLTBISMODULESUBBISMODULEREL (BUSINESSMODULEID,SUBBUSINESSMODULEID,STATUS) VALUES('BMO00016','SBM00042','E');
INSERT INTO TBLTBISMODULESUBBISMODULEREL (BUSINESSMODULEID,SUBBUSINESSMODULEID,STATUS) VALUES('BMO00017','SBM00043','E');
INSERT INTO TBLTBISMODULESUBBISMODULEREL (BUSINESSMODULEID,SUBBUSINESSMODULEID,STATUS) VALUES('BMO00017','SBM00044','E');
INSERT INTO TBLTBISMODULESUBBISMODULEREL (BUSINESSMODULEID,SUBBUSINESSMODULEID,STATUS) VALUES('BMO00030','SBM00069','E');
INSERT INTO TBLTBISMODULESUBBISMODULEREL (BUSINESSMODULEID,SUBBUSINESSMODULEID,STATUS) VALUES('BMO00030','SBM00070','E');
INSERT INTO TBLTBISMODULESUBBISMODULEREL (BUSINESSMODULEID,SUBBUSINESSMODULEID,STATUS) VALUES('BMO00031','SBM00071','E');
INSERT INTO TBLTBISMODULESUBBISMODULEREL (BUSINESSMODULEID,SUBBUSINESSMODULEID,STATUS) VALUES('BMO00031','SBM00072','E');
INSERT INTO TBLTBISMODULESUBBISMODULEREL (BUSINESSMODULEID,SUBBUSINESSMODULEID,STATUS) VALUES('BMO00032','SBM00073','E');
INSERT INTO TBLTBISMODULESUBBISMODULEREL (BUSINESSMODULEID,SUBBUSINESSMODULEID,STATUS) VALUES('BMO00034','SBM00077','E');
INSERT INTO TBLTBISMODULESUBBISMODULEREL (BUSINESSMODULEID,SUBBUSINESSMODULEID,STATUS) VALUES('BMO00034','SBM00078','E');
INSERT INTO TBLTBISMODULESUBBISMODULEREL( BUSINESSMODULEID,SUBBUSINESSMODULEID,STATUS) VALUES('BMO00040','SBM00089','E');
INSERT INTO TBLTBISMODULESUBBISMODULEREL( BUSINESSMODULEID,SUBBUSINESSMODULEID,STATUS) VALUES('BMO00011','SBM00090','E');
INSERT INTO TBLTBISMODULESUBBISMODULEREL( BUSINESSMODULEID,SUBBUSINESSMODULEID,STATUS) VALUES('BMO00041','SBM00091','E');
INSERT INTO TBLTBISMODULESUBBISMODULEREL( BUSINESSMODULEID,SUBBUSINESSMODULEID,STATUS) VALUES('BMO00041','SBM00092','E');
INSERT INTO TBLTBISMODULESUBBISMODULEREL (BUSINESSMODULEID,SUBBUSINESSMODULEID,STATUS) VALUES('BMO00042','SBM00093','E');
INSERT INTO TBLTBISMODULESUBBISMODULEREL (BUSINESSMODULEID,SUBBUSINESSMODULEID,STATUS) VALUES('BMO00042','SBM00094','E');
INSERT INTO TBLTBISMODULESUBBISMODULEREL (BUSINESSMODULEID,SUBBUSINESSMODULEID,STATUS) VALUES('BMO00042','SBM00095','E');
INSERT INTO TBLTBISMODULESUBBISMODULEREL (BUSINESSMODULEID,SUBBUSINESSMODULEID,STATUS) VALUES('BMO00043','SBM00097','E');
INSERT INTO TBLTBISMODULESUBBISMODULEREL (BUSINESSMODULEID,SUBBUSINESSMODULEID,STATUS) VALUES('BMO00044','SBM00098','E');
INSERT INTO TBLTBISMODULESUBBISMODULEREL (BUSINESSMODULEID,SUBBUSINESSMODULEID,STATUS) VALUES('BMO00045','SBM00099','E');


---------------------------------------------------
--   END DATA FOR TABLE TBLTBISMODULESUBBISMODULEREL
---------------------------------------------------


---------------------------------------------------
--   DATA FOR TABLE TBLTSUBBISMODULEACTIONREL
---------------------------------------------------

INSERT INTO TBLTSUBBISMODULEACTIONREL (ACTIONID,SUBBUSINESSMODULEID,STATUS) VALUES('ACN00021','SBM00014','E');
INSERT INTO TBLTSUBBISMODULEACTIONREL (ACTIONID,SUBBUSINESSMODULEID,STATUS) VALUES('ACN00022','SBM00011','E');
INSERT INTO TBLTSUBBISMODULEACTIONREL (ACTIONID,SUBBUSINESSMODULEID,STATUS) VALUES('ACN00023','SBM00012','E');
INSERT INTO TBLTSUBBISMODULEACTIONREL (ACTIONID,SUBBUSINESSMODULEID,STATUS) VALUES('ACN00024','SBM00012','E');
INSERT INTO TBLTSUBBISMODULEACTIONREL (ACTIONID,SUBBUSINESSMODULEID,STATUS) VALUES('ACN00025','SBM00012','E');
INSERT INTO TBLTSUBBISMODULEACTIONREL (ACTIONID,SUBBUSINESSMODULEID,STATUS) VALUES('ACN00026','SBM00010','E');
INSERT INTO TBLTSUBBISMODULEACTIONREL (ACTIONID,SUBBUSINESSMODULEID,STATUS) VALUES('ACN00027','SBM00009','E');
INSERT INTO TBLTSUBBISMODULEACTIONREL (ACTIONID,SUBBUSINESSMODULEID,STATUS) VALUES('ACN00028','SBM00009','E');
INSERT INTO TBLTSUBBISMODULEACTIONREL (ACTIONID,SUBBUSINESSMODULEID,STATUS) VALUES('ACN00029','SBM00009','E');
INSERT INTO TBLTSUBBISMODULEACTIONREL (ACTIONID,SUBBUSINESSMODULEID,STATUS) VALUES('ACN00061','SBM00006','E');
INSERT INTO TBLTSUBBISMODULEACTIONREL (ACTIONID,SUBBUSINESSMODULEID,STATUS) VALUES('ACN00064','SBM00012','E');
INSERT INTO TBLTSUBBISMODULEACTIONREL (ACTIONID,SUBBUSINESSMODULEID,STATUS) VALUES('ACN00065','SBM00012','E');
INSERT INTO TBLTSUBBISMODULEACTIONREL (ACTIONID,SUBBUSINESSMODULEID,STATUS) VALUES('ACN00067','SBM00020','E');
INSERT INTO TBLTSUBBISMODULEACTIONREL (ACTIONID,SUBBUSINESSMODULEID,STATUS) VALUES('ACN00068','SBM00020','E');
INSERT INTO TBLTSUBBISMODULEACTIONREL (ACTIONID,SUBBUSINESSMODULEID,STATUS) VALUES('ACN00069','SBM00020','E');
INSERT INTO TBLTSUBBISMODULEACTIONREL (ACTIONID,SUBBUSINESSMODULEID,STATUS) VALUES('ACN00071','SBM00009','E');
INSERT INTO TBLTSUBBISMODULEACTIONREL (ACTIONID,SUBBUSINESSMODULEID,STATUS) VALUES('ACN00072','SBM00009','E');
INSERT INTO TBLTSUBBISMODULEACTIONREL (ACTIONID,SUBBUSINESSMODULEID,STATUS) VALUES('ACN00073','SBM00009','E');
INSERT INTO TBLTSUBBISMODULEACTIONREL (ACTIONID,SUBBUSINESSMODULEID,STATUS) VALUES('ACN00074','SBM00009','E');
INSERT INTO TBLTSUBBISMODULEACTIONREL (ACTIONID,SUBBUSINESSMODULEID,STATUS) VALUES('ACN00075','SBM00009','E');
INSERT INTO TBLTSUBBISMODULEACTIONREL (ACTIONID,SUBBUSINESSMODULEID,STATUS) VALUES('ACN00076','SBM00009','E');
INSERT INTO TBLTSUBBISMODULEACTIONREL (ACTIONID,SUBBUSINESSMODULEID,STATUS) VALUES('ACN00077','SBM00009','E');
INSERT INTO TBLTSUBBISMODULEACTIONREL (ACTIONID,SUBBUSINESSMODULEID,STATUS) VALUES('ACN00078','SBM00009','E');
INSERT INTO TBLTSUBBISMODULEACTIONREL (ACTIONID,SUBBUSINESSMODULEID,STATUS) VALUES('ACN00079','SBM00009','E');
INSERT INTO TBLTSUBBISMODULEACTIONREL (ACTIONID,SUBBUSINESSMODULEID,STATUS) VALUES('ACN00080','SBM00009','E');
INSERT INTO TBLTSUBBISMODULEACTIONREL (ACTIONID,SUBBUSINESSMODULEID,STATUS) VALUES('ACN00081','SBM00009','E');
INSERT INTO TBLTSUBBISMODULEACTIONREL (ACTIONID,SUBBUSINESSMODULEID,STATUS) VALUES('ACN00082','SBM00009','E');
INSERT INTO TBLTSUBBISMODULEACTIONREL (ACTIONID,SUBBUSINESSMODULEID,STATUS) VALUES('ACN00084','SBM00009','E');
INSERT INTO TBLTSUBBISMODULEACTIONREL (ACTIONID,SUBBUSINESSMODULEID,STATUS) VALUES('ACN00085','SBM00009','E');
INSERT INTO TBLTSUBBISMODULEACTIONREL (ACTIONID,SUBBUSINESSMODULEID,STATUS) VALUES('ACN00086','SBM00009','E');
INSERT INTO TBLTSUBBISMODULEACTIONREL (ACTIONID,SUBBUSINESSMODULEID,STATUS) VALUES('ACN00087','SBM00009','E');
INSERT INTO TBLTSUBBISMODULEACTIONREL (ACTIONID,SUBBUSINESSMODULEID,STATUS) VALUES('ACN00090','SBM00009','E');
INSERT INTO TBLTSUBBISMODULEACTIONREL (ACTIONID,SUBBUSINESSMODULEID,STATUS) VALUES('ACN00092','SBM00009','E');
INSERT INTO TBLTSUBBISMODULEACTIONREL (ACTIONID,SUBBUSINESSMODULEID,STATUS) VALUES('ACN00097','SBM00006','E');
INSERT INTO TBLTSUBBISMODULEACTIONREL (ACTIONID,SUBBUSINESSMODULEID,STATUS) VALUES('ACN00098','SBM00006','E');
INSERT INTO TBLTSUBBISMODULEACTIONREL (ACTIONID,SUBBUSINESSMODULEID,STATUS) VALUES('ACN00124','SBM00009','E');
INSERT INTO TBLTSUBBISMODULEACTIONREL (ACTIONID,SUBBUSINESSMODULEID,STATUS) VALUES('ACN00125','SBM00009','E');
INSERT INTO TBLTSUBBISMODULEACTIONREL (ACTIONID,SUBBUSINESSMODULEID,STATUS) VALUES('ACN00126','SBM00009','E');
INSERT INTO TBLTSUBBISMODULEACTIONREL (ACTIONID,SUBBUSINESSMODULEID,STATUS) VALUES('ACN00127','SBM00009','E');
INSERT INTO TBLTSUBBISMODULEACTIONREL (ACTIONID,SUBBUSINESSMODULEID,STATUS) VALUES('ACN00128','SBM00009','E');
INSERT INTO TBLTSUBBISMODULEACTIONREL (ACTIONID,SUBBUSINESSMODULEID,STATUS) VALUES('ACN00129','SBM00009','E');
INSERT INTO TBLTSUBBISMODULEACTIONREL (ACTIONID,SUBBUSINESSMODULEID,STATUS) VALUES('ACN00131','SBM00009','E');
INSERT INTO TBLTSUBBISMODULEACTIONREL (ACTIONID,SUBBUSINESSMODULEID,STATUS) VALUES('ACN00133','SBM00009','E');
INSERT INTO TBLTSUBBISMODULEACTIONREL (ACTIONID,SUBBUSINESSMODULEID,STATUS) VALUES('ACN00134','SBM00009','E');
INSERT INTO TBLTSUBBISMODULEACTIONREL (ACTIONID,SUBBUSINESSMODULEID,STATUS) VALUES('ACN00135','SBM00009','E');
INSERT INTO TBLTSUBBISMODULEACTIONREL (ACTIONID,SUBBUSINESSMODULEID,STATUS) VALUES('ACN00136','SBM00009','E');
INSERT INTO TBLTSUBBISMODULEACTIONREL (ACTIONID,SUBBUSINESSMODULEID,STATUS) VALUES('ACN00137','SBM00009','E');
INSERT INTO TBLTSUBBISMODULEACTIONREL (ACTIONID,SUBBUSINESSMODULEID,STATUS) VALUES('ACN00138','SBM00009','E');
INSERT INTO TBLTSUBBISMODULEACTIONREL (ACTIONID,SUBBUSINESSMODULEID,STATUS) VALUES('ACN00139','SBM00009','E');
INSERT INTO TBLTSUBBISMODULEACTIONREL (ACTIONID,SUBBUSINESSMODULEID,STATUS) VALUES('ACN00140','SBM00009','E');
INSERT INTO TBLTSUBBISMODULEACTIONREL (ACTIONID,SUBBUSINESSMODULEID,STATUS) VALUES('ACN00141','SBM00009','E');
INSERT INTO TBLTSUBBISMODULEACTIONREL (ACTIONID,SUBBUSINESSMODULEID,STATUS) VALUES('ACN00142','SBM00009','E');
INSERT INTO TBLTSUBBISMODULEACTIONREL (ACTIONID,SUBBUSINESSMODULEID,STATUS) VALUES('ACN00143','SBM00009','E');
INSERT INTO TBLTSUBBISMODULEACTIONREL (ACTIONID,SUBBUSINESSMODULEID,STATUS) VALUES('ACN00144','SBM00009','E');
INSERT INTO TBLTSUBBISMODULEACTIONREL (ACTIONID,SUBBUSINESSMODULEID,STATUS) VALUES('ACN00145','SBM00009','E');
INSERT INTO TBLTSUBBISMODULEACTIONREL (ACTIONID,SUBBUSINESSMODULEID,STATUS) VALUES('ACN00146','SBM00009','E');
INSERT INTO TBLTSUBBISMODULEACTIONREL (ACTIONID,SUBBUSINESSMODULEID,STATUS) VALUES('ACN00147','SBM00009','E');
INSERT INTO TBLTSUBBISMODULEACTIONREL (ACTIONID,SUBBUSINESSMODULEID,STATUS) VALUES('ACN00148','SBM00009','E');
INSERT INTO TBLTSUBBISMODULEACTIONREL (ACTIONID,SUBBUSINESSMODULEID,STATUS) VALUES('ACN00157','SBM00009','E');
INSERT INTO TBLTSUBBISMODULEACTIONREL (ACTIONID,SUBBUSINESSMODULEID,STATUS) VALUES('ACN00158','SBM00009','E');
INSERT INTO TBLTSUBBISMODULEACTIONREL (ACTIONID,SUBBUSINESSMODULEID,STATUS) VALUES('ACN00159','SBM00009','E');
INSERT INTO TBLTSUBBISMODULEACTIONREL (ACTIONID,SUBBUSINESSMODULEID,STATUS) VALUES('ACN00161','SBM00009','E');
INSERT INTO TBLTSUBBISMODULEACTIONREL (ACTIONID,SUBBUSINESSMODULEID,STATUS) VALUES('ACN00162','SBM00009','E');
INSERT INTO TBLTSUBBISMODULEACTIONREL (ACTIONID,SUBBUSINESSMODULEID,STATUS) VALUES('ACN00118','SBM00012','E');
INSERT INTO TBLTSUBBISMODULEACTIONREL (ACTIONID,SUBBUSINESSMODULEID,STATUS) VALUES('ACN00119','SBM00012','E');
INSERT INTO TBLTSUBBISMODULEACTIONREL (ACTIONID,SUBBUSINESSMODULEID,STATUS) VALUES('ACN00120','SBM00012','E');
INSERT INTO TBLTSUBBISMODULEACTIONREL (ACTIONID,SUBBUSINESSMODULEID,STATUS) VALUES('ACN00121','SBM00012','E');
INSERT INTO TBLTSUBBISMODULEACTIONREL (ACTIONID,SUBBUSINESSMODULEID,STATUS) VALUES('ACN00122','SBM00020','E');
INSERT INTO TBLTSUBBISMODULEACTIONREL (ACTIONID,SUBBUSINESSMODULEID,STATUS) VALUES('ACN00150','SBM00006','E');
INSERT INTO TBLTSUBBISMODULEACTIONREL (ACTIONID,SUBBUSINESSMODULEID,STATUS) VALUES('ACN00154','SBM00020','E');
INSERT INTO TBLTSUBBISMODULEACTIONREL (ACTIONID,SUBBUSINESSMODULEID,STATUS) VALUES('ACN00155','SBM00014','E');
INSERT INTO TBLTSUBBISMODULEACTIONREL (ACTIONID,SUBBUSINESSMODULEID,STATUS) VALUES('ACN00116','SBM00014','E');
INSERT INTO TBLTSUBBISMODULEACTIONREL (ACTIONID,SUBBUSINESSMODULEID,STATUS) VALUES('ACN00117','SBM00012','E');
INSERT INTO TBLTSUBBISMODULEACTIONREL (ACTIONID,SUBBUSINESSMODULEID,STATUS) VALUES('ACN00163','SBM00009','E');
INSERT INTO TBLTSUBBISMODULEACTIONREL (ACTIONID,SUBBUSINESSMODULEID,STATUS) VALUES('ACN00164','SBM00009','E');
INSERT INTO TBLTSUBBISMODULEACTIONREL (ACTIONID,SUBBUSINESSMODULEID,STATUS) VALUES('ACN00169','SBM00024','E');
INSERT INTO TBLTSUBBISMODULEACTIONREL (ACTIONID,SUBBUSINESSMODULEID,STATUS) VALUES('ACN00171','SBM00009','E');
INSERT INTO TBLTSUBBISMODULEACTIONREL (ACTIONID,SUBBUSINESSMODULEID,STATUS) VALUES('ACN00184','SBM00009','E');
INSERT INTO TBLTSUBBISMODULEACTIONREL (ACTIONID,SUBBUSINESSMODULEID,STATUS) VALUES('ACN00195','SBM00031','E');
INSERT INTO TBLTSUBBISMODULEACTIONREL (ACTIONID,SUBBUSINESSMODULEID,STATUS) VALUES('ACN00196','SBM00031','E');
INSERT INTO TBLTSUBBISMODULEACTIONREL (ACTIONID,SUBBUSINESSMODULEID,STATUS) VALUES('ACN00197','SBM00032','E');
INSERT INTO TBLTSUBBISMODULEACTIONREL (ACTIONID,SUBBUSINESSMODULEID,STATUS) VALUES('ACN00198','SBM00033','E');
INSERT INTO TBLTSUBBISMODULEACTIONREL (ACTIONID,SUBBUSINESSMODULEID,STATUS) VALUES('ACN00199','SBM00033','E');
INSERT INTO TBLTSUBBISMODULEACTIONREL (ACTIONID,SUBBUSINESSMODULEID,STATUS) VALUES('ACN00200','SBM00033','E');
INSERT INTO TBLTSUBBISMODULEACTIONREL (ACTIONID,SUBBUSINESSMODULEID,STATUS) VALUES('ACN00201','SBM00033','E');
INSERT INTO TBLTSUBBISMODULEACTIONREL (ACTIONID,SUBBUSINESSMODULEID,STATUS) VALUES('ACN00202','SBM00034','E');
INSERT INTO TBLTSUBBISMODULEACTIONREL (ACTIONID,SUBBUSINESSMODULEID,STATUS) VALUES('ACN00203','SBM00035','E');
INSERT INTO TBLTSUBBISMODULEACTIONREL (ACTIONID,SUBBUSINESSMODULEID,STATUS) VALUES('ACN00204','SBM00035','E');
INSERT INTO TBLTSUBBISMODULEACTIONREL (ACTIONID,SUBBUSINESSMODULEID,STATUS) VALUES('ACN00205','SBM00035','E');
INSERT INTO TBLTSUBBISMODULEACTIONREL (ACTIONID,SUBBUSINESSMODULEID,STATUS) VALUES('ACN00206','SBM00035','E');
INSERT INTO TBLTSUBBISMODULEACTIONREL (ACTIONID,SUBBUSINESSMODULEID,STATUS) VALUES('ACN00207','SBM00036','E');
INSERT INTO TBLTSUBBISMODULEACTIONREL (ACTIONID,SUBBUSINESSMODULEID,STATUS) VALUES('ACN00208','SBM00037','E');
INSERT INTO TBLTSUBBISMODULEACTIONREL (ACTIONID,SUBBUSINESSMODULEID,STATUS) VALUES('ACN00209','SBM00037','E');
INSERT INTO TBLTSUBBISMODULEACTIONREL (ACTIONID,SUBBUSINESSMODULEID,STATUS) VALUES('ACN00210','SBM00037','E');
INSERT INTO TBLTSUBBISMODULEACTIONREL (ACTIONID,SUBBUSINESSMODULEID,STATUS) VALUES('ACN00211','SBM00037','E');
INSERT INTO TBLTSUBBISMODULEACTIONREL (ACTIONID,SUBBUSINESSMODULEID,STATUS) VALUES('ACN00212','SBM00038','E');
INSERT INTO TBLTSUBBISMODULEACTIONREL (ACTIONID,SUBBUSINESSMODULEID,STATUS) VALUES('ACN00213','SBM00039','E');
INSERT INTO TBLTSUBBISMODULEACTIONREL (ACTIONID,SUBBUSINESSMODULEID,STATUS) VALUES('ACN00214','SBM00040','E');
INSERT INTO TBLTSUBBISMODULEACTIONREL (ACTIONID,SUBBUSINESSMODULEID,STATUS) VALUES('ACN00215','SBM00040','E');
INSERT INTO TBLTSUBBISMODULEACTIONREL (ACTIONID,SUBBUSINESSMODULEID,STATUS) VALUES('ACN00216','SBM00040','E');
INSERT INTO TBLTSUBBISMODULEACTIONREL (ACTIONID,SUBBUSINESSMODULEID,STATUS) VALUES('ACN00217','SBM00040','E');
INSERT INTO TBLTSUBBISMODULEACTIONREL (ACTIONID,SUBBUSINESSMODULEID,STATUS) VALUES('ACN00218','SBM00041','E');
INSERT INTO TBLTSUBBISMODULEACTIONREL (ACTIONID,SUBBUSINESSMODULEID,STATUS) VALUES('ACN00219','SBM00042','E');
INSERT INTO TBLTSUBBISMODULEACTIONREL (ACTIONID,SUBBUSINESSMODULEID,STATUS) VALUES('ACN00220','SBM00042','E');
INSERT INTO TBLTSUBBISMODULEACTIONREL (ACTIONID,SUBBUSINESSMODULEID,STATUS) VALUES('ACN00221','SBM00042','E');
INSERT INTO TBLTSUBBISMODULEACTIONREL (ACTIONID,SUBBUSINESSMODULEID,STATUS) VALUES('ACN00222','SBM00042','E');
INSERT INTO TBLTSUBBISMODULEACTIONREL (ACTIONID,SUBBUSINESSMODULEID,STATUS) VALUES('ACN00223','SBM00043','E');
INSERT INTO TBLTSUBBISMODULEACTIONREL (ACTIONID,SUBBUSINESSMODULEID,STATUS) VALUES('ACN00224','SBM00044','E');
INSERT INTO TBLTSUBBISMODULEACTIONREL (ACTIONID,SUBBUSINESSMODULEID,STATUS) VALUES('ACN00225','SBM00044','E');
INSERT INTO TBLTSUBBISMODULEACTIONREL (ACTIONID,SUBBUSINESSMODULEID,STATUS) VALUES('ACN00226','SBM00044','E');
INSERT INTO TBLTSUBBISMODULEACTIONREL (ACTIONID,SUBBUSINESSMODULEID,STATUS) VALUES('ACN00227','SBM00044','E');
INSERT INTO TBLTSUBBISMODULEACTIONREL (ACTIONID,SUBBUSINESSMODULEID,STATUS) VALUES('ACN00291','SBM00069','E');
INSERT INTO TBLTSUBBISMODULEACTIONREL (ACTIONID,SUBBUSINESSMODULEID,STATUS) VALUES('ACN00292','SBM00070','E');
INSERT INTO TBLTSUBBISMODULEACTIONREL (ACTIONID,SUBBUSINESSMODULEID,STATUS) VALUES('ACN00293','SBM00070','E');
INSERT INTO TBLTSUBBISMODULEACTIONREL (ACTIONID,SUBBUSINESSMODULEID,STATUS) VALUES('ACN00294','SBM00070','E');
INSERT INTO TBLTSUBBISMODULEACTIONREL (ACTIONID,SUBBUSINESSMODULEID,STATUS) VALUES('ACN00295','SBM00070','E');
INSERT INTO TBLTSUBBISMODULEACTIONREL (ACTIONID,SUBBUSINESSMODULEID,STATUS) VALUES('ACN00296','SBM00071','E');
INSERT INTO TBLTSUBBISMODULEACTIONREL (ACTIONID,SUBBUSINESSMODULEID,STATUS) VALUES('ACN00297','SBM00072','E');
INSERT INTO TBLTSUBBISMODULEACTIONREL (ACTIONID,SUBBUSINESSMODULEID,STATUS) VALUES('ACN00298','SBM00072','E');
INSERT INTO TBLTSUBBISMODULEACTIONREL (ACTIONID,SUBBUSINESSMODULEID,STATUS) VALUES('ACN00299','SBM00072','E');
INSERT INTO TBLTSUBBISMODULEACTIONREL (ACTIONID,SUBBUSINESSMODULEID,STATUS) VALUES('ACN00300','SBM00072','E');
INSERT INTO TBLTSUBBISMODULEACTIONREL (ACTIONID,SUBBUSINESSMODULEID,STATUS) VALUES('ACN00301','SBM00073','E');
INSERT INTO TBLTSUBBISMODULEACTIONREL (ACTIONID,SUBBUSINESSMODULEID,STATUS) VALUES('ACN00302','SBM00074','E');
INSERT INTO TBLTSUBBISMODULEACTIONREL (ACTIONID,SUBBUSINESSMODULEID,STATUS) VALUES('ACN00303','SBM00074','E');
INSERT INTO TBLTSUBBISMODULEACTIONREL (ACTIONID,SUBBUSINESSMODULEID,STATUS) VALUES('ACN00304','SBM00074','E');
INSERT INTO TBLTSUBBISMODULEACTIONREL (ACTIONID,SUBBUSINESSMODULEID,STATUS) VALUES('ACN00305','SBM00074','E');
INSERT INTO TBLTSUBBISMODULEACTIONREL (ACTIONID,SUBBUSINESSMODULEID,STATUS) VALUES('ACN00306','SBM00074','E');
INSERT INTO TBLTSUBBISMODULEACTIONREL (ACTIONID,SUBBUSINESSMODULEID,STATUS) VALUES('ACN00312','SBM00077','E');
INSERT INTO TBLTSUBBISMODULEACTIONREL (ACTIONID,SUBBUSINESSMODULEID,STATUS) VALUES('ACN00313','SBM00078','E');
INSERT INTO TBLTSUBBISMODULEACTIONREL (ACTIONID,SUBBUSINESSMODULEID,STATUS) VALUES('ACN00314','SBM00078','E');
INSERT INTO TBLTSUBBISMODULEACTIONREL (ACTIONID,SUBBUSINESSMODULEID,STATUS) VALUES('ACN00315','SBM00078','E');
INSERT INTO TBLTSUBBISMODULEACTIONREL (ACTIONID,SUBBUSINESSMODULEID,STATUS) VALUES('ACN00316','SBM00078','E');
INSERT INTO TBLTSUBBISMODULEACTIONREL (ACTIONID,SUBBUSINESSMODULEID,STATUS) VALUES('ACN00317','SBM00078','E');
INSERT INTO TBLTSUBBISMODULEACTIONREL (ACTIONID,SUBBUSINESSMODULEID,STATUS) VALUES('ACN00153','SBM00089','E');
INSERT INTO TBLTSUBBISMODULEACTIONREL (ACTIONID,SUBBUSINESSMODULEID,STATUS) VALUES('ACN00340','SBM00090','E');
INSERT INTO TBLTSUBBISMODULEACTIONREL (ACTIONID,SUBBUSINESSMODULEID,STATUS) VALUES('ACN00341','SBM00090','E');
INSERT INTO TBLTSUBBISMODULEACTIONREL (ACTIONID,SUBBUSINESSMODULEID,STATUS) VALUES('ACN00342','SBM00009','E');
INSERT INTO TBLTSUBBISMODULEACTIONREL (ACTIONID,SUBBUSINESSMODULEID,STATUS) VALUES('ACN00343','SBM00091','E');
INSERT INTO TBLTSUBBISMODULEACTIONREL (ACTIONID,SUBBUSINESSMODULEID,STATUS) VALUES('ACN00344','SBM00092','E');
INSERT INTO TBLTSUBBISMODULEACTIONREL (ACTIONID,SUBBUSINESSMODULEID,STATUS) VALUES('ACN00345','SBM00092','E');
INSERT INTO TBLTSUBBISMODULEACTIONREL (ACTIONID,SUBBUSINESSMODULEID,STATUS) VALUES('ACN00346','SBM00092','E');
INSERT INTO TBLTSUBBISMODULEACTIONREL (ACTIONID,SUBBUSINESSMODULEID,STATUS) VALUES('ACN00347','SBM00092','E');

INSERT INTO TBLTSUBBISMODULEACTIONREL (ACTIONID,SUBBUSINESSMODULEID,STATUS) VALUES('ACN00348','SBM00093','E');
INSERT INTO TBLTSUBBISMODULEACTIONREL (ACTIONID,SUBBUSINESSMODULEID,STATUS) VALUES('ACN00349','SBM00093','E');
INSERT INTO TBLTSUBBISMODULEACTIONREL (ACTIONID,SUBBUSINESSMODULEID,STATUS) VALUES('ACN00350','SBM00093','E');
INSERT INTO TBLTSUBBISMODULEACTIONREL (ACTIONID,SUBBUSINESSMODULEID,STATUS) VALUES('ACN00351','SBM00093','E');
INSERT INTO TBLTSUBBISMODULEACTIONREL (ACTIONID,SUBBUSINESSMODULEID,STATUS) VALUES('ACN00352','SBM00094','E');
INSERT INTO TBLTSUBBISMODULEACTIONREL (ACTIONID,SUBBUSINESSMODULEID,STATUS) VALUES('ACN00353','SBM00094','E');
INSERT INTO TBLTSUBBISMODULEACTIONREL (ACTIONID,SUBBUSINESSMODULEID,STATUS) VALUES('ACN00354','SBM00094','E');
INSERT INTO TBLTSUBBISMODULEACTIONREL (ACTIONID,SUBBUSINESSMODULEID,STATUS) VALUES('ACN00355','SBM00094','E');
INSERT INTO TBLTSUBBISMODULEACTIONREL (ACTIONID,SUBBUSINESSMODULEID,STATUS) VALUES('ACN00356','SBM00095','E');
INSERT INTO TBLTSUBBISMODULEACTIONREL (ACTIONID,SUBBUSINESSMODULEID,STATUS) VALUES('ACN00357','SBM00095','E');
INSERT INTO TBLTSUBBISMODULEACTIONREL (ACTIONID,SUBBUSINESSMODULEID,STATUS) VALUES('ACN00358','SBM00095','E');
INSERT INTO TBLTSUBBISMODULEACTIONREL (ACTIONID,SUBBUSINESSMODULEID,STATUS) VALUES('ACN00359','SBM00095','E');
INSERT INTO TBLTSUBBISMODULEACTIONREL (ACTIONID,SUBBUSINESSMODULEID,STATUS) VALUES('ACN00362','SBM00097','E');
INSERT INTO TBLTSUBBISMODULEACTIONREL (ACTIONID,SUBBUSINESSMODULEID,STATUS) VALUES('ACN00363','SBM00097','E');
INSERT INTO TBLTSUBBISMODULEACTIONREL (ACTIONID,SUBBUSINESSMODULEID,STATUS) VALUES('ACN00364','SBM00097','E');
INSERT INTO TBLTSUBBISMODULEACTIONREL (ACTIONID,SUBBUSINESSMODULEID,STATUS) VALUES('ACN00387','SBM00097','E');
INSERT INTO TBLTSUBBISMODULEACTIONREL (ACTIONID,SUBBUSINESSMODULEID,STATUS) VALUES('ACN00365','SBM00098','E');
INSERT INTO TBLTSUBBISMODULEACTIONREL (ACTIONID,SUBBUSINESSMODULEID,STATUS) VALUES('ACN00366','SBM00098','E');
INSERT INTO TBLTSUBBISMODULEACTIONREL (ACTIONID,SUBBUSINESSMODULEID,STATUS) VALUES('ACN00367','SBM00098','E');
INSERT INTO TBLTSUBBISMODULEACTIONREL (ACTIONID,SUBBUSINESSMODULEID,STATUS) VALUES('ACN00388','SBM00098','E');
INSERT INTO TBLTSUBBISMODULEACTIONREL (ACTIONID,SUBBUSINESSMODULEID,STATUS) VALUES('ACN00368','SBM00099','E');
INSERT INTO TBLTSUBBISMODULEACTIONREL (ACTIONID,SUBBUSINESSMODULEID,STATUS) VALUES('ACN00369','SBM00099','E');
INSERT INTO TBLTSUBBISMODULEACTIONREL (ACTIONID,SUBBUSINESSMODULEID,STATUS) VALUES('ACN00370','SBM00099','E');
INSERT INTO TBLTSUBBISMODULEACTIONREL (ACTIONID,SUBBUSINESSMODULEID,STATUS) VALUES('ACN00389','SBM00099','E');
INSERT INTO TBLTSUBBISMODULEACTIONREL (ACTIONID,SUBBUSINESSMODULEID,STATUS) VALUES('ACN00377','SBM00037','E');
INSERT INTO TBLTSUBBISMODULEACTIONREL (ACTIONID,SUBBUSINESSMODULEID,STATUS) VALUES('ACN00378','SBM00052','E');
INSERT INTO TBLTSUBBISMODULEACTIONREL (ACTIONID,SUBBUSINESSMODULEID,STATUS) VALUES('ACN00379','SBM00102','E');
INSERT INTO TBLTSUBBISMODULEACTIONREL (ACTIONID,SUBBUSINESSMODULEID,STATUS) VALUES('ACN00380','SBM00102','E');
INSERT INTO TBLTSUBBISMODULEACTIONREL (ACTIONID,SUBBUSINESSMODULEID,STATUS) VALUES('ACN00381','SBM00102','E');

INSERT INTO TBLTSUBBISMODULEACTIONREL (ACTIONID,SUBBUSINESSMODULEID,STATUS) VALUES('ACN00390','SBM00105','E');
INSERT INTO TBLTSUBBISMODULEACTIONREL (ACTIONID,SUBBUSINESSMODULEID,STATUS) VALUES('ACN00391','SBM00105','E');
INSERT INTO TBLTSUBBISMODULEACTIONREL (ACTIONID,SUBBUSINESSMODULEID,STATUS) VALUES('ACN00392','SBM00105','E');
INSERT INTO TBLTSUBBISMODULEACTIONREL (ACTIONID,SUBBUSINESSMODULEID,STATUS) VALUES('ACN00393','SBM00105','E');

INSERT INTO TBLTSUBBISMODULEACTIONREL (ACTIONID,SUBBUSINESSMODULEID,STATUS) VALUES('ACN00394','SBM00106','E');
INSERT INTO TBLTSUBBISMODULEACTIONREL (ACTIONID,SUBBUSINESSMODULEID,STATUS) VALUES('ACN00395','SBM00107','E');
COMMIT;
---------------------------------------------------
--   END DATA FOR TABLE TBLTSUBBISMODULEACTIONREL
---------------------------------------------------


-- Server Manager  --

--<server config version insert>--
INSERT INTO TBLNETSERVERCONFIGVERSION (NETSERVERTYPEID,NETSERVERVERSION,CONFIGVERSION) VALUES('SRV0001','6.8.2','1.0');
commit;

-- Logical Name value pool --

INSERT INTO TBLSLOGICALNAMEVALUEPOOL (ID,NAME,VALUE) VALUES('LNV0001','Username','Username');
INSERT INTO TBLSLOGICALNAMEVALUEPOOL (ID,NAME,VALUE) VALUES('LNV0002','Password','Password');
INSERT INTO TBLSLOGICALNAMEVALUEPOOL (ID,NAME,VALUE) VALUES('LNV0003','CustomerType','CustomerType');
INSERT INTO TBLSLOGICALNAMEVALUEPOOL (ID,NAME,VALUE) VALUES('LNV0004','SubscriberPackage','SubscriberPackage');
INSERT INTO TBLSLOGICALNAMEVALUEPOOL (ID,NAME,VALUE) VALUES('LNV0005','ExpiryDate','ExpiryDate');
INSERT INTO TBLSLOGICALNAMEVALUEPOOL (ID,NAME,VALUE) VALUES('LNV0006','BillingDate','BillingDate');
INSERT INTO TBLSLOGICALNAMEVALUEPOOL (ID,NAME,VALUE) VALUES('LNV0007','Param1','Param1');
INSERT INTO TBLSLOGICALNAMEVALUEPOOL (ID,NAME,VALUE) VALUES('LNV0008','Param2','Param2');
INSERT INTO TBLSLOGICALNAMEVALUEPOOL (ID,NAME,VALUE) VALUES('LNV0009','Param3','Param3');
INSERT INTO TBLSLOGICALNAMEVALUEPOOL (ID,NAME,VALUE) VALUES('LNV0010','Param4','Param4');
INSERT INTO TBLSLOGICALNAMEVALUEPOOL (ID,NAME,VALUE) VALUES('LNV0011','Param5','Param5');
INSERT INTO TBLSLOGICALNAMEVALUEPOOL (ID,NAME,VALUE) VALUES('LNV0012','area','Area');
INSERT INTO TBLSLOGICALNAMEVALUEPOOL (ID,NAME,VALUE) VALUES('LNV0013','city','City');
INSERT INTO TBLSLOGICALNAMEVALUEPOOL (ID,NAME,VALUE) VALUES('LNV0014','zone','Zone');
INSERT INTO TBLSLOGICALNAMEVALUEPOOL (ID,NAME,VALUE) VALUES('LNV0015','country','Country');
INSERT INTO TBLSLOGICALNAMEVALUEPOOL (ID,NAME,VALUE) VALUES('LNV0016','birthdate','Birthdate');
INSERT INTO TBLSLOGICALNAMEVALUEPOOL (ID,NAME,VALUE) VALUES('LNV0017','role','Role');
INSERT INTO TBLSLOGICALNAMEVALUEPOOL (ID,NAME,VALUE) VALUES('LNV0018','company','Company');
INSERT INTO TBLSLOGICALNAMEVALUEPOOL (ID,NAME,VALUE) VALUES('LNV0019','department','Department');
INSERT INTO TBLSLOGICALNAMEVALUEPOOL (ID,NAME,VALUE) VALUES('LNV0020','deviceType','DeviceType');
INSERT INTO TBLSLOGICALNAMEVALUEPOOL (ID,NAME,VALUE) VALUES('LNV0021','FAP','FAP');
INSERT INTO TBLSLOGICALNAMEVALUEPOOL (ID,NAME,VALUE) VALUES('LNV0022','Cadre','Cadre');
INSERT INTO TBLSLOGICALNAMEVALUEPOOL (ID,NAME,VALUE) VALUES('LNV0023','ARPU','ARPU');
INSERT INTO TBLSLOGICALNAMEVALUEPOOL (ID,NAME,VALUE) VALUES('LNV0024','Email','Email');
INSERT INTO TBLSLOGICALNAMEVALUEPOOL (ID,NAME,VALUE) VALUES('LNV0025','Phone','Phone');
INSERT INTO TBLSLOGICALNAMEVALUEPOOL (ID,NAME,VALUE) VALUES('LNV0026','SIPUrl','SIPUrl');
INSERT INTO TBLSLOGICALNAMEVALUEPOOL (ID,NAME,VALUE) VALUES('LNV0027','CUI','CUI');
INSERT INTO TBLSLOGICALNAMEVALUEPOOL (ID,NAME,VALUE) VALUES('LNV0028','EUI64','EUI64');
INSERT INTO TBLSLOGICALNAMEVALUEPOOL (ID,NAME,VALUE) VALUES('LNV0029','IMSI','IMSI');
INSERT INTO TBLSLOGICALNAMEVALUEPOOL (ID,NAME,VALUE) VALUES('LNV0030','MSISDN','MSISDN');
INSERT INTO TBLSLOGICALNAMEVALUEPOOL (ID,NAME,VALUE) VALUES('LNV0031','IMEI','IMEI');
INSERT INTO TBLSLOGICALNAMEVALUEPOOL (ID,NAME,VALUE) VALUES('LNV0032','MAC','MAC');
INSERT INTO TBLSLOGICALNAMEVALUEPOOL (ID,NAME,VALUE) VALUES('LNV0033','Modified EUI64','MODIFIED_EUI64');
INSERT INTO TBLSLOGICALNAMEVALUEPOOL (ID,NAME,VALUE) VALUES('LNV0034','ESN','ESN');
INSERT INTO TBLSLOGICALNAMEVALUEPOOL (ID,NAME,VALUE) VALUES('LNV0035','MEID','MEID');
INSERT INTO TBLSLOGICALNAMEVALUEPOOL (ID,NAME,VALUE) VALUES('LNV0036','Encryption Type','ENCRYPTIONTYPE');
INSERT INTO TBLSLOGICALNAMEVALUEPOOL (ID,NAME,VALUE) VALUES('LNV0037','SubscriberIdentity','SubscriberIdentity');
INSERT INTO TBLSLOGICALNAMEVALUEPOOL (ID,NAME,VALUE) VALUES('LNV0038','ParentId','ParentId');
INSERT INTO TBLSLOGICALNAMEVALUEPOOL (ID,NAME,VALUE) VALUES('LNV0039','GroupName','GroupName');
COMMIT;

-- ALERT TYPE STATIC ENTRY --

INSERT INTO TBLSALERTTYPE (ALERTTYPEID,PARENTID,NAME,ALIAS,ENABLED,TYPE,ORDERNO,FLOODCONTROL) VALUES('NT000001',NULL,'Netvertex-PCRF-Alerts','NETVERTEX-PCRF-ALERTS','Y','P',1,0); 
INSERT INTO TBLSALERTTYPE (ALERTTYPEID,PARENTID,NAME,ALIAS,ENABLED,TYPE,ORDERNO,FLOODCONTROL) VALUES('AT000001','NT000001','Server','SERVER','Y','P',1,0); 
INSERT INTO TBLSALERTTYPE (ALERTTYPEID,PARENTID,NAME,ALIAS,ENABLED,TYPE,ORDERNO,FLOODCONTROL) VALUES('AT000002','AT000001','ServerUp','SERVERUP','Y','L',1,0); 
INSERT INTO TBLSALERTTYPE (ALERTTYPEID,PARENTID,NAME,ALIAS,ENABLED,TYPE,ORDERNO,FLOODCONTROL) VALUES('AT000003','AT000001','ServerDown','SERVERDOWN','Y','L',2,0); 
INSERT INTO TBLSALERTTYPE (ALERTTYPEID,PARENTID,NAME,ALIAS,ENABLED,TYPE,ORDERNO,FLOODCONTROL) VALUES('AT000004','NT000001','Services','SERVICES','Y','P',2,0); 
INSERT INTO TBLSALERTTYPE (ALERTTYPEID,PARENTID,NAME,ALIAS,ENABLED,TYPE,ORDERNO,FLOODCONTROL) VALUES('AT000005','AT000004','PCRF','PCRF','Y','P',1,0); 
INSERT INTO TBLSALERTTYPE (ALERTTYPEID,PARENTID,NAME,ALIAS,ENABLED,TYPE,ORDERNO,FLOODCONTROL) VALUES('AT000006','AT000005','SprUp','SPRUP','Y','L',1,1); 
INSERT INTO TBLSALERTTYPE (ALERTTYPEID,PARENTID,NAME,ALIAS,ENABLED,TYPE,ORDERNO,FLOODCONTROL) VALUES('AT000007','AT000005','SprDown','SPRDOWN','Y','L',2,1); 
INSERT INTO TBLSALERTTYPE (ALERTTYPEID,PARENTID,NAME,ALIAS,ENABLED,TYPE,ORDERNO,FLOODCONTROL) VALUES('AT000008','AT000005','Query Timeout','QUERY TIMEOUT','Y','L',3,1);
INSERT INTO TBLSALERTTYPE (ALERTTYPEID,PARENTID,NAME,ALIAS,ENABLED,TYPE,ORDERNO,FLOODCONTROL) VALUES ('AT000030','AT000005','Service Policy Init Fails','SERVICE POLICY INIT FAILS','Y','L','4',0);
INSERT INTO TBLSALERTTYPE (ALERTTYPEID,PARENTID,NAME,ALIAS,ENABLED,TYPE,ORDERNO,FLOODCONTROL) VALUES('AT000009','NT000001','Gateways','GATEWAYS','Y','P',3,0); 
INSERT INTO TBLSALERTTYPE (ALERTTYPEID,PARENTID,NAME,ALIAS,ENABLED,TYPE,ORDERNO,FLOODCONTROL) VALUES('AT000010','AT000009','RADIUS','RADIUS','Y','P',1,0); 
INSERT INTO TBLSALERTTYPE (ALERTTYPEID,PARENTID,NAME,ALIAS,ENABLED,TYPE,ORDERNO,FLOODCONTROL) VALUES('AT000011','AT000010','Alive','ALIVE','Y','L',1,0); 
INSERT INTO TBLSALERTTYPE (ALERTTYPEID,PARENTID,NAME,ALIAS,ENABLED,TYPE,ORDERNO,FLOODCONTROL) VALUES('AT000012','AT000010','Dead','DEAD','Y','L',2,0); 
INSERT INTO TBLSALERTTYPE (ALERTTYPEID,PARENTID,NAME,ALIAS,ENABLED,TYPE,ORDERNO,FLOODCONTROL) VALUES('AT000013','AT000009','Diameter','DIAMETER','Y','P',2,0); 
INSERT INTO TBLSALERTTYPE (ALERTTYPEID,PARENTID,NAME,ALIAS,ENABLED,TYPE,ORDERNO,FLOODCONTROL) VALUES('AT000014','AT000013','Diameter Stack Up','DIAMETER STACK UP','Y','L',1,0); 
INSERT INTO TBLSALERTTYPE (ALERTTYPEID,PARENTID,NAME,ALIAS,ENABLED,TYPE,ORDERNO,FLOODCONTROL) VALUES('AT000015','AT000013','Diameter Stack Down','DIAMETER STACK DOWN','Y','L',2,0); 
INSERT INTO TBLSALERTTYPE (ALERTTYPEID,PARENTID,NAME,ALIAS,ENABLED,TYPE,ORDERNO,FLOODCONTROL) VALUES('AT000016','AT000013','Diameter Peer Up','DIAMETER PEER UP','Y','L',3,0); 
INSERT INTO TBLSALERTTYPE (ALERTTYPEID,PARENTID,NAME,ALIAS,ENABLED,TYPE,ORDERNO,FLOODCONTROL) VALUES('AT000017','AT000013','Diameter Peer Down','DIAMETER PEER DOWN','Y','L',4,0); 
--for diameter
INSERT INTO TBLSALERTTYPE (ALERTTYPEID,PARENTID,NAME,ALIAS,ENABLED,TYPE,ORDERNO,FLOODCONTROL) VALUES('AT000086','AT000013','Diameter High Response Time','DIAMETER HIGH RESPONSE TIME','Y','L',5,0);
INSERT INTO TBLSALERTTYPE (ALERTTYPEID,PARENTID,NAME,ALIAS,ENABLED,TYPE,ORDERNO,FLOODCONTROL) VALUES('AT000087','AT000013','Peer Connnection Rejcted','PEER CONNECTION REJECTED','Y','L',6,0);
INSERT INTO TBLSALERTTYPE (ALERTTYPEID,PARENTID,NAME,ALIAS,ENABLED,TYPE,ORDERNO,FLOODCONTROL) VALUES ('AT000088','AT000013','Diameter Peer High Response Time','DIAMETER PEER HIGH RESPONSE TIME','Y','L',7,0); 

INSERT INTO TBLSALERTTYPE (ALERTTYPEID,PARENTID,NAME,ALIAS,ENABLED,TYPE,ORDERNO,FLOODCONTROL) VALUES('AT000019','AT000001','License Expired','LICENSE EXPIRED','Y','L',3,0);


INSERT INTO TBLSALERTTYPE (ALERTTYPEID,PARENTID,NAME,ALIAS,ENABLED,TYPE,ORDERNO,FLOODCONTROL) VALUES ('AT000031','AT000001','License TPS Exceeded','LICENSE TPS EXCEEDED','Y','L',4,0);
INSERT INTO TBLSALERTTYPE (ALERTTYPEID,PARENTID,NAME,ALIAS,ENABLED,TYPE,ORDERNO,FLOODCONTROL) VALUES('AT000032','AT000005','Unknown User','UNKNOWN USER','Y','L',6,1);
INSERT INTO TBLSALERTTYPE (ALERTTYPEID,PARENTID,NAME,ALIAS,ENABLED,TYPE,ORDERNO,FLOODCONTROL) VALUES ('AT000033','AT000005','StartUp Failed','STARTUP FAILED','Y','L',1,0);
INSERT INTO TBLSALERTTYPE (ALERTTYPEID,PARENTID,NAME,ALIAS,ENABLED,TYPE,ORDERNO,FLOODCONTROL) VALUES ('AT000040','AT000004','Notification','NOTIFICATION','Y','P',2,0);
INSERT INTO TBLSALERTTYPE (ALERTTYPEID,PARENTID,NAME,ALIAS,ENABLED,TYPE,ORDERNO,FLOODCONTROL) VALUES ('AT000041','AT000040','StartUp Failed','STARTUP FAILED','Y','L',1,0);
INSERT INTO TBLSALERTTYPE (ALERTTYPEID,PARENTID,NAME,ALIAS,ENABLED,TYPE,ORDERNO,FLOODCONTROL) VALUES ('AT000042','AT000040','Email Sending Failed','EMAIL SENDING FAILED','Y','L',2,0);
INSERT INTO TBLSALERTTYPE (ALERTTYPEID,PARENTID,NAME,ALIAS,ENABLED,TYPE,ORDERNO,FLOODCONTROL) VALUES ('AT000043','AT000040','SMS Sending Failed','SMS SENDING FAILED','Y','L',3,0);

INSERT INTO TBLSALERTTYPE (ALERTTYPEID,PARENTID,NAME,ALIAS,ENABLED,TYPE,ORDERNO,FLOODCONTROL) VALUES ('AT000080','NT000001','Database','DATABASE','Y','P',5,0);
INSERT INTO TBLSALERTTYPE (ALERTTYPEID,PARENTID,NAME,ALIAS,ENABLED,TYPE,ORDERNO,FLOODCONTROL) VALUES ('AT000082','AT000080','Database Connection Not Available','DATABASE CONNECTION NOT AVAILABLE','Y','L',2,1);
INSERT INTO TBLSALERTTYPE (ALERTTYPEID,PARENTID,NAME,ALIAS,ENABLED,TYPE,ORDERNO,FLOODCONTROL) VALUES ('AT000083','AT000080','High Query Response Time','HIGH QUERY RESPONSE TIME','Y','L',4,1);
INSERT INTO TBLSALERTTYPE (ALERTTYPEID,PARENTID,NAME,ALIAS,ENABLED,TYPE,ORDERNO,FLOODCONTROL) VALUES ('AT000084','AT000080','DataSource Up','DATASOURCE UP','Y','L',4,0);
INSERT INTO TBLSALERTTYPE (ALERTTYPEID,PARENTID,NAME,ALIAS,ENABLED,TYPE,ORDERNO,FLOODCONTROL) VALUES ('AT000085','AT000080','DataSource Down','DATASOURCE DOWN','Y','L',4,0);
--package Alerts type
INSERT INTO TBLSALERTTYPE (ALERTTYPEID,PARENTID,NAME,ALIAS,ENABLED,TYPE,ORDERNO,FLOODCONTROL) VALUES('AT000089','NT000001','Packages','PACKAGES','Y','P',4,0);
INSERT INTO TBLSALERTTYPE (ALERTTYPEID,PARENTID,NAME,ALIAS,ENABLED,TYPE,ORDERNO,FLOODCONTROL) VALUES('AT000090','AT000089','Data Packages Caching Fails','DATA PACKAGES CACHING FAILS','Y','L',1,0);
INSERT INTO TBLSALERTTYPE (ALERTTYPEID,PARENTID,NAME,ALIAS,ENABLED,TYPE,ORDERNO,FLOODCONTROL) VALUES('AT000091','AT000089','IMS Packages Caching Fails','IMS PACKAGES CACHING FAILS','Y','L',2,0);


COMMIT;

-- Alert Listener Type --

INSERT INTO TBLSALERTLISTENERTYPE (TYPEID,TYPENAME) VALUES ('ALT0001','File Listener');
INSERT INTO TBLSALERTLISTENERTYPE (TYPEID,TYPENAME) VALUES ('ALT0002','Trap Listener');

COMMIT;

-- Driver Category Types --
INSERT INTO TBLSSERVICETYPE 
	(SERVICETYPEID,NAME,DISPLAYNAME,SERIALNO,ALIAS,DESCRIPTION,STATUS)
values
	(1,'CDR Drivers', 'CDR Drivers',1, 'CDR_DRIVERS', 'CDR Drivers','Y');


-- Driver Types --

INSERT INTO tblsdrivertype 
	(drivertypeid,name,displayname,serialno,alias,description,status)
values
	(1, 'DB Sp Interface', 'DB Sp Interface',1, 'OPENDB_SP_INTERFACE', 'Database Sp Interface','Y');

INSERT INTO tblsdrivertype 
	(drivertypeid,name,displayname,serialno,alias,description,status)
values
	(2, 'LDAP Sp Interface', 'LDAP Sp Interface',2, 'LDAP_SP_INTERFACE', 'LDAP Sp Interface','Y');
	
INSERT INTO tblsdrivertype 
	(drivertypeid,name,displayname,serialno,alias,description,status)
values
	(3, 'User File SPR Driver', 'User File SPR Driver',3, 'USERFILE_SPR_DRIVER', 'User File Subscriber Profile Repository Driver','N');

INSERT INTO TBLSDRIVERTYPE 
	(DRIVERTYPEID,SERVICETYPEID,NAME,DISPLAYNAME,SERIALNO,ALIAS,DESCRIPTION,STATUS)
values
	(4, 1,'CSV Driver', 'CSV Driver',1, 'CSV_DRIVER', 'CSV Driver','Y');

INSERT INTO TBLSDRIVERTYPE 
	(DRIVERTYPEID,SERVICETYPEID,NAME,DISPLAYNAME,SERIALNO,ALIAS,DESCRIPTION,STATUS)
values
	(5, 1,'DB CDR Driver', 'DB CDR Driver',1, 'DB_CDR_DRIVER', 'CB CDR Driver','Y');
	
COMMIT;


--  Device Types  --

INSERT INTO TBLSDEVICETYPE (DEVICETYPEID,NAME) VALUES('DT00001','Any');
INSERT INTO TBLSDEVICETYPE (DEVICETYPEID,NAME) VALUES('DT00002','Mobile-Phone');
INSERT INTO TBLSDEVICETYPE (DEVICETYPEID,NAME) VALUES('DT00003','Laptop');
INSERT INTO TBLSDEVICETYPE (DEVICETYPEID,NAME) VALUES('DT00004','Desktop');
INSERT INTO TBLSDEVICETYPE (DEVICETYPEID,NAME) VALUES('DT00005','Tablet');


--  Access Network  --

INSERT INTO TBLSACCESSNETWORK (ACCESSNETWORKID,NAME) VALUES('AN00001','Any');
INSERT INTO TBLSACCESSNETWORK (ACCESSNETWORKID,NAME) VALUES('AN00002','WiFi');
INSERT INTO TBLSACCESSNETWORK (ACCESSNETWORKID,NAME) VALUES('AN00003','LTE');
INSERT INTO TBLSACCESSNETWORK (ACCESSNETWORKID,NAME) VALUES('AN00004','WLAN');
INSERT INTO TBLSACCESSNETWORK (ACCESSNETWORKID,NAME) VALUES('AN00005','GERAN');

---------------------------------------------------
--   DATA FOR TABLE TBLMNETCONFIGURATION
---------------------------------------------------

INSERT INTO TBLMNETCONFIGURATION
	(NETCONFIGID, SERIALNO, NAME, DISPLAYNAME, FILENAME,
	ALIAS, CONFIGVERSION)
VALUES
	('CNF0001', 1 ,'Netvertex Server' , 'Netvertex Server' , 'netvertex-server' ,
	'NETVERTEX_SERVER' , '1.0');

INSERT INTO TBLMNETCONFIGURATION
	(NETCONFIGID, SERIALNO, NAME, DISPLAYNAME, FILENAME,
	ALIAS, CONFIGVERSION)
VALUES
	('CNF0002', 2 ,'Radius Listener' , 'Radius Listener' , 'radius-listener' ,
	'RADIUS_LISTENER' , '1.0');
  
INSERT INTO TBLMNETCONFIGURATION
	(NETCONFIGID, SERIALNO, NAME, DISPLAYNAME, FILENAME,
	ALIAS, CONFIGVERSION)
VALUES
	('CNF0005', 5 ,'Diameter Stack' , 'Diameter Stack' , 'diameter-stack' ,
	'DIAMETER_STACK' , '1.0');  

INSERT INTO TBLMNETCONFIGURATION
	(NETCONFIGID, SERIALNO, NAME, DISPLAYNAME, FILENAME,
	ALIAS, CONFIGVERSION)
VALUES
	('CNF0004', 4 ,'Pcrf Service' , 'Pcrf Service' , 'pcrf-service' ,
	'PCRF_SERVICE' , '1.0');  
  

INSERT INTO TBLMNETCONFIGURATION
	(NETCONFIGID, SERIALNO, NAME, DISPLAYNAME, FILENAME,
	ALIAS, CONFIGVERSION)
VALUES
	('CNF0012', 12 ,'Notification Service' , 'Notification Service' , 'notification-service' ,
	'NOTIFICATION_SERVICE' , '1.0');
  
COMMIT;

---------------------------------------------------
--   END DATA FOR TABLE TBLMNETCONFIGURATION
---------------------------------------------------


---------------------------------------------------
--   DATA FOR TABLE TBLMNETCONFIGURATIONPARAMETER
---------------------------------------------------

-- Netvertex Server Configuration --

INSERT INTO TBLMNETCONFIGURATIONPARAMETER
	(PARAMETERID, CONFIGID, SERIALNO, NAME, DISPLAYNAME, 
	ALIAS, DESCRIPTION, TYPE, REGEXP, MAXINSTANCES,MULTIPLEINSTANCES, 
	PARENTPARAMETERID, DEFAULTVALUE, MAXLENGTH, EDITABLE,
	STARTUPMODE, STATUS, ISNOTNULL )
VALUES
	('CPM000001' , 'CNF0001' , 1 , 'Netvertex Server' , 'Netvertex Server' ,
	'netvertex-server' , 'Netvertex Server' , 'P' , 'regexp' , 1 , 'N' ,
	NULL , NULL , 0 , 'N' ,
	'SMS0164' , 'Y' , 'N');

INSERT INTO TBLMNETCONFIGURATIONPARAMETER
	(PARAMETERID, CONFIGID, SERIALNO, NAME, DISPLAYNAME, 
	ALIAS, DESCRIPTION, TYPE, REGEXP, MAXINSTANCES,MULTIPLEINSTANCES, 
	PARENTPARAMETERID, DEFAULTVALUE, MAXLENGTH, EDITABLE,
	STARTUPMODE, STATUS, ISNOTNULL )
VALUES
	('CPM000002' , 'CNF0001' , 1 , 'Service List' , 'Service List' ,
	'service-list' , 'Service List' , 'P' , 'regexp' , 1 , 'N' ,
	'CPM000001' , NULL , 0 , 'N' ,
	'SMS0164' , 'Y' , 'N');

INSERT INTO TBLMNETCONFIGURATIONPARAMETER
	(PARAMETERID, CONFIGID, SERIALNO, NAME, DISPLAYNAME, 
	ALIAS, DESCRIPTION, TYPE, REGEXP, MAXINSTANCES,MULTIPLEINSTANCES, 
	PARENTPARAMETERID, DEFAULTVALUE, MAXLENGTH, EDITABLE,
	STARTUPMODE, STATUS, ISNOTNULL )
VALUES
	('CPM000003' , 'CNF0001' , 1 , 'Service' , 'Service' ,
	'service' , 'Service' , 'P' , 'regexp' , 1 , 'N' ,
	'CPM000002' , NULL , 0 , 'N' ,
	'SMS0164' , 'Y' , 'N');

INSERT INTO TBLMNETCONFIGURATIONPARAMETER
	(PARAMETERID, CONFIGID, SERIALNO, NAME, DISPLAYNAME, 
	ALIAS, DESCRIPTION, TYPE, REGEXP, MAXINSTANCES,MULTIPLEINSTANCES, 
	PARENTPARAMETERID, DEFAULTVALUE, MAXLENGTH, EDITABLE,
	STARTUPMODE, STATUS, ISNOTNULL )
VALUES
	('CPM000004' , 'CNF0001' , 1 , 'Service Id' , 'Service Id' ,
	'service-id' , 'Service Id' , 'L' , 'regexp' , 1 , 'N' ,
	'CPM000003' , NULL , 30 , 'N' ,
	'SMS0164' , 'Y' , 'N');

INSERT INTO TBLMNETCONFIGURATIONPARAMETER
	(PARAMETERID, CONFIGID, SERIALNO, NAME, DISPLAYNAME, 
	ALIAS, DESCRIPTION, TYPE, REGEXP, MAXINSTANCES,MULTIPLEINSTANCES, 
	PARENTPARAMETERID, DEFAULTVALUE, MAXLENGTH, EDITABLE,
	STARTUPMODE, STATUS, ISNOTNULL )
VALUES
	('CPM000005' , 'CNF0001' , 2 , 'Enabled' , 'Enabled' ,
	'enabled' , 'Enabled' , 'L' , 'regexp' , 1 , 'N' ,
	'CPM000003' , 'true' , 100 , 'Y' ,
	'SMS0164' , 'Y' , 'N');

INSERT INTO TBLMNETCONFIGURATIONPARAMETER
	(PARAMETERID, CONFIGID, SERIALNO, NAME, DISPLAYNAME, 
	ALIAS, DESCRIPTION, TYPE, REGEXP, MAXINSTANCES,MULTIPLEINSTANCES, 
	PARENTPARAMETERID, DEFAULTVALUE, MAXLENGTH, EDITABLE,
	STARTUPMODE, STATUS, ISNOTNULL )
VALUES
	('CPM000006' , 'CNF0001' , 2 , 'Netvertex Db Datasource' , 'Netvertex Db Datasource' ,
	'netvertex-db-datasource' , 'Netvertex Db Datasource' , 'P' , 'regexp' , 1 , 'N' ,
	'CPM000001' , NULL , 0 , 'N' ,
	'SMS0164' , 'Y' , 'N');

INSERT INTO TBLMNETCONFIGURATIONPARAMETER
	(PARAMETERID, CONFIGID, SERIALNO, NAME, DISPLAYNAME, 
	ALIAS, DESCRIPTION, TYPE, REGEXP, MAXINSTANCES,MULTIPLEINSTANCES, 
	PARENTPARAMETERID, DEFAULTVALUE, MAXLENGTH, EDITABLE,
	STARTUPMODE, STATUS, ISNOTNULL )
VALUES
	('CPM000007' , 'CNF0001' , 1 , 'Connection Url' , 'Connection Url' ,
	'connection-url' , 'Connection Url' , 'L' , 'regexp' , 1 , 'N' ,
	'CPM000006' , 'jdbc:oracle:thin:@127.0.0.1:1521:eliteaaa' , 2000 , 'Y' ,
	'SMS0164' , 'Y' , 'N');

INSERT INTO TBLMNETCONFIGURATIONPARAMETER
	(PARAMETERID, CONFIGID, SERIALNO, NAME, DISPLAYNAME, 
	ALIAS, DESCRIPTION, TYPE, REGEXP, MAXINSTANCES,MULTIPLEINSTANCES, 
	PARENTPARAMETERID, DEFAULTVALUE, MAXLENGTH, EDITABLE,
	STARTUPMODE, STATUS, ISNOTNULL )
VALUES
	('CPM000008' , 'CNF0001' , 2 , 'User Name' , 'User Name' ,
	'user-name' , 'User Name' , 'L' , 'regexp' , 1 , 'N' ,
	'CPM000006' , 'netvertexdev60' , 200 , 'Y' ,
	'SMS0164' , 'Y' , 'N');

INSERT INTO TBLMNETCONFIGURATIONPARAMETER
	(PARAMETERID, CONFIGID, SERIALNO, NAME, DISPLAYNAME, 
	ALIAS, DESCRIPTION, TYPE, REGEXP, MAXINSTANCES,MULTIPLEINSTANCES, 
	PARENTPARAMETERID, DEFAULTVALUE, MAXLENGTH, EDITABLE,
	STARTUPMODE, STATUS, ISNOTNULL )
VALUES
	('CPM000009' , 'CNF0001' , 3 , 'Password' , 'Password' ,
	'password' , 'Password' , 'L' , 'regexp' , 1 , 'N' ,
	'CPM000006' , 'fqZ4hqZ}hKZ8^KZ6RnEA' , 200 , 'Y' ,
	'SMS0164' , 'Y' , 'N');

INSERT INTO TBLMNETCONFIGURATIONPARAMETER
	(PARAMETERID, CONFIGID, SERIALNO, NAME, DISPLAYNAME, 
	ALIAS, DESCRIPTION, TYPE, REGEXP, MAXINSTANCES,MULTIPLEINSTANCES, 
	PARENTPARAMETERID, DEFAULTVALUE, MAXLENGTH, EDITABLE,
	STARTUPMODE, STATUS, ISNOTNULL )
VALUES
	('CPM000264' , 'CNF0001' , 4 , 'Minimum Pool Size' , 'Minimum Pool Size' ,
	'min-pool-size' , 'Minimum Pool Size' , 'L' , '/(^\d\d*$)/' , 1 , 'N' ,
	'CPM000006' , '2' , 10 , 'Y' ,
	'SMS0164' , 'Y' , 'N');

INSERT INTO TBLMNETCONFIGURATIONPARAMETER
	(PARAMETERID, CONFIGID, SERIALNO, NAME, DISPLAYNAME, 
	ALIAS, DESCRIPTION, TYPE, REGEXP, MAXINSTANCES,MULTIPLEINSTANCES, 
	PARENTPARAMETERID, DEFAULTVALUE, MAXLENGTH, EDITABLE,
	STARTUPMODE, STATUS, ISNOTNULL )
VALUES
	('CPM000265' , 'CNF0001' , 5 , 'Maximum Pool Size' , 'Maximum Pool Size' ,
	'max-pool-size' , 'Maximum Pool Size' , 'L' , '/(^\d\d*$)/' , 1 , 'N' ,
	'CPM000006' , '20' , 10 , 'Y' ,
	'SMS0164' , 'Y' , 'N');

INSERT INTO TBLMNETCONFIGURATIONPARAMETER
	(PARAMETERID, CONFIGID, SERIALNO, NAME, DISPLAYNAME, 
	ALIAS, DESCRIPTION, TYPE, REGEXP, MAXINSTANCES,MULTIPLEINSTANCES, 
	PARENTPARAMETERID, DEFAULTVALUE, MAXLENGTH, EDITABLE,
	STARTUPMODE, STATUS, ISNOTNULL )
VALUES
	('CPM000449' , 'CNF0001' , 3 , 'Session DB Datasource' , 'Session DB Datasource' ,
	'session-db-datasource' , 'Session DB Datasource' , 'P' , 'regexp' , 1 , 'N' ,
	'CPM000001' , NULL , 0 , 'N' ,
	'SMS0164' , 'Y' , 'N');
	
INSERT INTO TBLMNETCONFIGURATIONPARAMETER
	(PARAMETERID, CONFIGID, SERIALNO, NAME, DISPLAYNAME, 
	ALIAS, DESCRIPTION, TYPE, REGEXP, MAXINSTANCES,MULTIPLEINSTANCES, 
	PARENTPARAMETERID, DEFAULTVALUE, MAXLENGTH, EDITABLE,
	STARTUPMODE, STATUS, ISNOTNULL )
VALUES
	('CPM000450' , 'CNF0001' , 1 , 'Data Source' , 'Data Source' ,
	'data-source-id' , 'Data Source' , 'L' , 'regexp' , 1 , 'N' ,
	'CPM000449' , NULL , 100 , 'Y' ,
	'SMS0164' , 'Y' , 'N');		
	
	
	
INSERT INTO TBLMNETCONFIGURATIONPARAMETER
	(PARAMETERID, CONFIGID, SERIALNO, NAME, DISPLAYNAME, 
	ALIAS, DESCRIPTION, TYPE, REGEXP, MAXINSTANCES,MULTIPLEINSTANCES, 
	PARENTPARAMETERID, DEFAULTVALUE, MAXLENGTH, EDITABLE,
	STARTUPMODE, STATUS, ISNOTNULL )
VALUES
	('CPM000010' , 'CNF0001' , 4 , 'Logging' , 'Logging' ,
	'logging' , 'Logging' , 'P' , 'regexp' , 1 , 'N' ,
	'CPM000001' , NULL , 0 , 'N' ,
	'SMS0164' , 'Y' , 'N');

INSERT INTO TBLMNETCONFIGURATIONPARAMETER
	(PARAMETERID, CONFIGID, SERIALNO, NAME, DISPLAYNAME, 
	ALIAS, DESCRIPTION, TYPE, REGEXP, MAXINSTANCES,MULTIPLEINSTANCES, 
	PARENTPARAMETERID, DEFAULTVALUE, MAXLENGTH, EDITABLE,
	STARTUPMODE, STATUS, ISNOTNULL )
VALUES
	('CPM000011' , 'CNF0001' , 1 , 'Log Level' , 'Log Level' ,
	'log-level' , 'Log Level' , 'L' , 'regexp' , 1 , 'N' ,
	'CPM000010' , 'INFO' , 100 , 'Y' ,
	'SMS0164' , 'Y' , 'N');

INSERT INTO TBLMNETCONFIGURATIONPARAMETER
	(PARAMETERID, CONFIGID, SERIALNO, NAME, DISPLAYNAME, 
	ALIAS, DESCRIPTION, TYPE, REGEXP, MAXINSTANCES,MULTIPLEINSTANCES, 
	PARENTPARAMETERID, DEFAULTVALUE, MAXLENGTH, EDITABLE,
	STARTUPMODE, STATUS, ISNOTNULL )
VALUES
	('CPM000012' , 'CNF0001' , 2 , 'Rolling Type' , 'Rolling Type' ,
	'rolling-type' , 'Rolling Type' , 'L' , 'regexp' , 1 , 'N' ,
	'CPM000010' , 1 , 100 , 'Y' ,
	'SMS0164' , 'Y' , 'N');

INSERT INTO TBLMNETCONFIGURATIONPARAMETER
	(PARAMETERID, CONFIGID, SERIALNO, NAME, DISPLAYNAME, 
	ALIAS, DESCRIPTION, TYPE, REGEXP, MAXINSTANCES,MULTIPLEINSTANCES, 
	PARENTPARAMETERID, DEFAULTVALUE, MAXLENGTH, EDITABLE,
	STARTUPMODE, STATUS, ISNOTNULL )
VALUES
	('CPM000013' , 'CNF0001' , 3 , 'Rolling Unit' , 'Rolling Unit' ,
	'rolling-unit' , 'If Time-Based then value will be 3,4,5 (Rolling 3:Every-Minute-Rolling, 4:Every-Hour-Rolling and 5:Daily-Rolling). If Size-Based then value will numeric (in KB)' , 'L' , 'regexp' , 1 , 'N' ,
	'CPM000010' , '5' , 10 , 'Y' ,
	'SMS0164' , 'Y' , 'N');

INSERT INTO TBLMNETCONFIGURATIONPARAMETER
	(PARAMETERID, CONFIGID, SERIALNO, NAME, DISPLAYNAME, 
	ALIAS, DESCRIPTION, TYPE, REGEXP, MAXINSTANCES,MULTIPLEINSTANCES, 
	PARENTPARAMETERID, DEFAULTVALUE, MAXLENGTH, EDITABLE,
	STARTUPMODE, STATUS, ISNOTNULL )
VALUES
	('CPM000014' , 'CNF0001' , 4 , 'Max Rolled Unit' , 'Max Rolled Unit' ,
	'max-rolled-unit' , 'Max Rolled Unit' , 'L' , 'regexp' , 1 , 'N' ,
	'CPM000010' , 1 , 10 , 'Y' ,
	'SMS0164' , 'Y' , 'N');

INSERT INTO TBLMNETCONFIGURATIONPARAMETER
	(PARAMETERID, CONFIGID, SERIALNO, NAME, DISPLAYNAME, 
	ALIAS, DESCRIPTION, TYPE, REGEXP, MAXINSTANCES,MULTIPLEINSTANCES, 
	PARENTPARAMETERID, DEFAULTVALUE, MAXLENGTH, EDITABLE,
	STARTUPMODE, STATUS, ISNOTNULL )
VALUES
	('CPM000015' , 'CNF0001' , 5 , 'Compress Rolled Unit' , 'Compress Rolled Unit' ,
	'compress-rolled-unit' , 'Compress Rolled Unit' , 'L' , 'regexp' , 1 , 'N' ,
	'CPM000010' , 'false' , 100 , 'Y' ,
	'SMS0164' , 'Y' , 'N');



	
COMMIT;

-- Radius Gateway Event Listner Configuration --

INSERT INTO TBLMNETCONFIGURATIONPARAMETER
	(PARAMETERID, CONFIGID, SERIALNO, NAME, DISPLAYNAME, 
	ALIAS, DESCRIPTION, TYPE, REGEXP, MAXINSTANCES,MULTIPLEINSTANCES, 
	PARENTPARAMETERID, DEFAULTVALUE, MAXLENGTH, EDITABLE,
	STARTUPMODE, STATUS, ISNOTNULL )
VALUES
	('CPM000019' , 'CNF0002' , 1 , 'Radius Listener' , 'Radius Listener' ,
	'radius-listener' , 'Radius Listener' , 'P' , 'regexp' , 1 , 'N' ,
	NULL , NULL , 0 , 'N' ,
	'SMS0164' , 'Y' , 'N');

INSERT INTO TBLMNETCONFIGURATIONPARAMETER
	(PARAMETERID, CONFIGID, SERIALNO, NAME, DISPLAYNAME, 
	ALIAS, DESCRIPTION, TYPE, REGEXP, MAXINSTANCES,MULTIPLEINSTANCES, 
	PARENTPARAMETERID, DEFAULTVALUE, MAXLENGTH, EDITABLE,
	STARTUPMODE, STATUS, ISNOTNULL )
VALUES
	('CPM000020' , 'CNF0002' , 1 , 'Radius Listener Enabled' , 'Radius Listener Enabled' ,
	'radius-listener-enabled' , 'Radius Listener Enabled' , 'L' , 'regexp' , 1 , 'N' ,
	'CPM000019' , 'false' , 100 , 'Y' ,
	'SMS0164' , 'Y' , 'N');

INSERT INTO TBLMNETCONFIGURATIONPARAMETER
	(PARAMETERID, CONFIGID, SERIALNO, NAME, DISPLAYNAME, 
	ALIAS, DESCRIPTION, TYPE, REGEXP, MAXINSTANCES,MULTIPLEINSTANCES, 
	PARENTPARAMETERID, DEFAULTVALUE, MAXLENGTH, EDITABLE,
	STARTUPMODE, STATUS, ISNOTNULL )
VALUES
	('CPM000021' , 'CNF0002' , 2 , 'Address' , 'Address' ,
	'address' , 'Address' , 'L' , 'regexp' , 1 , 'N' ,
	'CPM000019' , '0.0.0.0:2813' , 50 , 'Y' ,
	'SMS0164' , 'Y' , 'N');

INSERT INTO TBLMNETCONFIGURATIONPARAMETER
	(PARAMETERID, CONFIGID, SERIALNO, NAME, DISPLAYNAME, 
	ALIAS, DESCRIPTION, TYPE, REGEXP, MAXINSTANCES,MULTIPLEINSTANCES, 
	PARENTPARAMETERID, DEFAULTVALUE, MAXLENGTH, EDITABLE,
	STARTUPMODE, STATUS, ISNOTNULL )
VALUES
	('CPM000022' , 'CNF0002' , 3 , 'Socket Receive Buffer Size' , 'Socket Receive Buffer Size' ,
	'socket-receive-buffer-size' , 'Socket Receive Buffer Size' , 'L' , 'regexp' , 1 , 'N' ,
	'CPM000019' , '-1' , 10 , 'Y' ,
	'SMS0164' , 'Y' , 'N');

INSERT INTO TBLMNETCONFIGURATIONPARAMETER
	(PARAMETERID, CONFIGID, SERIALNO, NAME, DISPLAYNAME, 
	ALIAS, DESCRIPTION, TYPE, REGEXP, MAXINSTANCES,MULTIPLEINSTANCES, 
	PARENTPARAMETERID, DEFAULTVALUE, MAXLENGTH, EDITABLE,
	STARTUPMODE, STATUS, ISNOTNULL )
VALUES
	('CPM000023' , 'CNF0002' , 4 , 'Socket Send Buffer Size' , 'Socket Send Buffer Size' ,
	'socket-send-buffer-size' , 'Socket Send Buffer Size' , 'L' , 'regexp' , 1 , 'N' ,
	'CPM000019' , '-1' , 10 , 'Y' ,
	'SMS0164' , 'Y' , 'N');

INSERT INTO TBLMNETCONFIGURATIONPARAMETER
	(PARAMETERID, CONFIGID, SERIALNO, NAME, DISPLAYNAME, 
	ALIAS, DESCRIPTION, TYPE, REGEXP, MAXINSTANCES,MULTIPLEINSTANCES, 
	PARENTPARAMETERID, DEFAULTVALUE, MAXLENGTH, EDITABLE,
	STARTUPMODE, STATUS, ISNOTNULL )
VALUES
	('CPM000024' , 'CNF0002' , 5 , 'Queue Size' , 'Queue Size' ,
	'queue-size' , 'Queue Size' , 'L' , 'regexp' , 1 , 'N' ,
	'CPM000019' , 10000 , 10 , 'Y' ,
	'SMS0164' , 'Y' , 'N');

INSERT INTO TBLMNETCONFIGURATIONPARAMETER
	(PARAMETERID, CONFIGID, SERIALNO, NAME, DISPLAYNAME, 
	ALIAS, DESCRIPTION, TYPE, REGEXP, MAXINSTANCES,MULTIPLEINSTANCES, 
	PARENTPARAMETERID, DEFAULTVALUE, MAXLENGTH, EDITABLE,
	STARTUPMODE, STATUS, ISNOTNULL )
VALUES
	('CPM000025' , 'CNF0002' , 6 , 'Minimum Thread' , 'Minimum Thread' ,
	'minimum-thread' , 'Minimum Thread' , 'L' , 'regexp' , 1 , 'N' ,
	'CPM000019' , 5 , 10 , 'Y' ,
	'SMS0164' , 'Y' , 'N');

INSERT INTO TBLMNETCONFIGURATIONPARAMETER
	(PARAMETERID, CONFIGID, SERIALNO, NAME, DISPLAYNAME, 
	ALIAS, DESCRIPTION, TYPE, REGEXP, MAXINSTANCES,MULTIPLEINSTANCES, 
	PARENTPARAMETERID, DEFAULTVALUE, MAXLENGTH, EDITABLE,
	STARTUPMODE, STATUS, ISNOTNULL )
VALUES
	('CPM000026' , 'CNF0002' , 7 , 'Maximum Thread' , 'Maximum Thread' ,
	'maximum-thread' , 'Maximum Thread' , 'L' , 'regexp' , 1 , 'N' ,
	'CPM000019' , 10 , 10 , 'Y' ,
	'SMS0164' , 'Y' , 'N');

INSERT INTO TBLMNETCONFIGURATIONPARAMETER
	(PARAMETERID, CONFIGID, SERIALNO, NAME, DISPLAYNAME, 
	ALIAS, DESCRIPTION, TYPE, REGEXP, MAXINSTANCES,MULTIPLEINSTANCES, 
	PARENTPARAMETERID, DEFAULTVALUE, MAXLENGTH, EDITABLE,
	STARTUPMODE, STATUS, ISNOTNULL )
VALUES
	('CPM000027' , 'CNF0002' , 8 , 'Main Thread Priority' , 'Main Thread Priority' ,
	'main-thread-priority' , 'Main Thread Priority' , 'L' , 'regexp' , 1 , 'N' ,
	'CPM000019' , 7 , 10 , 'Y' ,
	'SMS0164' , 'Y' , 'N');

INSERT INTO TBLMNETCONFIGURATIONPARAMETER
	(PARAMETERID, CONFIGID, SERIALNO, NAME, DISPLAYNAME, 
	ALIAS, DESCRIPTION, TYPE, REGEXP, MAXINSTANCES,MULTIPLEINSTANCES, 
	PARENTPARAMETERID, DEFAULTVALUE, MAXLENGTH, EDITABLE,
	STARTUPMODE, STATUS, ISNOTNULL )
VALUES
	('CPM000028' , 'CNF0002' , 9 , 'Worker Thread Priority' , 'Worker Thread Priority' ,
	'worker-thread-priority' , 'Worker Thread Priority' , 'L' , 'regexp' , 1 , 'N' ,
	'CPM000019' , 7 , 10 , 'Y' ,
	'SMS0164' , 'Y' , 'N');

INSERT INTO TBLMNETCONFIGURATIONPARAMETER
	(PARAMETERID, CONFIGID, SERIALNO, NAME, DISPLAYNAME, 
	ALIAS, DESCRIPTION, TYPE, REGEXP, MAXINSTANCES,MULTIPLEINSTANCES, 
	PARENTPARAMETERID, DEFAULTVALUE, MAXLENGTH, EDITABLE,
	STARTUPMODE, STATUS, ISNOTNULL )
VALUES
	('CPM000269' , 'CNF0002' , 10 , 'Duplicate Request Check Enabled' , 'Duplicate Request Check Enabled' ,
	'duplicate-request-check-enabled' , 'Duplicate Request Check Enabled' , 'L' , 'regexp' , 1 , 'N' ,
	'CPM000019' , 'false' , 10 , 'Y' ,
	'SMS0164' , 'Y' , 'N');

INSERT INTO TBLMNETCONFIGURATIONPARAMETER
	(PARAMETERID, CONFIGID, SERIALNO, NAME, DISPLAYNAME, 
	ALIAS, DESCRIPTION, TYPE, REGEXP, MAXINSTANCES,MULTIPLEINSTANCES, 
	PARENTPARAMETERID, DEFAULTVALUE, MAXLENGTH, EDITABLE,
	STARTUPMODE, STATUS, ISNOTNULL )
VALUES
	('CPM000270' , 'CNF0002' , 11 , 'Duplicate Request Purge Interval' , 'Duplicate Request Purge Interval' ,
	'duplicate-request-purge-interval' , 'Duplicate Request Purge Interval' , 'L' , '/(^\d\d*$)/' , 1 , 'N' ,
	'CPM000019' , '15' , 10 , 'Y' ,
	'SMS0164' , 'Y' , 'N');

COMMIT;



--- Pcrf Service Configuration --
 
INSERT INTO TBLMNETCONFIGURATIONPARAMETER
	(PARAMETERID, CONFIGID, SERIALNO, NAME, DISPLAYNAME, 
	ALIAS, DESCRIPTION, TYPE, REGEXP, MAXINSTANCES,MULTIPLEINSTANCES, 
	PARENTPARAMETERID, DEFAULTVALUE, MAXLENGTH, EDITABLE,
	STARTUPMODE, STATUS, ISNOTNULL )
VALUES
	('CPM000042' , 'CNF0004' , 1 , 'Pcrf Service' , 'Pcrf Service' ,
	'pcrf-service' , 'Pcrf Service' , 'P' , 'regexp' , 1 , 'N' ,
	NULL , NULL , 0 , 'N' ,
	'SMS0164' , 'Y' , 'N');

INSERT INTO TBLMNETCONFIGURATIONPARAMETER
	(PARAMETERID, CONFIGID, SERIALNO, NAME, DISPLAYNAME, 
	ALIAS, DESCRIPTION, TYPE, REGEXP, MAXINSTANCES,MULTIPLEINSTANCES, 
	PARENTPARAMETERID, DEFAULTVALUE, MAXLENGTH, EDITABLE,
	STARTUPMODE, STATUS, ISNOTNULL )
VALUES
	('CPM000043' , 'CNF0004' , 1 , 'Queue Size' , 'Queue Size' ,
	'queue-size' , 'Queue Size' , 'L' , 'regexp' , 1 , 'N' ,
	'CPM000042' , 10000 , 10 , 'Y' ,
	'SMS0164' , 'Y' , 'N');

INSERT INTO TBLMNETCONFIGURATIONPARAMETER
	(PARAMETERID, CONFIGID, SERIALNO, NAME, DISPLAYNAME, 
	ALIAS, DESCRIPTION, TYPE, REGEXP, MAXINSTANCES,MULTIPLEINSTANCES, 
	PARENTPARAMETERID, DEFAULTVALUE, MAXLENGTH, EDITABLE,
	STARTUPMODE, STATUS, ISNOTNULL )
VALUES
	('CPM000044' , 'CNF0004' , 2 , 'Minimum Thread' , 'Minimum Thread' ,
	'minimum-thread' , 'Minimum Thread' , 'L' , 'regexp' , 1 , 'N' ,
	'CPM000042' , 5 , 10 , 'Y' ,
	'SMS0164' , 'Y' , 'N');

INSERT INTO TBLMNETCONFIGURATIONPARAMETER
	(PARAMETERID, CONFIGID, SERIALNO, NAME, DISPLAYNAME, 
	ALIAS, DESCRIPTION, TYPE, REGEXP, MAXINSTANCES,MULTIPLEINSTANCES, 
	PARENTPARAMETERID, DEFAULTVALUE, MAXLENGTH, EDITABLE,
	STARTUPMODE, STATUS, ISNOTNULL )
VALUES
	('CPM000045' , 'CNF0004' , 3 , 'Maximum Thread' , 'Maximum Thread' ,
	'maximum-thread' , 'Maximum Thread' , 'L' , 'regexp' , 1 , 'N' ,
	'CPM000042' , 10 , 10 , 'Y' ,
	'SMS0164' , 'Y' , 'N');

INSERT INTO TBLMNETCONFIGURATIONPARAMETER
	(PARAMETERID, CONFIGID, SERIALNO, NAME, DISPLAYNAME, 
	ALIAS, DESCRIPTION, TYPE, REGEXP, MAXINSTANCES,MULTIPLEINSTANCES, 
	PARENTPARAMETERID, DEFAULTVALUE, MAXLENGTH, EDITABLE,
	STARTUPMODE, STATUS, ISNOTNULL )
VALUES
	('CPM000047' , 'CNF0004' , 5 , 'Worker Thread Priority' , 'Worker Thread Priority' ,
	'worker-thread-priority' , 'Worker Thread Priority' , 'L' , 'regexp' , 1 , 'N' ,
	'CPM000042' , 7 , 10 , 'Y' ,
	'SMS0164' , 'Y' , 'N');

COMMIT;

-- Diameter Stack Configuration --

INSERT INTO TBLMNETCONFIGURATIONPARAMETER
	(PARAMETERID, CONFIGID, SERIALNO, NAME, DISPLAYNAME, 
	ALIAS, DESCRIPTION, TYPE, REGEXP, MAXINSTANCES,MULTIPLEINSTANCES, 
	PARENTPARAMETERID, DEFAULTVALUE, MAXLENGTH, EDITABLE,
	STARTUPMODE, STATUS, ISNOTNULL )
VALUES
	('CPM000086' , 'CNF0005' , 1 , 'Diameter Listener' , 'Diameter Listener' ,
	'diameter-listener' , 'Diameter Listener' , 'P' , 'regexp' , 1 , 'N' ,
	NULL , NULL , 0 , 'N' ,
	'SMS0164' , 'Y' , 'N');

INSERT INTO TBLMNETCONFIGURATIONPARAMETER
	(PARAMETERID, CONFIGID, SERIALNO, NAME, DISPLAYNAME, 
	ALIAS, DESCRIPTION, TYPE, REGEXP, MAXINSTANCES,MULTIPLEINSTANCES, 
	PARENTPARAMETERID, DEFAULTVALUE, MAXLENGTH, EDITABLE,
	STARTUPMODE, STATUS, ISNOTNULL )
VALUES
	('CPM000087' , 'CNF0005' , 1 , 'Diameter Listener Enable' , 'Diameter Listener Enable' ,
	'diameter-listener-enable' , 'Diameter Listener Enable' , 'L' , 'regexp' , 1 , 'N' ,
	'CPM000086' , 'true' , 100 , 'Y' ,
	'SMS0164' , 'Y' , 'N');

INSERT INTO TBLMNETCONFIGURATIONPARAMETER
	(PARAMETERID, CONFIGID, SERIALNO, NAME, DISPLAYNAME, 
	ALIAS, DESCRIPTION, TYPE, REGEXP, MAXINSTANCES,MULTIPLEINSTANCES, 
	PARENTPARAMETERID, DEFAULTVALUE, MAXLENGTH, EDITABLE,
	STARTUPMODE, STATUS, ISNOTNULL )
VALUES
	('CPM000088' , 'CNF0005' , 2 , 'Address' , 'Address' ,
	'address' , 'Address' , 'L' , 'regexp' , 1 , 'N' ,
	'CPM000086' , '0.0.0.0:3868' , 100 , 'Y' ,
	'SMS0164' , 'Y' , 'N');

INSERT INTO TBLMNETCONFIGURATIONPARAMETER
	(PARAMETERID, CONFIGID, SERIALNO, NAME, DISPLAYNAME, 
	ALIAS, DESCRIPTION, TYPE, REGEXP, MAXINSTANCES,MULTIPLEINSTANCES, 
	PARENTPARAMETERID, DEFAULTVALUE, MAXLENGTH, EDITABLE,
	STARTUPMODE, STATUS, ISNOTNULL )
VALUES
	('CPM000089' , 'CNF0005' , 3 , 'Socket Receive Buffer Size' , 'Socket Receive Buffer Size' ,
	'socket-receive-buffer-size' , 'Socket Receive Buffer Size' , 'L' , 'regexp' , 1 , 'N' ,
	'CPM000086' , '-1' , 25 , 'Y' ,
	'SMS0164' , 'Y' , 'N');

INSERT INTO TBLMNETCONFIGURATIONPARAMETER
	(PARAMETERID, CONFIGID, SERIALNO, NAME, DISPLAYNAME, 
	ALIAS, DESCRIPTION, TYPE, REGEXP, MAXINSTANCES,MULTIPLEINSTANCES, 
	PARENTPARAMETERID, DEFAULTVALUE, MAXLENGTH, EDITABLE,
	STARTUPMODE, STATUS, ISNOTNULL )
VALUES
	('CPM000090' , 'CNF0005' , 4 , 'Socket Send Buffer Size' , 'Socket Send Buffer Size' ,
	'socket-send-buffer-size' , 'Socket Send Buffer Size' , 'L' , 'regexp' , 1 , 'N' ,
	'CPM000086' , '-1' , 25 , 'Y' ,
	'SMS0164' , 'Y' , 'N');

INSERT INTO TBLMNETCONFIGURATIONPARAMETER
	(PARAMETERID, CONFIGID, SERIALNO, NAME, DISPLAYNAME, 
	ALIAS, DESCRIPTION, TYPE, REGEXP, MAXINSTANCES,MULTIPLEINSTANCES, 
	PARENTPARAMETERID, DEFAULTVALUE, MAXLENGTH, EDITABLE,
	STARTUPMODE, STATUS, ISNOTNULL )
VALUES
	('CPM000091' , 'CNF0005' , 5 , 'Queue Size' , 'Queue Size' ,
	'queue-size' , 'Queue Size' , 'L' , 'regexp' , 1 , 'N' ,
	'CPM000086' , 10000 , 25 , 'Y' ,
	'SMS0164' , 'Y' , 'N');

INSERT INTO TBLMNETCONFIGURATIONPARAMETER
	(PARAMETERID, CONFIGID, SERIALNO, NAME, DISPLAYNAME, 
	ALIAS, DESCRIPTION, TYPE, REGEXP, MAXINSTANCES,MULTIPLEINSTANCES, 
	PARENTPARAMETERID, DEFAULTVALUE, MAXLENGTH, EDITABLE,
	STARTUPMODE, STATUS, ISNOTNULL )
VALUES
	('CPM000092' , 'CNF0005' , 6 , 'Minimum Thread' , 'Minimum Thread' ,
	'minimum-thread' , 'Minimum Thread' , 'L' , 'regexp' , 1 , 'N' ,
	'CPM000086' , 5 , 10 , 'Y' ,
	'SMS0164' , 'Y' , 'N');

INSERT INTO TBLMNETCONFIGURATIONPARAMETER
	(PARAMETERID, CONFIGID, SERIALNO, NAME, DISPLAYNAME, 
	ALIAS, DESCRIPTION, TYPE, REGEXP, MAXINSTANCES,MULTIPLEINSTANCES, 
	PARENTPARAMETERID, DEFAULTVALUE, MAXLENGTH, EDITABLE,
	STARTUPMODE, STATUS, ISNOTNULL )
VALUES
	('CPM000093' , 'CNF0005' , 7 , 'Maximum Thread' , 'Maximum Thread' ,
	'maximum-thread' , 'Maximum Thread' , 'L' , 'regexp' , 1 , 'N' ,
	'CPM000086' , 10 , 10 , 'Y' ,
	'SMS0164' , 'Y' , 'N');

INSERT INTO TBLMNETCONFIGURATIONPARAMETER
	(PARAMETERID, CONFIGID, SERIALNO, NAME, DISPLAYNAME, 
	ALIAS, DESCRIPTION, TYPE, REGEXP, MAXINSTANCES,MULTIPLEINSTANCES, 
	PARENTPARAMETERID, DEFAULTVALUE, MAXLENGTH, EDITABLE,
	STARTUPMODE, STATUS, ISNOTNULL )
VALUES
	('CPM000094' , 'CNF0005' , 8 , 'Main Thread Priority' , 'Main Thread Priority' ,
	'main-thread-priority' , 'Main Thread Priority' , 'L' , 'regexp' , 1 , 'N' ,
	'CPM000086' , 7 , 10 , 'Y' ,
	'SMS0164' , 'Y' , 'N');

INSERT INTO TBLMNETCONFIGURATIONPARAMETER
	(PARAMETERID, CONFIGID, SERIALNO, NAME, DISPLAYNAME, 
	ALIAS, DESCRIPTION, TYPE, REGEXP, MAXINSTANCES,MULTIPLEINSTANCES, 
	PARENTPARAMETERID, DEFAULTVALUE, MAXLENGTH, EDITABLE,
	STARTUPMODE, STATUS, ISNOTNULL )
VALUES
	('CPM000095' , 'CNF0005' , 9 , 'Worker Thread Priority' , 'Worker Thread Priority' ,
	'worker-thread-priority' , 'Worker Thread Priority' , 'L' , 'regexp' , 1 , 'N' ,
	'CPM000086' , 7 , 10 , 'Y' ,
	'SMS0164' , 'Y' , 'N');

INSERT INTO TBLMNETCONFIGURATIONPARAMETER
	(PARAMETERID, CONFIGID, SERIALNO, NAME, DISPLAYNAME, 
	ALIAS, DESCRIPTION, TYPE, REGEXP, MAXINSTANCES,MULTIPLEINSTANCES, 
	PARENTPARAMETERID, DEFAULTVALUE, MAXLENGTH, EDITABLE,
	STARTUPMODE, STATUS, ISNOTNULL )
VALUES
	('CPM000096' , 'CNF0005' , 10 , 'Keep Alive Time' , 'Keep Alive Time' ,
	'keep-alive-time' , 'Keep Alive Time' , 'L' , 'regexp' , 1 , 'N' ,
	'CPM000086' , 3000 , 25 , 'Y' ,
	'SMS0164' , 'Y' , 'N');

INSERT INTO TBLMNETCONFIGURATIONPARAMETER
	(PARAMETERID, CONFIGID, SERIALNO, NAME, DISPLAYNAME, 
	ALIAS, DESCRIPTION, TYPE, REGEXP, MAXINSTANCES,MULTIPLEINSTANCES, 
	PARENTPARAMETERID, DEFAULTVALUE, MAXLENGTH, EDITABLE,
	STARTUPMODE, STATUS, ISNOTNULL )
VALUES
	('CPM000097' , 'CNF0005' , 11 , 'Origin Host' , 'Origin Host' ,
	'origin-host' , 'Origin Host' , 'L' , 'regexp' , 1 , 'N' ,
	'CPM000086' , 'netvertex.elitecore.com' , 50 , 'Y' ,
	'SMS0164' , 'Y' , 'N');

INSERT INTO TBLMNETCONFIGURATIONPARAMETER
	(PARAMETERID, CONFIGID, SERIALNO, NAME, DISPLAYNAME, 
	ALIAS, DESCRIPTION, TYPE, REGEXP, MAXINSTANCES,MULTIPLEINSTANCES, 
	PARENTPARAMETERID, DEFAULTVALUE, MAXLENGTH, EDITABLE,
	STARTUPMODE, STATUS, ISNOTNULL )
VALUES
	('CPM000098' , 'CNF0005' , 12 , 'Origin Realm' , 'Origin Realm' ,
	'origin-realm' , 'Origin Realm' , 'L' , 'regexp' , 1 , 'N' ,
	'CPM000086' , 'elitecore.com' , 50 , 'Y' ,
	'SMS0164' , 'Y' , 'N');
	
INSERT INTO TBLMNETCONFIGURATIONPARAMETER
	(PARAMETERID, CONFIGID, SERIALNO, NAME, DISPLAYNAME, 
	ALIAS, DESCRIPTION, TYPE, REGEXP, MAXINSTANCES,MULTIPLEINSTANCES, 
	PARENTPARAMETERID, DEFAULTVALUE, MAXLENGTH, EDITABLE,
	STARTUPMODE, STATUS, ISNOTNULL )
VALUES
	('CPM000099' , 'CNF0005' , 13 , 'DW Interval' , 'DW Interval' ,
	'dw-interval' , 'DW Interval' , 'L' , 'regexp' , 1 , 'N' ,
	'CPM000086' , '60' , 3 , 'Y' ,
	'SMS0164' , 'Y' , 'N');
	
INSERT INTO TBLMNETCONFIGURATIONPARAMETER
	(PARAMETERID, CONFIGID, SERIALNO, NAME, DISPLAYNAME, 
	ALIAS, DESCRIPTION, TYPE, REGEXP, MAXINSTANCES,MULTIPLEINSTANCES, 
	PARENTPARAMETERID, DEFAULTVALUE, MAXLENGTH, EDITABLE,
	STARTUPMODE, STATUS, ISNOTNULL )
VALUES
	('CPM000447' , 'CNF0005' , 14 , 'Duplicate Request Check Enabled' , 'Duplicate Request Check Enabled' ,
	'duplicate-request-check-enabled' , 'Specifies whether check for incoming duplicate request is required or not' , 'L' , 'regexp' , 1 , 'N' ,
	'CPM000086' , 'false' , 10 , 'Y' ,
	'SMS0164' , 'Y' , 'N');

INSERT INTO TBLMNETCONFIGURATIONPARAMETER
	(PARAMETERID, CONFIGID, SERIALNO, NAME, DISPLAYNAME, 
	ALIAS, DESCRIPTION, TYPE, REGEXP, MAXINSTANCES,MULTIPLEINSTANCES, 
	PARENTPARAMETERID, DEFAULTVALUE, MAXLENGTH, EDITABLE,
	STARTUPMODE, STATUS, ISNOTNULL )
VALUES
	('CPM000448' , 'CNF0005' , 15 , 'Duplicate Request Purge Interval' , 'Duplicate Request Purge Interval' ,
	'duplicate-request-purge-interval' , 'Specifies interval in seconds for purging the requests. Any value in between 5 and 25 is valid.Passing a invalid value will take the 		default value (15 seconds) as interval' , 'L' , '/(^-?\d\d*$)/' , 1 , 'N' ,
	'CPM000086' , '15' , 2 , 'Y' ,
	'SMS0164' , 'Y' , 'N');
	
	

INSERT INTO TBLMNETCONFIGURATIONPARAMETER
	(PARAMETERID, CONFIGID, SERIALNO, NAME, DISPLAYNAME, 
	ALIAS, DESCRIPTION, TYPE, REGEXP, MAXINSTANCES,MULTIPLEINSTANCES, 
	PARENTPARAMETERID, DEFAULTVALUE, MAXLENGTH, EDITABLE,
	STARTUPMODE, STATUS, ISNOTNULL )
VALUES
	('CPM000283' , 'CNF0005' , 16 , 'Diameter Session Cleanup' , 'Diameter Session Cleanup' ,
	'diameter-session-cleanup' , 'Diameter Session Cleanup' , 'P' , 'regexp' , 1 , 'N' ,
	'CPM000086' , null , 0 , 'N' ,
	'SMS0164' , 'Y' , 'N');

INSERT INTO TBLMNETCONFIGURATIONPARAMETER
	(PARAMETERID, CONFIGID, SERIALNO, NAME, DISPLAYNAME, 
	ALIAS, DESCRIPTION, TYPE, REGEXP, MAXINSTANCES,MULTIPLEINSTANCES, 
	PARENTPARAMETERID, DEFAULTVALUE, MAXLENGTH, EDITABLE,
	STARTUPMODE, STATUS, ISNOTNULL )
VALUES
	('CPM000284' , 'CNF0005' , 1 , 'Session Cleanup Interval-TS(Sec)' , 'Session Cleanup Interval-TS(Sec)' ,
	'session-cleanup-interval' , 'Session Cleanup Interval(Sec)' , 'L' , '/(^-?\d\d*$)/' , 1 , 'N' ,
	'CPM000283' , '86400' , 10 , 'Y' ,
	'SMS0164' , 'Y' , 'N');

INSERT INTO TBLMNETCONFIGURATIONPARAMETER
	(PARAMETERID, CONFIGID, SERIALNO, NAME, DISPLAYNAME, 
	ALIAS, DESCRIPTION, TYPE, REGEXP, MAXINSTANCES,MULTIPLEINSTANCES, 
	PARENTPARAMETERID, DEFAULTVALUE, MAXLENGTH, EDITABLE,
	STARTUPMODE, STATUS, ISNOTNULL )
VALUES
	('CPM000285' , 'CNF0005' , 2 , 'Session Timeout(Sec)' , 'Session Timeout(Sec)' ,
	'session-timeout' , 'Session Timeout(Sec)' , 'L' , '/(^-?\d\d*$)/' , 1 , 'N' ,
	'CPM000283' , '86400' , 10 , 'Y' ,
	'SMS0164' , 'Y' , 'N');

INSERT INTO TBLMNETCONFIGURATIONPARAMETER
	(PARAMETERID, CONFIGID, SERIALNO, NAME, DISPLAYNAME, 
	ALIAS, DESCRIPTION, TYPE, REGEXP, MAXINSTANCES,MULTIPLEINSTANCES, 
	PARENTPARAMETERID, DEFAULTVALUE, MAXLENGTH, EDITABLE,
	STARTUPMODE, STATUS, ISNOTNULL )
VALUES
	('CPM000286' , 'CNF0005' , 17 , 'Gateway List' , 'Gateway List' ,
	'gateway-list' , 'Gateway List' , 'P' , 'regexp' , 1 , 'N' ,
	'CPM000086' , NULL , 0 , 'Y' ,
	'SMS0164' , 'Y' , 'N');

INSERT INTO TBLMNETCONFIGURATIONPARAMETER
	(PARAMETERID, CONFIGID, SERIALNO, NAME, DISPLAYNAME, 
	ALIAS, DESCRIPTION, TYPE, REGEXP, MAXINSTANCES,MULTIPLEINSTANCES, 
	PARENTPARAMETERID, DEFAULTVALUE, MAXLENGTH, EDITABLE,
	STARTUPMODE, STATUS, ISNOTNULL )
VALUES
	('CPM000287' , 'CNF0005' , 1 , 'Gateway' , 'Gateway' ,
	'gateway' , 'Gateway' , 'L' , 'regexp' , 100 , 'Y' ,
	'CPM000286' , '-ALL-' , 100 , 'Y' ,
	'SMS0164' , 'Y' , 'N');
INSERT INTO TBLMNETCONFIGURATIONPARAMETER
    (PARAMETERID, CONFIGID, SERIALNO, NAME, DISPLAYNAME,
    ALIAS, DESCRIPTION, TYPE, REGEXP, MAXINSTANCES,MULTIPLEINSTANCES,
    PARENTPARAMETERID, DEFAULTVALUE, MAXLENGTH, EDITABLE,
    STARTUPMODE, STATUS, ISNOTNULL )
VALUES
    ('CPM000428' , 'CNF0005' , 18, 'Security Standard' , 'Security Standard' ,
    'security-standard' , 'Security Standard' , 'L' , 'regexp' , 100 , 'N' ,
    'CPM000086' , null , 100 , 'Y' ,
    'SMS0164' , 'Y' , 'N');


INSERT INTO TBLMNETCONFIGURATIONPARAMETER
    (PARAMETERID, CONFIGID, SERIALNO, NAME, DISPLAYNAME,
    ALIAS, DESCRIPTION, TYPE, REGEXP, MAXINSTANCES,MULTIPLEINSTANCES,
    PARENTPARAMETERID, DEFAULTVALUE, MAXLENGTH, EDITABLE,
    STARTUPMODE, STATUS, ISNOTNULL )
VALUES
    ('CPM000429' , 'CNF0005' ,19, 'Security Parameters' , 'Security Parameters' ,
    'security-parameters' , 'Security Parameters' , 'P' , 'regexp' , 1 , 'N' ,
    'CPM000086' , null , 0 , 'N' ,
    'SMS0164' , 'Y' , 'N');



INSERT INTO TBLMNETCONFIGURATIONPARAMETER
    (PARAMETERID, CONFIGID, SERIALNO, NAME, DISPLAYNAME,
    ALIAS, DESCRIPTION, TYPE, REGEXP, MAXINSTANCES,MULTIPLEINSTANCES,
    PARENTPARAMETERID, DEFAULTVALUE, MAXLENGTH, EDITABLE,
    STARTUPMODE, STATUS, ISNOTNULL )
VALUES
    ('CPM000430' , 'CNF0005' , 1 , 'Minimum TLS Version' , 'Minimum TLS Version' ,
    'min-tls-version' , 'Minimum TLS Version' , 'L' , 'regexp' , 100 , 'Y' ,
    'CPM000429' , '' , 100 , 'Y' ,
    'SMS0164' , 'Y' , 'N');

INSERT INTO TBLMNETCONFIGURATIONPARAMETER
    (PARAMETERID, CONFIGID, SERIALNO, NAME, DISPLAYNAME,
    ALIAS, DESCRIPTION, TYPE, REGEXP, MAXINSTANCES,MULTIPLEINSTANCES,
    PARENTPARAMETERID, DEFAULTVALUE, MAXLENGTH, EDITABLE,
    STARTUPMODE, STATUS, ISNOTNULL )
VALUES
    ('CPM000431' , 'CNF0005' , 2 , 'Maximum TLS Version' , 'Maximum TLS Version' ,
    'max-tls-version' , 'Maximum TLS Version' , 'L' , 'regexp' , 100 , 'Y' ,
    'CPM000429' , '' , 100 , 'Y' ,
    'SMS0164' , 'Y' , 'N');
    
INSERT INTO TBLMNETCONFIGURATIONPARAMETER
	(PARAMETERID, CONFIGID, SERIALNO, NAME, DISPLAYNAME, 
	ALIAS, DESCRIPTION, TYPE, REGEXP, MAXINSTANCES,MULTIPLEINSTANCES, 
	PARENTPARAMETERID, DEFAULTVALUE, MAXLENGTH, EDITABLE,
	STARTUPMODE, STATUS, ISNOTNULL )
VALUES
	('CPM000439' , 'CNF0005' , 3 , 'Handshake Timeout' , 'Handshake Timeout' ,
	'handshake-timeout' , 'Handshake Timeout' , 'L' , 'regexp' , 1 , 'N' ,
	'CPM000429' , '3000' , 100 , 'Y' ,
	'SMS0164' , 'Y' , 'N');

INSERT INTO TBLMNETCONFIGURATIONPARAMETER
    (PARAMETERID, CONFIGID, SERIALNO, NAME, DISPLAYNAME,
    ALIAS, DESCRIPTION, TYPE, REGEXP, MAXINSTANCES,MULTIPLEINSTANCES,
    PARENTPARAMETERID, DEFAULTVALUE, MAXLENGTH, EDITABLE,
    STARTUPMODE, STATUS, ISNOTNULL )
VALUES
    ('CPM000432' , 'CNF0005' , 3 , 'Server Certificate Profile' , 'Server Certificate Profile' ,
    'server-certificate-id' , 'Server Certificate Profile' , 'L' , 'regexp' , 100 , 'Y' ,
    'CPM000429' , null , 100 , 'Y' ,
    'SMS0164' , 'Y' , 'N');

INSERT INTO TBLMNETCONFIGURATIONPARAMETER
    (PARAMETERID, CONFIGID, SERIALNO, NAME, DISPLAYNAME,
    ALIAS, DESCRIPTION, TYPE, REGEXP, MAXINSTANCES,MULTIPLEINSTANCES,
    PARENTPARAMETERID, DEFAULTVALUE, MAXLENGTH, EDITABLE,
    STARTUPMODE, STATUS, ISNOTNULL )
VALUES
    ('CPM000433' , 'CNF0005' , 4 , 'Client Certificate Request' , 'Client Certificate Request' ,
    'client-certificate-request' , 'Client Certificate Request' , 'L' , 'regexp' , 100 , 'Y' ,
    'CPM000429' , 'true' , 100 , 'Y' ,
    'SMS0164' , 'Y' , 'N');

INSERT INTO TBLMNETCONFIGURATIONPARAMETER
    (PARAMETERID, CONFIGID, SERIALNO, NAME, DISPLAYNAME,
    ALIAS, DESCRIPTION, TYPE, REGEXP, MAXINSTANCES,MULTIPLEINSTANCES,
    PARENTPARAMETERID, DEFAULTVALUE, MAXLENGTH, EDITABLE,
    STARTUPMODE, STATUS, ISNOTNULL )
VALUES
    ('CPM000434' , 'CNF0005' , 5 , 'CipherSuit List' , 'CipherSuit List' ,
    'enabled-cipher-suites' , 'CipherSuit List' , 'L' , 'regexp' , 100 , 'Y' ,
    'CPM000429' , null , 4000 , 'Y' ,
    'SMS0164' , 'Y' , 'N');

INSERT INTO TBLMNETCONFIGURATIONPARAMETER
    (PARAMETERID, CONFIGID, SERIALNO, NAME, DISPLAYNAME,
    ALIAS, DESCRIPTION, TYPE, REGEXP, MAXINSTANCES,MULTIPLEINSTANCES,
    PARENTPARAMETERID, DEFAULTVALUE, MAXLENGTH, EDITABLE,
    STARTUPMODE, STATUS, ISNOTNULL )
VALUES
    ('CPM000435' , 'CNF0005' , 6 , 'Certificate Validation' , 'Certificate Validation' ,
    'certificate-validation' , 'Certificate Validation' , 'P' , 'regexp' , 1 , 'Y' ,
    'CPM000429' , null , 0 , 'N' ,
    'SMS0164' , 'Y' , 'N');

INSERT INTO TBLMNETCONFIGURATIONPARAMETER
    (PARAMETERID, CONFIGID, SERIALNO, NAME, DISPLAYNAME,
    ALIAS, DESCRIPTION, TYPE, REGEXP, MAXINSTANCES,MULTIPLEINSTANCES,
    PARENTPARAMETERID, DEFAULTVALUE, MAXLENGTH, EDITABLE,
    STARTUPMODE, STATUS, ISNOTNULL )
VALUES
    ('CPM000436' , 'CNF0005' , 1 , 'Expiry Date' , 'Expiry Date' ,
    'validate-certificate-expiry' , 'Expiry Date' , 'L' , 'regexp' , 100 , 'N' ,
    'CPM000435' , 'true' , 100 , 'Y' ,
    'SMS0164' , 'Y' , 'N');

INSERT INTO TBLMNETCONFIGURATIONPARAMETER
    (PARAMETERID, CONFIGID, SERIALNO, NAME, DISPLAYNAME,
    ALIAS, DESCRIPTION, TYPE, REGEXP, MAXINSTANCES,MULTIPLEINSTANCES,
    PARENTPARAMETERID, DEFAULTVALUE, MAXLENGTH, EDITABLE,
    STARTUPMODE, STATUS, ISNOTNULL )
VALUES
    ('CPM000437' , 'CNF0005' , 2 , 'Unknown CA' , 'Unknown CA' ,
    'validate-certificate-ca' , 'Unknown CA' , 'L' , 'regexp' , 100 , 'N' ,
    'CPM000435' , 'true' , 100 , 'Y' ,
    'SMS0164' , 'Y' , 'N');


INSERT INTO TBLMNETCONFIGURATIONPARAMETER
    (PARAMETERID, CONFIGID, SERIALNO, NAME, DISPLAYNAME,
    ALIAS, DESCRIPTION, TYPE, REGEXP, MAXINSTANCES,MULTIPLEINSTANCES,
    PARENTPARAMETERID, DEFAULTVALUE, MAXLENGTH, EDITABLE,
    STARTUPMODE, STATUS, ISNOTNULL )
VALUES
    ('CPM000438' , 'CNF0005' , 3 , 'Revoked Certificate' , 'Revoked Certificate' ,
    'validate-certificate-revocation' , 'Revoked Certificate' , 'L' , 'regexp' , 100 , 'N' ,
    'CPM000435' , 'true' , 100 , 'Y' ,
    'SMS0164' , 'Y' , 'N');
COMMIT;

	
	INSERT INTO TBLMNETCONFIGURATIONPARAMETER
        (PARAMETERID, CONFIGID, SERIALNO, NAME, DISPLAYNAME, 
        ALIAS, DESCRIPTION, TYPE, REGEXP, MAXINSTANCES,MULTIPLEINSTANCES, 
        PARENTPARAMETERID, DEFAULTVALUE, MAXLENGTH, EDITABLE,
        STARTUPMODE, STATUS, ISNOTNULL )
VALUES
        ('CPM000441' , 'CNF0001' , 8 , 'Groovy Scripts' , 'Groovy Scripts' ,
        'groovy-scripts' , 'Groovy Scripts' , 'P' , 'regexp' , 1 , 'N' ,
        'CPM000001' , NULL , 0 , 'Y' ,
        'SMS0164' , 'Y' , 'N');
        
INSERT INTO TBLMNETCONFIGURATIONPARAMETER
        (PARAMETERID, CONFIGID, SERIALNO, NAME, DISPLAYNAME, 
        ALIAS, DESCRIPTION, TYPE, REGEXP, MAXINSTANCES,MULTIPLEINSTANCES, 
        PARENTPARAMETERID, DEFAULTVALUE, MAXLENGTH, EDITABLE,
        STARTUPMODE, STATUS, ISNOTNULL )
VALUES
        ('CPM000442' , 'CNF0001' , 1 , 'Groovy Script' , 'Groovy Script' ,
        'groovy-script' , 'Groovy Script' , 'P' , 'regexp' , 100 , 'Y' ,
        'CPM000441' , NULL , 0 , 'Y' ,
        'SMS0164' , 'Y' , 'N');
        

INSERT INTO TBLMNETCONFIGURATIONPARAMETER
        (PARAMETERID, CONFIGID, SERIALNO, NAME, DISPLAYNAME, 
        ALIAS, DESCRIPTION, TYPE, REGEXP, MAXINSTANCES,MULTIPLEINSTANCES, 
        PARENTPARAMETERID, DEFAULTVALUE, MAXLENGTH, EDITABLE,
        STARTUPMODE, STATUS, ISNOTNULL )
VALUES
        ('CPM000443' , 'CNF0001' , 1 , 'Name' , 'Name' ,
        'name' , 'Name' , 'L' , 'regexp' , 1 , 'N' ,
        'CPM000442' , NULL , 100 , 'Y' ,
        'SMS0164' , 'Y' , 'N');
        
INSERT INTO TBLMNETCONFIGURATIONPARAMETER
        (PARAMETERID, CONFIGID, SERIALNO, NAME, DISPLAYNAME, 
        ALIAS, DESCRIPTION, TYPE, REGEXP, MAXINSTANCES,MULTIPLEINSTANCES, 
        PARENTPARAMETERID, DEFAULTVALUE, MAXLENGTH, EDITABLE,
        STARTUPMODE, STATUS, ISNOTNULL )
VALUES
        ('CPM000444' , 'CNF0001' , 2 , 'argument' , 'argument' ,
        'argument' , 'argument' , 'L' , 'regexp' , 1 , 'N' ,
        'CPM000442' , NULL , 1000, 'Y' ,
        'SMS0164' , 'Y' , 'N');
	
COMMIT;

-- Notification Service Configuration --

INSERT INTO TBLMNETCONFIGURATIONPARAMETER
	(PARAMETERID, CONFIGID, SERIALNO, NAME, DISPLAYNAME, 
	ALIAS, DESCRIPTION, TYPE, REGEXP, MAXINSTANCES,MULTIPLEINSTANCES, 
	PARENTPARAMETERID, DEFAULTVALUE, MAXLENGTH, EDITABLE,
	STARTUPMODE, STATUS, ISNOTNULL )
VALUES
	('CPM000191' , 'CNF0012' , 1 , 'Notification Service' , 'Notification Service' ,
	'notification-service' , 'Notification Service' , 'P' , 'regexp' , 1 , 'N' ,
	NULL , NULL , 0 , 'N' ,
	'SMS0164' , 'Y' , 'N');

INSERT INTO TBLMNETCONFIGURATIONPARAMETER
	(PARAMETERID, CONFIGID, SERIALNO, NAME, DISPLAYNAME, 
	ALIAS, DESCRIPTION, TYPE, REGEXP, MAXINSTANCES,MULTIPLEINSTANCES, 
	PARENTPARAMETERID, DEFAULTVALUE, MAXLENGTH, EDITABLE,
	STARTUPMODE, STATUS, ISNOTNULL )
VALUES
	('CPM000192' , 'CNF0012' , 1 , 'Initial Delay(sec)' , 'Initial Delay(sec)' ,
	'initial-delay' , 'Specifies the initial delay while scheduling service, after this number of seconds the first execution will be started' , 'L' , 'regexp' , 1 , 'N' ,
	'CPM000191' , '60' , 15 , 'Y' ,
	'SMS0164' , 'Y' , 'N');

INSERT INTO TBLMNETCONFIGURATIONPARAMETER
	(PARAMETERID, CONFIGID, SERIALNO, NAME, DISPLAYNAME, 
	ALIAS, DESCRIPTION, TYPE, REGEXP, MAXINSTANCES,MULTIPLEINSTANCES, 
	PARENTPARAMETERID, DEFAULTVALUE, MAXLENGTH, EDITABLE,
	STARTUPMODE, STATUS, ISNOTNULL )
VALUES
	('CPM000193' , 'CNF0012' , 2 , 'Service Execution Period(sec)' , 'Service Execution Period(sec)' ,
	'service-execution-period' , 'Specifies the inteval of Service Execution' , 'L' , 'regexp' , 1 , 'N' ,
	'CPM000191' , '30' , 15 , 'Y' ,
	'SMS0164' , 'Y' , 'N');

INSERT INTO TBLMNETCONFIGURATIONPARAMETER
	(PARAMETERID, CONFIGID, SERIALNO, NAME, DISPLAYNAME, 
	ALIAS, DESCRIPTION, TYPE, REGEXP, MAXINSTANCES,MULTIPLEINSTANCES, 
	PARENTPARAMETERID, DEFAULTVALUE, MAXLENGTH, EDITABLE,
	STARTUPMODE, STATUS, ISNOTNULL )
VALUES
	('CPM000194' , 'CNF0012' , 3 , 'Max Parallel Execution' , 'Max Parallel Execution' ,
	'max-parallel-execution' , 'Specifies number of parallel execution of entities' , 'L' , 'regexp' , 1 , 'N' ,
	'CPM000191' , '5' , 15 , 'Y' ,
	'SMS0164' , 'Y' , 'N');

INSERT INTO TBLMNETCONFIGURATIONPARAMETER
	(PARAMETERID, CONFIGID, SERIALNO, NAME, DISPLAYNAME, 
	ALIAS, DESCRIPTION, TYPE, REGEXP, MAXINSTANCES,MULTIPLEINSTANCES, 
	PARENTPARAMETERID, DEFAULTVALUE, MAXLENGTH, EDITABLE,
	STARTUPMODE, STATUS, ISNOTNULL )
VALUES
	('CPM000272' , 'CNF0012' , 4 , 'Batch Size' , 'Batch Size' ,
	'batch-size' , 'Specifies the Batch Size' , 'L' , 'regexp' , 1 , 'N' ,
	'CPM000191' , '10' , 15 , 'Y' ,
	'SMS0164' , 'Y' , 'N');


INSERT INTO TBLMNETCONFIGURATIONPARAMETER
	(PARAMETERID, CONFIGID, SERIALNO, NAME, DISPLAYNAME, 
	ALIAS, DESCRIPTION, TYPE, REGEXP, MAXINSTANCES,MULTIPLEINSTANCES, 
	PARENTPARAMETERID, DEFAULTVALUE, MAXLENGTH, EDITABLE,
	STARTUPMODE, STATUS, ISNOTNULL )
VALUES
	('CPM000203' , 'CNF0012' , 5 , 'Email Config' , 'Email Config' ,
	'email-conf' , 'Email Config' , 'P' , 'regexp' , 1 , 'N' ,
	'CPM000191' , NULL , 0 , 'N' ,
	'SMS0164' , 'Y' , 'N');

INSERT INTO TBLMNETCONFIGURATIONPARAMETER
	(PARAMETERID, CONFIGID, SERIALNO, NAME, DISPLAYNAME, 
	ALIAS, DESCRIPTION, TYPE, REGEXP, MAXINSTANCES,MULTIPLEINSTANCES, 
	PARENTPARAMETERID, DEFAULTVALUE, MAXLENGTH, EDITABLE,
	STARTUPMODE, STATUS, ISNOTNULL )
VALUES
	('CPM000204' , 'CNF0012' , 1 , 'Enabled' , 'Enabled' ,
	'enabled' , 'email-Enabled' , 'L' , 'regexp' , 1 , 'N' ,
	'CPM000203' , 'false' , 10 , 'Y' ,
	'SMS0164' , 'Y' , 'N');

INSERT INTO TBLMNETCONFIGURATIONPARAMETER
	(PARAMETERID, CONFIGID, SERIALNO, NAME, DISPLAYNAME, 
	ALIAS, DESCRIPTION, TYPE, REGEXP, MAXINSTANCES,MULTIPLEINSTANCES, 
	PARENTPARAMETERID, DEFAULTVALUE, MAXLENGTH, EDITABLE,
	STARTUPMODE, STATUS, ISNOTNULL )
VALUES
	('CPM000205' , 'CNF0012' , 2 , 'Mail Host' , 'Mail Host' ,
	'mail-host' , 'Mail Host' , 'L' , 'regexp' , 1 , 'N' ,
	'CPM000203' , NULL , 300 , 'Y' ,
	'SMS0164' , 'Y' , 'N');

INSERT INTO TBLMNETCONFIGURATIONPARAMETER
	(PARAMETERID, CONFIGID, SERIALNO, NAME, DISPLAYNAME, 
	ALIAS, DESCRIPTION, TYPE, REGEXP, MAXINSTANCES,MULTIPLEINSTANCES, 
	PARENTPARAMETERID, DEFAULTVALUE, MAXLENGTH, EDITABLE,
	STARTUPMODE, STATUS, ISNOTNULL )
VALUES
	('CPM000206' , 'CNF0012' , 3 , 'User Name' , 'User Name' ,
	'user-name' , 'User Name' , 'L' , 'regexp' , 1 , 'N' ,
	'CPM000203' , NULL , 100 , 'Y' ,
	'SMS0164' , 'Y' , 'N');

INSERT INTO TBLMNETCONFIGURATIONPARAMETER
	(PARAMETERID, CONFIGID, SERIALNO, NAME, DISPLAYNAME, 
	ALIAS, DESCRIPTION, TYPE, REGEXP, MAXINSTANCES,MULTIPLEINSTANCES, 
	PARENTPARAMETERID, DEFAULTVALUE, MAXLENGTH, EDITABLE,
	STARTUPMODE, STATUS, ISNOTNULL )
VALUES
	('CPM000207' , 'CNF0012' , 4 , 'Password' , 'Password' ,
	'password' , 'Password' , 'L' , 'regexp' , 1 , 'N' ,
	'CPM000203' , NULL , 100 , 'Y' ,
	'SMS0164' , 'Y' , 'N');

INSERT INTO TBLMNETCONFIGURATIONPARAMETER
	(PARAMETERID, CONFIGID, SERIALNO, NAME, DISPLAYNAME, 
	ALIAS, DESCRIPTION, TYPE, REGEXP, MAXINSTANCES,MULTIPLEINSTANCES, 
	PARENTPARAMETERID, DEFAULTVALUE, MAXLENGTH, EDITABLE,
	STARTUPMODE, STATUS, ISNOTNULL )
VALUES
	('CPM000208' , 'CNF0012' , 5 , 'From Address' , 'From Address' ,
	'from-address' , 'From Address' , 'L' , 'regexp' , 1 , 'N' ,
	'CPM000203' , NULL , 300 , 'Y' ,
	'SMS0164' , 'Y' , 'N');

INSERT INTO TBLMNETCONFIGURATIONPARAMETER
	(PARAMETERID, CONFIGID, SERIALNO, NAME, DISPLAYNAME, 
	ALIAS, DESCRIPTION, TYPE, REGEXP, MAXINSTANCES,MULTIPLEINSTANCES, 
	PARENTPARAMETERID, DEFAULTVALUE, MAXLENGTH, EDITABLE,
	STARTUPMODE, STATUS, ISNOTNULL )
VALUES
	('CPM000209' , 'CNF0012' , 6 , 'SMS Config' , 'SMS Config' ,
	'sms-conf' , 'SMS Config' , 'P' , 'regexp' , 1 , 'N' ,
	'CPM000191' , 'false' , 0 , 'N' ,
	'SMS0164' , 'Y' , 'N');

INSERT INTO TBLMNETCONFIGURATIONPARAMETER
	(PARAMETERID, CONFIGID, SERIALNO, NAME, DISPLAYNAME, 
	ALIAS, DESCRIPTION, TYPE, REGEXP, MAXINSTANCES,MULTIPLEINSTANCES, 
	PARENTPARAMETERID, DEFAULTVALUE, MAXLENGTH, EDITABLE,
	STARTUPMODE, STATUS, ISNOTNULL )
VALUES
	('CPM000210' , 'CNF0012' , 1 , 'Enabled' , 'Enabled' ,
	'enabled' , 'sms-Enabled' , 'L' , 'regexp' , 1 , 'N' ,
	'CPM000209' , NULL , 100 , 'Y' ,
	'SMS0164' , 'Y' , 'N');

INSERT INTO TBLMNETCONFIGURATIONPARAMETER
	(PARAMETERID, CONFIGID, SERIALNO, NAME, DISPLAYNAME, 
	ALIAS, DESCRIPTION, TYPE, REGEXP, MAXINSTANCES,MULTIPLEINSTANCES, 
	PARENTPARAMETERID, DEFAULTVALUE, MAXLENGTH, EDITABLE,
	STARTUPMODE, STATUS, ISNOTNULL )
VALUES
	('CPM000391' , 'CNF0012' , 2 , 'Sms Protocol' , 'Sms Protocol' ,
	'sms-protocol' , 'Sms Protocol' , 'L' , 'regexp' , 1 , 'N' ,
	'CPM000209' , NULL , 100 , 'Y' ,
	'SMS0164' , 'Y' , 'N');

INSERT INTO TBLMNETCONFIGURATIONPARAMETER
	(PARAMETERID, CONFIGID, SERIALNO, NAME, DISPLAYNAME, 
	ALIAS, DESCRIPTION, TYPE, REGEXP, MAXINSTANCES,MULTIPLEINSTANCES, 
	PARENTPARAMETERID, DEFAULTVALUE, MAXLENGTH, EDITABLE,
	STARTUPMODE, STATUS, ISNOTNULL )
VALUES
	('CPM000392' , 'CNF0012' , 3 , 'Sms Smpp Conf' , 'Sms Smpp Conf' ,
	'sms-smpp-conf' , 'Sms Smpp Conf' , 'P' , 'regexp' , 1 , 'N' ,
	'CPM000209' , NULL , 0 , 'N' ,
	'SMS0164' , 'Y' , 'N');

INSERT INTO TBLMNETCONFIGURATIONPARAMETER
	(PARAMETERID, CONFIGID, SERIALNO, NAME, DISPLAYNAME, 
	ALIAS, DESCRIPTION, TYPE, REGEXP, MAXINSTANCES,MULTIPLEINSTANCES, 
	PARENTPARAMETERID, DEFAULTVALUE, MAXLENGTH, EDITABLE,
	STARTUPMODE, STATUS, ISNOTNULL )
VALUES
	('CPM000393' , 'CNF0012' , 1 , 'User Name' , 'User Name' ,
	'user-name' , 'User Name' , 'L' , 'regexp' , 1 , 'N' ,
	'CPM000392' , NULL , 100 , 'Y' ,
	'SMS0164' , 'Y' , 'N');

INSERT INTO TBLMNETCONFIGURATIONPARAMETER
	(PARAMETERID, CONFIGID, SERIALNO, NAME, DISPLAYNAME, 
	ALIAS, DESCRIPTION, TYPE, REGEXP, MAXINSTANCES,MULTIPLEINSTANCES, 
	PARENTPARAMETERID, DEFAULTVALUE, MAXLENGTH, EDITABLE,
	STARTUPMODE, STATUS, ISNOTNULL )
VALUES
	('CPM000394' , 'CNF0012' , 2 , 'Password' , 'Password' ,
	'password' , 'Password' , 'L' , 'regexp' , 1 , 'N' ,
	'CPM000392' , NULL , 100 , 'Y' ,
	'SMS0164' , 'Y' , 'N');

INSERT INTO TBLMNETCONFIGURATIONPARAMETER
	(PARAMETERID, CONFIGID, SERIALNO, NAME, DISPLAYNAME, 
	ALIAS, DESCRIPTION, TYPE, REGEXP, MAXINSTANCES,MULTIPLEINSTANCES, 
	PARENTPARAMETERID, DEFAULTVALUE, MAXLENGTH, EDITABLE,
	STARTUPMODE, STATUS, ISNOTNULL )
VALUES
	('CPM000395' , 'CNF0012' , 3 , 'Connection Url' , 'Connection Url' ,
	'connection-url' , 'Connection Url' , 'L' , 'regexp' , 1 , 'N' ,
	'CPM000392' , NULL , 100 , 'Y' ,
	'SMS0164' , 'Y' , 'N');

INSERT INTO TBLMNETCONFIGURATIONPARAMETER
	(PARAMETERID, CONFIGID, SERIALNO, NAME, DISPLAYNAME, 
	ALIAS, DESCRIPTION, TYPE, REGEXP, MAXINSTANCES,MULTIPLEINSTANCES, 
	PARENTPARAMETERID, DEFAULTVALUE, MAXLENGTH, EDITABLE,
	STARTUPMODE, STATUS, ISNOTNULL )
VALUES
	('CPM000396' , 'CNF0012' , 4 , 'System Type' , 'System Type' ,
	'system-type' , 'System Type' , 'L' , 'regexp' , 1 , 'N' ,
	'CPM000392' , NULL , 13 , 'Y' ,
	'SMS0164' , 'Y' , 'N');

INSERT INTO TBLMNETCONFIGURATIONPARAMETER
	(PARAMETERID, CONFIGID, SERIALNO, NAME, DISPLAYNAME, 
	ALIAS, DESCRIPTION, TYPE, REGEXP, MAXINSTANCES,MULTIPLEINSTANCES, 
	PARENTPARAMETERID, DEFAULTVALUE, MAXLENGTH, EDITABLE,
	STARTUPMODE, STATUS, ISNOTNULL )
VALUES
	('CPM000397' , 'CNF0012' , 5 , 'Transaction Timeout' , 'Transaction Timeout (ms)' ,
	'transaction-timeout' , 'Transaction Timeout' , 'L' , 'regexp' , 1 , 'N' ,
	'CPM000392' , '3000' , 5 , 'Y' ,
	'SMS0164' , 'Y' , 'N');

INSERT INTO TBLMNETCONFIGURATIONPARAMETER
	(PARAMETERID, CONFIGID, SERIALNO, NAME, DISPLAYNAME, 
	ALIAS, DESCRIPTION, TYPE, REGEXP, MAXINSTANCES,MULTIPLEINSTANCES, 
	PARENTPARAMETERID, DEFAULTVALUE, MAXLENGTH, EDITABLE,
	STARTUPMODE, STATUS, ISNOTNULL )
VALUES
	('CPM000398' , 'CNF0012' , 6 , 'Messaging Mode' , 'Messaging Mode' ,
	'messaging-mode' , 'Messaging Mode' , 'L' , 'regexp' , 1 , 'N' ,
	'CPM000392' , 'STORE_AND_FORWARD' , 100 , 'Y' ,
	'SMS0164' , 'Y' , 'N');

INSERT INTO TBLMNETCONFIGURATIONPARAMETER
	(PARAMETERID, CONFIGID, SERIALNO, NAME, DISPLAYNAME, 
	ALIAS, DESCRIPTION, TYPE, REGEXP, MAXINSTANCES,MULTIPLEINSTANCES, 
	PARENTPARAMETERID, DEFAULTVALUE, MAXLENGTH, EDITABLE,
	STARTUPMODE, STATUS, ISNOTNULL )
VALUES
	('CPM000399' , 'CNF0012' , 7 , 'Validity Period' , 'Validity Period (h)' ,
	'validity-period' , 'Validity Period' , 'L' , 'regexp' , 1 , 'N' ,
	'CPM000392' , '1' , 100 , 'Y' ,
	'SMS0164' , 'Y' , 'N');

INSERT INTO TBLMNETCONFIGURATIONPARAMETER
	(PARAMETERID, CONFIGID, SERIALNO, NAME, DISPLAYNAME, 
	ALIAS, DESCRIPTION, TYPE, REGEXP, MAXINSTANCES,MULTIPLEINSTANCES, 
	PARENTPARAMETERID, DEFAULTVALUE, MAXLENGTH, EDITABLE,
	STARTUPMODE, STATUS, ISNOTNULL )
VALUES
	('CPM000400' , 'CNF0012' , 8 , 'Source Address' , 'Source Address' ,
	'source-address' , 'Source Address' , 'L' , 'regexp' , 1 , 'N' ,
	'CPM000392' , NULL , 100 , 'Y' ,
	'SMS0164' , 'Y' , 'N');

INSERT INTO TBLMNETCONFIGURATIONPARAMETER
	(PARAMETERID, CONFIGID, SERIALNO, NAME, DISPLAYNAME, 
	ALIAS, DESCRIPTION, TYPE, REGEXP, MAXINSTANCES,MULTIPLEINSTANCES, 
	PARENTPARAMETERID, DEFAULTVALUE, MAXLENGTH, EDITABLE,
	STARTUPMODE, STATUS, ISNOTNULL )
VALUES
	('CPM000401' , 'CNF0012' , 9 , 'Src Addr Ton' , 'Src Addr Ton' ,
	'src-addr-ton' , 'Src Addr Ton' , 'L' , 'regexp' , 1 , 'N' ,
	'CPM000392' , 'UNKNOWN' , 100 , 'Y' ,
	'SMS0164' , 'Y' , 'N');

INSERT INTO TBLMNETCONFIGURATIONPARAMETER
	(PARAMETERID, CONFIGID, SERIALNO, NAME, DISPLAYNAME, 
	ALIAS, DESCRIPTION, TYPE, REGEXP, MAXINSTANCES,MULTIPLEINSTANCES, 
	PARENTPARAMETERID, DEFAULTVALUE, MAXLENGTH, EDITABLE,
	STARTUPMODE, STATUS, ISNOTNULL )
VALUES
	('CPM000402' , 'CNF0012' , 10 , 'Src Addr Npi' , 'Src Addr Npi' ,
	'src-addr-npi' , 'Src Addr Npi' , 'L' , 'regexp' , 1 , 'N' ,
	'CPM000392' , 'UNKNOWN' , 100 , 'Y' ,
	'SMS0164' , 'Y' , 'N');

INSERT INTO TBLMNETCONFIGURATIONPARAMETER
	(PARAMETERID, CONFIGID, SERIALNO, NAME, DISPLAYNAME, 
	ALIAS, DESCRIPTION, TYPE, REGEXP, MAXINSTANCES,MULTIPLEINSTANCES, 
	PARENTPARAMETERID, DEFAULTVALUE, MAXLENGTH, EDITABLE,
	STARTUPMODE, STATUS, ISNOTNULL )
VALUES
	('CPM000403' , 'CNF0012' , 11 , 'Dest Addr Ton' , 'Dest Addr Ton' ,
	'dest-addr-ton' , 'Dest Addr Ton' , 'L' , 'regexp' , 1 , 'N' ,
	'CPM000392' , 'UNKNOWN' , 100 , 'Y' ,
	'SMS0164' , 'Y' , 'N');

INSERT INTO TBLMNETCONFIGURATIONPARAMETER
	(PARAMETERID, CONFIGID, SERIALNO, NAME, DISPLAYNAME, 
	ALIAS, DESCRIPTION, TYPE, REGEXP, MAXINSTANCES,MULTIPLEINSTANCES, 
	PARENTPARAMETERID, DEFAULTVALUE, MAXLENGTH, EDITABLE,
	STARTUPMODE, STATUS, ISNOTNULL )
VALUES
	('CPM000404' , 'CNF0012' , 12 , 'Dest Addr Npi' , 'Dest Addr Npi' ,
	'dest-addr-npi' , 'Dest Addr Npi' , 'L' , 'regexp' , 1 , 'N' ,
	'CPM000392' , 'UNKNOWN' , 100 , 'Y' ,
	'SMS0164' , 'Y' , 'N');

INSERT INTO TBLMNETCONFIGURATIONPARAMETER
	(PARAMETERID, CONFIGID, SERIALNO, NAME, DISPLAYNAME, 
	ALIAS, DESCRIPTION, TYPE, REGEXP, MAXINSTANCES,MULTIPLEINSTANCES, 
	PARENTPARAMETERID, DEFAULTVALUE, MAXLENGTH, EDITABLE,
	STARTUPMODE, STATUS, ISNOTNULL )
VALUES
	('CPM000405' , 'CNF0012' , 4 , 'Sms Http Conf' , 'Sms Http Conf' ,
	'sms-http-conf' , 'Sms Http Conf' , 'P' , 'regexp' , 1 , 'N' ,
	'CPM000209' , NULL , 0 , 'N' ,
	'SMS0164' , 'Y' , 'N');

INSERT INTO TBLMNETCONFIGURATIONPARAMETER
	(PARAMETERID, CONFIGID, SERIALNO, NAME, DISPLAYNAME, 
	ALIAS, DESCRIPTION, TYPE, REGEXP, MAXINSTANCES,MULTIPLEINSTANCES, 
	PARENTPARAMETERID, DEFAULTVALUE, MAXLENGTH, EDITABLE,
	STARTUPMODE, STATUS, ISNOTNULL )
VALUES
	('CPM000406' , 'CNF0012' , 1 , 'Service Url' , 'Service Url' ,
	'service-url' , 'Service Url' , 'L' , 'regexp' , 1 , 'N' ,
	'CPM000405' , NULL , 250 , 'Y' ,
	'SMS0164' , 'Y' , 'N');

INSERT INTO TBLMNETCONFIGURATIONPARAMETER
	(PARAMETERID, CONFIGID, SERIALNO, NAME, DISPLAYNAME, 
	ALIAS, DESCRIPTION, TYPE, REGEXP, MAXINSTANCES,MULTIPLEINSTANCES, 
	PARENTPARAMETERID, DEFAULTVALUE, MAXLENGTH, EDITABLE,
	STARTUPMODE, STATUS, ISNOTNULL )
VALUES
	('CPM000407' , 'CNF0012' , 2 , 'Sender' , 'Sender' ,
	'sender' , 'Sender' , 'L' , 'regexp' , 1 , 'N' ,
	'CPM000405' , NULL , 100 , 'Y' ,
	'SMS0164' , 'Y' , 'N');

INSERT INTO TBLMNETCONFIGURATIONPARAMETER
	(PARAMETERID, CONFIGID, SERIALNO, NAME, DISPLAYNAME, 
	ALIAS, DESCRIPTION, TYPE, REGEXP, MAXINSTANCES,MULTIPLEINSTANCES, 
	PARENTPARAMETERID, DEFAULTVALUE, MAXLENGTH, EDITABLE,
	STARTUPMODE, STATUS, ISNOTNULL )
VALUES
	('CPM000408' , 'CNF0012' , 3 , 'User Name' , 'User Name' ,
	'user-name' , 'User Name' , 'L' , 'regexp' , 1 , 'N' ,
	'CPM000405' , NULL , 100 , 'Y' ,
	'SMS0164' , 'Y' , 'N');

INSERT INTO TBLMNETCONFIGURATIONPARAMETER
	(PARAMETERID, CONFIGID, SERIALNO, NAME, DISPLAYNAME, 
	ALIAS, DESCRIPTION, TYPE, REGEXP, MAXINSTANCES,MULTIPLEINSTANCES, 
	PARENTPARAMETERID, DEFAULTVALUE, MAXLENGTH, EDITABLE,
	STARTUPMODE, STATUS, ISNOTNULL )
VALUES
	('CPM000409' , 'CNF0012' , 4 , 'Password' , 'Password' ,
	'password' , 'Password' , 'L' , 'regexp' , 1 , 'N' ,
	'CPM000405' , NULL , 100 , 'Y' ,
	'SMS0164' , 'Y' , 'N');

INSERT INTO TBLMNETCONFIGURATIONPARAMETER
	(PARAMETERID, CONFIGID, SERIALNO, NAME, DISPLAYNAME, 
	ALIAS, DESCRIPTION, TYPE, REGEXP, MAXINSTANCES,MULTIPLEINSTANCES, 
	PARENTPARAMETERID, DEFAULTVALUE, MAXLENGTH, EDITABLE,
	STARTUPMODE, STATUS, ISNOTNULL )
VALUES
	('CPM000410' , 'CNF0012' , 5 , 'Delivery Report Url' , 'Delivery Report Url' ,
	'delivery-report-url' , 'Delivery Report Url' , 'L' , 'regexp' , 1 , 'N' ,
	'CPM000405' , NULL , 250 , 'Y' ,
	'SMS0164' , 'Y' , 'N');

INSERT INTO TBLMNETCONFIGURATIONPARAMETER
	(PARAMETERID, CONFIGID, SERIALNO, NAME, DISPLAYNAME, 
	ALIAS, DESCRIPTION, TYPE, REGEXP, MAXINSTANCES,MULTIPLEINSTANCES, 
	PARENTPARAMETERID, DEFAULTVALUE, MAXLENGTH, EDITABLE,
	STARTUPMODE, STATUS, ISNOTNULL )
VALUES
	('CPM000411' , 'CNF0012' , 6 , 'Param1' , 'Param1' ,
	'param1' , 'Param1' , 'L' , 'regexp' , 1 , 'N' ,
	'CPM000405' , NULL , 100 , 'Y' ,
	'SMS0164' , 'Y' , 'N');

INSERT INTO TBLMNETCONFIGURATIONPARAMETER
	(PARAMETERID, CONFIGID, SERIALNO, NAME, DISPLAYNAME, 
	ALIAS, DESCRIPTION, TYPE, REGEXP, MAXINSTANCES,MULTIPLEINSTANCES, 
	PARENTPARAMETERID, DEFAULTVALUE, MAXLENGTH, EDITABLE,
	STARTUPMODE, STATUS, ISNOTNULL )
VALUES
	('CPM000412' , 'CNF0012' , 7 , 'Param2' , 'Param2' ,
	'param2' , 'Param2' , 'L' , 'regexp' , 1 , 'N' ,
	'CPM000405' , NULL , 100 , 'Y' ,
	'SMS0164' , 'Y' , 'N');

INSERT INTO TBLMNETCONFIGURATIONPARAMETER
	(PARAMETERID, CONFIGID, SERIALNO, NAME, DISPLAYNAME, 
	ALIAS, DESCRIPTION, TYPE, REGEXP, MAXINSTANCES,MULTIPLEINSTANCES, 
	PARENTPARAMETERID, DEFAULTVALUE, MAXLENGTH, EDITABLE,
	STARTUPMODE, STATUS, ISNOTNULL )
VALUES
	('CPM000413' , 'CNF0012' , 8 , 'Param3' , 'Param3' ,
	'param3' , 'Param3' , 'L' , 'regexp' , 1 , 'N' ,
	'CPM000405' , NULL , 100 , 'Y' ,
	'SMS0164' , 'Y' , 'N');	

INSERT INTO TBLMNETCONFIGURATIONPARAMETER
    (PARAMETERID, CONFIGID, SERIALNO, NAME, DISPLAYNAME,
    ALIAS, DESCRIPTION, TYPE, REGEXP, MAXINSTANCES,MULTIPLEINSTANCES,
    PARENTPARAMETERID, DEFAULTVALUE, MAXLENGTH, EDITABLE,
    STARTUPMODE, STATUS, ISNOTNULL )
VALUES
    ('CPM000426' , 'CNF0012' , 6 , 'Max Timeout Count' , 'Max Timeout Count',
    'max-timeout-count' , 'Max Timeout Count' , 'L' , '/(^\d\d*$)/' , 1 , 'N',
    'CPM000392' , '100' , 20 , 'Y',
    'SMS0164' , 'Y' , 'N');
    
	
INSERT INTO TBLMNETCONFIGURATIONPARAMETER
	(PARAMETERID, CONFIGID, SERIALNO, NAME, DISPLAYNAME, 
	ALIAS, DESCRIPTION, TYPE, REGEXP, MAXINSTANCES,MULTIPLEINSTANCES, 
	PARENTPARAMETERID, DEFAULTVALUE, MAXLENGTH, EDITABLE,
	STARTUPMODE, STATUS, ISNOTNULL ) 
  VALUES
	('CPM000445' , 'CNF0001' , 6 , 'KPI' , 'KPI' ,
	'kpi' , 'KPI' , 'P' , 'regexp' , 1 , 'N' ,
	'CPM000001' , NULL , 0 , 'N' ,
	'SMS0164' , 'Y' , 'N');
	
INSERT INTO TBLMNETCONFIGURATIONPARAMETER
	(PARAMETERID, CONFIGID, SERIALNO, NAME, DISPLAYNAME, 
	ALIAS, DESCRIPTION, TYPE, REGEXP, MAXINSTANCES,MULTIPLEINSTANCES, 
	PARENTPARAMETERID, DEFAULTVALUE, MAXLENGTH, EDITABLE,
	STARTUPMODE, STATUS, ISNOTNULL )
VALUES
	('CPM000017' , 'CNF0001' , 1 , 'SNMP Address' , 'SNMP Address' ,
	'snmp-address' , 'SNMP Address' , 'L' , 'regexp' , 1 , 'N' ,
	'CPM000445' , '0.0.0.0:1161' , 50 , 'Y' ,
	'SMS0164' , 'Y' , 'N');


INSERT INTO TBLMNETCONFIGURATIONPARAMETER
	(PARAMETERID, CONFIGID, SERIALNO, NAME, DISPLAYNAME, 
	ALIAS, DESCRIPTION, TYPE, REGEXP, MAXINSTANCES,MULTIPLEINSTANCES, 
	PARENTPARAMETERID, DEFAULTVALUE, MAXLENGTH, EDITABLE,
	STARTUPMODE, STATUS, ISNOTNULL ) 
  VALUES
	('CPM000446' , 'CNF0001' , 2 , 'Http Port' , 'Http Port' ,
	'http-port' , 'Http Port' , 'L' , '/(^\d\d*$)/' , 1 , 'N' ,
	'CPM000445' , '8082' , 6 , 'Y' ,
	'SMS0164' , 'N' , 'N');


INSERT INTO TBLMNETCONFIGURATIONPARAMETER
	(PARAMETERID, CONFIGID, SERIALNO, NAME, DISPLAYNAME,
	ALIAS, DESCRIPTION, TYPE, REGEXP, MAXINSTANCES,MULTIPLEINSTANCES,
	PARENTPARAMETERID, DEFAULTVALUE, MAXLENGTH, EDITABLE,
	STARTUPMODE, STATUS, ISNOTNULL )
VALUES
	('CPM000451' , 'CNF0001' , 6 , 'Rest API Listener Address' , 'Rest API Listener Address',
	'rest-api-listener-address' , 'Rest API Listener Address' , 'L' , 'regexp' , 1 , 'N' ,
	'CPM000001' ,'0.0.0.0:9000', 60 , 'Y' ,
	'SMS0164' , 'Y' , 'N');
COMMIT;

---------------------------------------------------
--   END DATA FOR TABLE TBLMNETCONFIGURATIONPARAMETER
---------------------------------------------------


--<DATA FOR TABLE TBLMNETSERVERTYPE>--

INSERT INTO TBLMNETSERVERTYPE (NETSERVERTYPEID,NAME,ALIAS,DESCRIPTION,SYSTEMGENERATED,VERSION,STARTUPSCRIPTNAME) VALUES('SRV0001','Netvertex Server','Netvertex Server','Description :Netvertex Server','N','6.8.2','netvertex');

--<DATA FOR TABLE TBLMNETSERVICETYPE>--

INSERT INTO TBLMNETSERVICETYPE (NETSERVICETYPEID,NETSERVERTYPEID,NAME,ALIAS,DESCRIPTION,MAXINSTANCES,SYSTEMGENERATED) VALUES('SCR0001','SRV0001','PCRF Service','PCRF_SERVICE','Policy Charging And Rule Function',200,'N');
INSERT INTO TBLMNETSERVICETYPE (NETSERVICETYPEID,NETSERVERTYPEID,NAME,ALIAS,DESCRIPTION,MAXINSTANCES,SYSTEMGENERATED) VALUES('SCR0004','SRV0001','Notification Service','NOTIFICATION_SERVICE','Notification Service',200,'N');

--<DATA FOR TABLE TBLMNETSERVERCONFIGMAP>--

INSERT INTO TBLMNETSERVERCONFIGMAP (NETSERVERTYPEID,NETCONFIGID,NETCONFIGMAPTYPEID) VALUES('SRV0001','CNF0001','G');
INSERT INTO TBLMNETSERVERCONFIGMAP (NETSERVERTYPEID,NETCONFIGID,NETCONFIGMAPTYPEID) VALUES('SRV0001','CNF0002','G');
INSERT INTO TBLMNETSERVERCONFIGMAP (NETSERVERTYPEID,NETCONFIGID,NETCONFIGMAPTYPEID) VALUES('SRV0001','CNF0005','G');

--<DATA FOR TABLE TBLMNETSERVICECONFIGMAP>--

INSERT INTO TBLMNETSERVICECONFIGMAP (NETSERVICETYPEID,NETCONFIGID,NETCONFIGMAPTYPEID) VALUES('SCR0001','CNF0004','S');
INSERT INTO TBLMNETSERVICECONFIGMAP (NETSERVICETYPEID,NETCONFIGID,NETCONFIGMAPTYPEID) VALUES('SCR0004','CNF0012','S');


---------------------------------------------------
--   DATA FOR TABLE TBLMNETCONFIGPARAMVALUEPOOL
---------------------------------------------------

--  netvertex server  --
INSERT INTO TBLMNETCONFIGPARAMVALUEPOOL (PARAMPOOLID,PARAMETERID,NAME,VALUE,NETCONFIGID) VALUES('VPL000000001','CPM000005','True','true','CNF0001');
INSERT INTO TBLMNETCONFIGPARAMVALUEPOOL (PARAMPOOLID,PARAMETERID,NAME,VALUE,NETCONFIGID) VALUES('VPL000000002','CPM000005','False','false','CNF0001');
INSERT INTO TBLMNETCONFIGPARAMVALUEPOOL (PARAMPOOLID,PARAMETERID,NAME,VALUE,NETCONFIGID) VALUES('VPL000000003','CPM000011','0-OFF','OFF','CNF0001');
INSERT INTO TBLMNETCONFIGPARAMVALUEPOOL (PARAMPOOLID,PARAMETERID,NAME,VALUE,NETCONFIGID) VALUES('VPL000000004','CPM000011','4-FATAL','FATAL','CNF0001');
INSERT INTO TBLMNETCONFIGPARAMVALUEPOOL (PARAMPOOLID,PARAMETERID,NAME,VALUE,NETCONFIGID) VALUES('VPL000000005','CPM000011','1-ERROR','ERROR','CNF0001');
INSERT INTO TBLMNETCONFIGPARAMVALUEPOOL (PARAMPOOLID,PARAMETERID,NAME,VALUE,NETCONFIGID) VALUES('VPL000000006','CPM000011','2-WARN','WARN','CNF0001');
INSERT INTO TBLMNETCONFIGPARAMVALUEPOOL (PARAMPOOLID,PARAMETERID,NAME,VALUE,NETCONFIGID) VALUES('VPL000000007','CPM000011','3-INFO','INFO','CNF0001');
INSERT INTO TBLMNETCONFIGPARAMVALUEPOOL (PARAMPOOLID,PARAMETERID,NAME,VALUE,NETCONFIGID) VALUES('VPL000000008','CPM000011','5-DEBUG','DEBUG','CNF0001');
INSERT INTO TBLMNETCONFIGPARAMVALUEPOOL (PARAMPOOLID,PARAMETERID,NAME,VALUE,NETCONFIGID) VALUES('VPL000000009','CPM000011','6-TRACE','TRACE','CNF0001');
INSERT INTO TBLMNETCONFIGPARAMVALUEPOOL (PARAMPOOLID,PARAMETERID,NAME,VALUE,NETCONFIGID) VALUES('VPL000000010','CPM000011','7-ALL','ALL','CNF0001');
INSERT INTO TBLMNETCONFIGPARAMVALUEPOOL (PARAMPOOLID,PARAMETERID,NAME,VALUE,NETCONFIGID) VALUES('VPL000000011','CPM000012','Time-Based','1','CNF0001');
INSERT INTO TBLMNETCONFIGPARAMVALUEPOOL (PARAMPOOLID,PARAMETERID,NAME,VALUE,NETCONFIGID) VALUES('VPL000000012','CPM000012','Size-Based','2','CNF0001');
INSERT INTO TBLMNETCONFIGPARAMVALUEPOOL (PARAMPOOLID,PARAMETERID,NAME,VALUE,NETCONFIGID) VALUES('VPL000000013','CPM000015','True','true','CNF0001');
INSERT INTO TBLMNETCONFIGPARAMVALUEPOOL (PARAMPOOLID,PARAMETERID,NAME,VALUE,NETCONFIGID) VALUES('VPL000000014','CPM000015','False','false','CNF0001');

--  radius listner  --
INSERT INTO TBLMNETCONFIGPARAMVALUEPOOL (PARAMPOOLID,PARAMETERID,NAME,VALUE,NETCONFIGID) VALUES('VPL000000020','CPM000020','True','true','CNF0002');
INSERT INTO TBLMNETCONFIGPARAMVALUEPOOL (PARAMPOOLID,PARAMETERID,NAME,VALUE,NETCONFIGID) VALUES('VPL000000021','CPM000020','False','false','CNF0002');
INSERT INTO TBLMNETCONFIGPARAMVALUEPOOL (PARAMPOOLID,PARAMETERID,NAME,VALUE,NETCONFIGID) VALUES('VPL000000156','CPM000269','True','true','CNF0002');
INSERT INTO TBLMNETCONFIGPARAMVALUEPOOL (PARAMPOOLID,PARAMETERID,NAME,VALUE,NETCONFIGID) VALUES('VPL000000157','CPM000269','False','false','CNF0002');

--  diameter stack  --
INSERT INTO TBLMNETCONFIGPARAMVALUEPOOL (PARAMPOOLID,PARAMETERID,NAME,VALUE,NETCONFIGID) VALUES('VPL000000026','CPM000087','True','true','CNF0005');
INSERT INTO TBLMNETCONFIGPARAMVALUEPOOL (PARAMPOOLID,PARAMETERID,NAME,VALUE,NETCONFIGID) VALUES('VPL000000027','CPM000087','False','false','CNF0005');
INSERT INTO TBLMNETCONFIGPARAMVALUEPOOL (PARAMPOOLID,PARAMETERID,NAME,VALUE,NETCONFIGID) VALUES('VPL000000319','CPM000428','NONE','NONE','CNF0005');
INSERT INTO TBLMNETCONFIGPARAMVALUEPOOL (PARAMPOOLID,PARAMETERID,NAME,VALUE,NETCONFIGID) VALUES('VPL000000320','CPM000430','TLSv1','TLSv1','CNF0005');
INSERT INTO TBLMNETCONFIGPARAMVALUEPOOL (PARAMPOOLID,PARAMETERID,NAME,VALUE,NETCONFIGID) VALUES('VPL000000321','CPM000431','TLSv1','TLSv1','CNF0005');
INSERT INTO TBLMNETCONFIGPARAMVALUEPOOL (PARAMPOOLID,PARAMETERID,NAME,VALUE,NETCONFIGID) VALUES('VPL000000322','CPM000433','True', 'true','CNF0005');
INSERT INTO TBLMNETCONFIGPARAMVALUEPOOL (PARAMPOOLID,PARAMETERID,NAME,VALUE,NETCONFIGID) VALUES('VPL000000323','CPM000433','False', 'false','CNF0005');
INSERT INTO TBLMNETCONFIGPARAMVALUEPOOL (PARAMPOOLID,PARAMETERID,NAME,VALUE,NETCONFIGID) VALUES('VPL000000324','CPM000436','True', 'true','CNF0005');
INSERT INTO TBLMNETCONFIGPARAMVALUEPOOL (PARAMPOOLID,PARAMETERID,NAME,VALUE,NETCONFIGID) VALUES('VPL000000325','CPM000436','False', 'false','CNF0005');
INSERT INTO TBLMNETCONFIGPARAMVALUEPOOL (PARAMPOOLID,PARAMETERID,NAME,VALUE,NETCONFIGID) VALUES('VPL000000326','CPM000437','True', 'true','CNF0005');
INSERT INTO TBLMNETCONFIGPARAMVALUEPOOL (PARAMPOOLID,PARAMETERID,NAME,VALUE,NETCONFIGID) VALUES('VPL000000327','CPM000437','False', 'false','CNF0005');
INSERT INTO TBLMNETCONFIGPARAMVALUEPOOL (PARAMPOOLID,PARAMETERID,NAME,VALUE,NETCONFIGID) VALUES('VPL000000328','CPM000438','True', 'true','CNF0005');
INSERT INTO TBLMNETCONFIGPARAMVALUEPOOL (PARAMPOOLID,PARAMETERID,NAME,VALUE,NETCONFIGID) VALUES('VPL000000329','CPM000438','False', 'false','CNF0005');
INSERT INTO TBLMNETCONFIGPARAMVALUEPOOL (PARAMPOOLID,PARAMETERID,NAME,VALUE,NETCONFIGID) VALUES('VPL000000330','CPM000432','NONE', 'NONE','CNF0005');
INSERT INTO TBLMNETCONFIGPARAMVALUEPOOL (PARAMPOOLID,PARAMETERID,NAME,VALUE,NETCONFIGID) VALUES('VPL000000331','CPM000447','True','true','CNF0005');
INSERT INTO TBLMNETCONFIGPARAMVALUEPOOL (PARAMPOOLID,PARAMETERID,NAME,VALUE,NETCONFIGID) VALUES('VPL000000332','CPM000447','False','false','CNF0005');

COMMIT;

-- Notification Service Configuration Value Pool --

INSERT INTO TBLMNETCONFIGPARAMVALUEPOOL (PARAMPOOLID,PARAMETERID,NAME,VALUE,NETCONFIGID) VALUES('VPL000000098','CPM000204','True','true','CNF0012');
INSERT INTO TBLMNETCONFIGPARAMVALUEPOOL (PARAMPOOLID,PARAMETERID,NAME,VALUE,NETCONFIGID) VALUES('VPL000000099','CPM000204','False','false','CNF0012');
INSERT INTO TBLMNETCONFIGPARAMVALUEPOOL (PARAMPOOLID,PARAMETERID,NAME,VALUE,NETCONFIGID) VALUES('VPL000000100','CPM000210','True','true','CNF0012');
INSERT INTO TBLMNETCONFIGPARAMVALUEPOOL (PARAMPOOLID,PARAMETERID,NAME,VALUE,NETCONFIGID) VALUES('VPL000000101','CPM000210','False','false','CNF0012');
INSERT INTO TBLMNETCONFIGPARAMVALUEPOOL (PARAMPOOLID,PARAMETERID,NAME,VALUE,NETCONFIGID) VALUES('VPL000000277', 'CPM000391', 'HTTP', 'HTTP', 'CNF0012');
INSERT INTO TBLMNETCONFIGPARAMVALUEPOOL (PARAMPOOLID,PARAMETERID,NAME,VALUE,NETCONFIGID) VALUES('VPL000000278', 'CPM000391', 'SMPP', 'SMPP', 'CNF0012');
INSERT INTO TBLMNETCONFIGPARAMVALUEPOOL (PARAMPOOLID,PARAMETERID,NAME,VALUE,NETCONFIGID) VALUES ('VPL000000279', 'CPM000398', 'DATAGRAM', 'DATAGRAM', 'CNF0012');
INSERT INTO TBLMNETCONFIGPARAMVALUEPOOL (PARAMPOOLID,PARAMETERID,NAME,VALUE,NETCONFIGID) VALUES ('VPL000000281', 'CPM000398', 'STORE_AND_FORWARD', 'STORE_AND_FORWARD', 'CNF0012');
INSERT INTO TBLMNETCONFIGPARAMVALUEPOOL (PARAMPOOLID,PARAMETERID,NAME,VALUE,NETCONFIGID) VALUES ('VPL000000283', 'CPM000401', 'UNKNOWN', 'UNKNOWN', 'CNF0012');
INSERT INTO TBLMNETCONFIGPARAMVALUEPOOL (PARAMPOOLID,PARAMETERID,NAME,VALUE,NETCONFIGID) VALUES ('VPL000000284', 'CPM000401', 'INTERNATIONAL', 'INTERNATIONAL', 'CNF0012');
INSERT INTO TBLMNETCONFIGPARAMVALUEPOOL (PARAMPOOLID,PARAMETERID,NAME,VALUE,NETCONFIGID) VALUES ('VPL000000285', 'CPM000401', 'NATIONAL', 'NATIONAL', 'CNF0012');
INSERT INTO TBLMNETCONFIGPARAMVALUEPOOL (PARAMPOOLID,PARAMETERID,NAME,VALUE,NETCONFIGID) VALUES ('VPL000000286', 'CPM000401', 'NETWORK_SPECIFIC', 'NETWORK_SPECIFIC', 'CNF0012');
INSERT INTO TBLMNETCONFIGPARAMVALUEPOOL (PARAMPOOLID,PARAMETERID,NAME,VALUE,NETCONFIGID) VALUES ('VPL000000287', 'CPM000401', 'SUBSCRIBER_NUMBER', 'SUBSCRIBER_NUMBER', 'CNF0012');
INSERT INTO TBLMNETCONFIGPARAMVALUEPOOL (PARAMPOOLID,PARAMETERID,NAME,VALUE,NETCONFIGID) VALUES ('VPL000000288', 'CPM000401', 'ALPHANUMERIC', 'ALPHANUMERIC', 'CNF0012');
INSERT INTO TBLMNETCONFIGPARAMVALUEPOOL (PARAMPOOLID,PARAMETERID,NAME,VALUE,NETCONFIGID) VALUES ('VPL000000289', 'CPM000401', 'ABBREVIATED', 'ABBREVIATED', 'CNF0012');
INSERT INTO TBLMNETCONFIGPARAMVALUEPOOL (PARAMPOOLID,PARAMETERID,NAME,VALUE,NETCONFIGID) VALUES ('VPL000000290', 'CPM000402', 'UNKNOWN', 'UNKNOWN', 'CNF0012');
INSERT INTO TBLMNETCONFIGPARAMVALUEPOOL (PARAMPOOLID,PARAMETERID,NAME,VALUE,NETCONFIGID) VALUES ('VPL000000291', 'CPM000402', 'ISDN', 'ISDN', 'CNF0012');
INSERT INTO TBLMNETCONFIGPARAMVALUEPOOL (PARAMPOOLID,PARAMETERID,NAME,VALUE,NETCONFIGID) VALUES ('VPL000000292', 'CPM000402', 'DATA', 'DATA', 'CNF0012');
INSERT INTO TBLMNETCONFIGPARAMVALUEPOOL (PARAMPOOLID,PARAMETERID,NAME,VALUE,NETCONFIGID) VALUES ('VPL000000293', 'CPM000402', 'TELEX', 'TELEX', 'CNF0012');
INSERT INTO TBLMNETCONFIGPARAMVALUEPOOL (PARAMPOOLID,PARAMETERID,NAME,VALUE,NETCONFIGID) VALUES ('VPL000000294', 'CPM000402', 'LAND_MOBILE', 'LAND_MOBILE', 'CNF0012');
INSERT INTO TBLMNETCONFIGPARAMVALUEPOOL (PARAMPOOLID,PARAMETERID,NAME,VALUE,NETCONFIGID) VALUES ('VPL000000295', 'CPM000402', 'NATIONAL', 'NATIONAL', 'CNF0012');
INSERT INTO TBLMNETCONFIGPARAMVALUEPOOL (PARAMPOOLID,PARAMETERID,NAME,VALUE,NETCONFIGID) VALUES ('VPL000000296', 'CPM000402', 'PRIVATE', 'PRIVATE', 'CNF0012');

INSERT INTO TBLMNETCONFIGPARAMVALUEPOOL
   (PARAMPOOLID, PARAMETERID, NAME, VALUE, NETCONFIGID)
 VALUES
   ('VPL000000297', 'CPM000402', 'ERMES', 'ERMES', 'CNF0012');
INSERT INTO TBLMNETCONFIGPARAMVALUEPOOL
   (PARAMPOOLID, PARAMETERID, NAME, VALUE, NETCONFIGID)
 VALUES
   ('VPL000000298', 'CPM000402', 'INTERNET', 'INTERNET', 'CNF0012');
INSERT INTO TBLMNETCONFIGPARAMVALUEPOOL
   (PARAMPOOLID, PARAMETERID, NAME, VALUE, NETCONFIGID)
 VALUES
   ('VPL000000299', 'CPM000402', 'WAP', 'WAP', 'CNF0012');
INSERT INTO TBLMNETCONFIGPARAMVALUEPOOL
   (PARAMPOOLID, PARAMETERID, NAME, VALUE, NETCONFIGID)
 VALUES
   ('VPL000000300', 'CPM000403', 'UNKNOWN', 'UNKNOWN', 'CNF0012');
INSERT INTO TBLMNETCONFIGPARAMVALUEPOOL
   (PARAMPOOLID, PARAMETERID, NAME, VALUE, NETCONFIGID)
 VALUES
   ('VPL000000301', 'CPM000403', 'INTERNATIONAL', 'INTERNATIONAL', 'CNF0012');

INSERT INTO TBLMNETCONFIGPARAMVALUEPOOL
   (PARAMPOOLID, PARAMETERID, NAME, VALUE, NETCONFIGID)
 VALUES
   ('VPL000000302', 'CPM000403', 'NATIONAL', 'NATIONAL', 'CNF0012');
INSERT INTO TBLMNETCONFIGPARAMVALUEPOOL
   (PARAMPOOLID, PARAMETERID, NAME, VALUE, NETCONFIGID)
 VALUES
   ('VPL000000303', 'CPM000403', 'NETWORK_SPECIFIC', 'NETWORK_SPECIFIC', 'CNF0012');
INSERT INTO TBLMNETCONFIGPARAMVALUEPOOL
   (PARAMPOOLID, PARAMETERID, NAME, VALUE, NETCONFIGID)
 VALUES
   ('VPL000000304', 'CPM000403', 'SUBSCRIBER_NUMBER', 'SUBSCRIBER_NUMBER', 'CNF0012');
INSERT INTO TBLMNETCONFIGPARAMVALUEPOOL
   (PARAMPOOLID, PARAMETERID, NAME, VALUE, NETCONFIGID)
 VALUES
   ('VPL000000305', 'CPM000403', 'ALPHANUMERIC', 'ALPHANUMERIC', 'CNF0012');

INSERT INTO TBLMNETCONFIGPARAMVALUEPOOL
   (PARAMPOOLID, PARAMETERID, NAME, VALUE, NETCONFIGID)
 VALUES
   ('VPL000000306', 'CPM000403', 'ABBREVIATED', 'ABBREVIATED', 'CNF0012');
INSERT INTO TBLMNETCONFIGPARAMVALUEPOOL
   (PARAMPOOLID, PARAMETERID, NAME, VALUE, NETCONFIGID)
 VALUES
   ('VPL000000307', 'CPM000404', 'UNKNOWN', 'UNKNOWN', 'CNF0012');

INSERT INTO TBLMNETCONFIGPARAMVALUEPOOL
   (PARAMPOOLID, PARAMETERID, NAME, VALUE, NETCONFIGID)
 VALUES
   ('VPL000000308', 'CPM000404', 'ISDN', 'ISDN', 'CNF0012');
INSERT INTO TBLMNETCONFIGPARAMVALUEPOOL
   (PARAMPOOLID, PARAMETERID, NAME, VALUE, NETCONFIGID)
 VALUES
   ('VPL000000309', 'CPM000404', 'DATA', 'DATA', 'CNF0012');

INSERT INTO TBLMNETCONFIGPARAMVALUEPOOL
   (PARAMPOOLID, PARAMETERID, NAME, VALUE, NETCONFIGID)
 VALUES
   ('VPL000000310', 'CPM000404', 'TELEX', 'TELEX', 'CNF0012');
INSERT INTO TBLMNETCONFIGPARAMVALUEPOOL
   (PARAMPOOLID, PARAMETERID, NAME, VALUE, NETCONFIGID)
 VALUES
   ('VPL000000311', 'CPM000404', 'LAND_MOBILE', 'LAND_MOBILE', 'CNF0012');

INSERT INTO TBLMNETCONFIGPARAMVALUEPOOL
   (PARAMPOOLID, PARAMETERID, NAME, VALUE, NETCONFIGID)
 VALUES
   ('VPL000000312', 'CPM000404', 'NATIONAL', 'NATIONAL', 'CNF0012');
INSERT INTO TBLMNETCONFIGPARAMVALUEPOOL
   (PARAMPOOLID, PARAMETERID, NAME, VALUE, NETCONFIGID)
 VALUES
   ('VPL000000313', 'CPM000404', 'PRIVATE', 'PRIVATE', 'CNF0012');

INSERT INTO TBLMNETCONFIGPARAMVALUEPOOL
   (PARAMPOOLID, PARAMETERID, NAME, VALUE, NETCONFIGID)
 VALUES
   ('VPL000000314', 'CPM000404', 'ERMES', 'ERMES', 'CNF0012');
INSERT INTO TBLMNETCONFIGPARAMVALUEPOOL
   (PARAMPOOLID, PARAMETERID, NAME, VALUE, NETCONFIGID)
 VALUES
   ('VPL000000315', 'CPM000404', 'INTERNET', 'INTERNET', 'CNF0012');

INSERT INTO TBLMNETCONFIGPARAMVALUEPOOL
   (PARAMPOOLID, PARAMETERID, NAME, VALUE, NETCONFIGID)
 VALUES
   ('VPL000000316', 'CPM000404', 'WAP', 'WAP', 'CNF0012');
COMMIT;


---------------------------------------------------
--   END DATA FOR TABLE TBLMNETCONFIGPARAMVALUEPOOL
---------------------------------------------------


---------------------------------------------------
--   Sample Data
---------------------------------------------------


INSERT INTO TBLMLOCATION (LOCATIONID,LOCATIONNAME,DESCRIPTION) VALUES(1,'Ahmedabad','Ahmedabad');
INSERT INTO TBLMLOCATION (LOCATIONID,LOCATIONNAME,DESCRIPTION) VALUES(2,'Delhi','Delhi');
INSERT INTO TBLMLOCATION (LOCATIONID,LOCATIONNAME,DESCRIPTION) VALUES(3,'Chennai','Chennai');
INSERT INTO TBLMLOCATION (LOCATIONID,LOCATIONNAME,DESCRIPTION) VALUES(4,'Mumbai','Mumbai');
INSERT INTO TBLMLOCATION (LOCATIONID,LOCATIONNAME,DESCRIPTION) VALUES(5,'Pune','Pune');

INSERT INTO TBLMVENDOR (VENDORID,VENDORNAME,DESCRIPTION) VALUES(9,'CISCO','CISCO');
INSERT INTO TBLMVENDOR (VENDORID,VENDORNAME,DESCRIPTION) VALUES(2011,'Huawei','Huawei');
INSERT INTO TBLMVENDOR (VENDORID,VENDORNAME,DESCRIPTION) VALUES(2636,'Juniper','Juniper');
INSERT INTO TBLMVENDOR (VENDORID,VENDORNAME,DESCRIPTION) VALUES(193,'Ericsson','Ericsson');
INSERT INTO TBLMVENDOR (VENDORID,VENDORNAME,DESCRIPTION) VALUES(999999999999,'Other','Other');

COMMIT;

---------------------------------------------------
--   End of Sample Data
---------------------------------------------------



----------------------------------------------------------
---Default Dictionary Data
----------------------------------------------------------

-- INSERT INTO TBLMDICTIONARY --

INSERT INTO TBLMRADIUSDICTIONARY (DICTIONARYID,NAME,DESCRIPTION,MODALNUMBER,EDITABLE,SYSTEMGENERATED,DICTIONARYNUMBER,COMMONSTATUSID,LASTMODIFIEDDATE,LASTMODIFIEDBYSTAFFID,CREATEDATE,CREATEDBYSTAFFID,STATUSCHANGEDDATE,VENDORID) VALUES(1,'standard','Standard Dictionary','2','Y','N',0,'CST01',to_timestamp('22-DEC-11 03.33.11.158000000 PM','DD-MON-RR HH.MI.SS.FF AM'),1,to_timestamp('22-DEC-11 03.33.11.158000000 PM','DD-MON-RR HH.MI.SS.FF AM'),1,to_timestamp('22-DEC-11 03.33.11.158000000 PM','DD-MON-RR HH.MI.SS.FF AM'),0);
INSERT INTO TBLMRADIUSDICTIONARY (DICTIONARYID,NAME,DESCRIPTION,MODALNUMBER,EDITABLE,SYSTEMGENERATED,DICTIONARYNUMBER,COMMONSTATUSID,LASTMODIFIEDDATE,LASTMODIFIEDBYSTAFFID,CREATEDATE,CREATEDBYSTAFFID,STATUSCHANGEDDATE,VENDORID) VALUES(2,'elitecore','Elitecore Dictionary','2','Y','N',21067,'CST01',to_timestamp('22-DEC-11 03.34.03.962000000 PM','DD-MON-RR HH.MI.SS.FF AM'),1,to_timestamp('22-DEC-11 03.34.03.962000000 PM','DD-MON-RR HH.MI.SS.FF AM'),1,to_timestamp('22-DEC-11 03.34.03.962000000 PM','DD-MON-RR HH.MI.SS.FF AM'),21067);
INSERT INTO TBLMRADIUSDICTIONARY (DICTIONARYID,NAME,DESCRIPTION,MODALNUMBER,EDITABLE,SYSTEMGENERATED,DICTIONARYNUMBER,COMMONSTATUSID,LASTMODIFIEDDATE,LASTMODIFIEDBYSTAFFID,CREATEDATE,CREATEDBYSTAFFID,STATUSCHANGEDDATE,VENDORID) VALUES(3,'wimax','Wimax Dictionary','2','Y','N',24757,'CST01',to_timestamp('22-DEC-11 03.54.01.385000000 PM','DD-MON-RR HH.MI.SS.FF AM'),1,to_timestamp('22-DEC-11 03.54.01.385000000 PM','DD-MON-RR HH.MI.SS.FF AM'),1,to_timestamp('22-DEC-11 03.54.01.385000000 PM','DD-MON-RR HH.MI.SS.FF AM'),24757);
commit;

--<Radius Dictionary Parameter Detail>---


  ---<Standard Dictionary>---
INSERT INTO TBLMRADIUSDICPARAMDETAIL (DICTIONARYPARAMETERDETAILID,PARENTDETAILID,DICTIONARYID,ALIAS,NAME,VENDORPARAMETERID,PREDEFINEDVALUES,RADIUSRFCDICTIONARYPARAMETERID,DATATYPEID,VENDORPARAMETEROVERIDDEN,DICTIONARYNUMBER,USAGETYPE,NETWORKFILTERSUPPORT,AVPAIR,VENDORID,HASTAG,ATTRIBUTEID) VALUES(1,null,1,'default','User-Name',1,null,1,'DTT03','N',0,null,null,'N',0,'no','0:1');
INSERT INTO TBLMRADIUSDICPARAMDETAIL (DICTIONARYPARAMETERDETAILID,PARENTDETAILID,DICTIONARYID,ALIAS,NAME,VENDORPARAMETERID,PREDEFINEDVALUES,RADIUSRFCDICTIONARYPARAMETERID,DATATYPEID,VENDORPARAMETEROVERIDDEN,DICTIONARYNUMBER,USAGETYPE,NETWORKFILTERSUPPORT,AVPAIR,VENDORID,HASTAG,ATTRIBUTEID) VALUES(2,null,1,'default','User-Password',2,null,2,'DTT03','N',0,null,null,'N',0,'no','0:2');
INSERT INTO TBLMRADIUSDICPARAMDETAIL (DICTIONARYPARAMETERDETAILID,PARENTDETAILID,DICTIONARYID,ALIAS,NAME,VENDORPARAMETERID,PREDEFINEDVALUES,RADIUSRFCDICTIONARYPARAMETERID,DATATYPEID,VENDORPARAMETEROVERIDDEN,DICTIONARYNUMBER,USAGETYPE,NETWORKFILTERSUPPORT,AVPAIR,VENDORID,HASTAG,ATTRIBUTEID) VALUES(3,null,1,'default','CHAP-Password',3,null,3,'DTT10','N',0,null,null,'N',0,'no','0:3');
INSERT INTO TBLMRADIUSDICPARAMDETAIL (DICTIONARYPARAMETERDETAILID,PARENTDETAILID,DICTIONARYID,ALIAS,NAME,VENDORPARAMETERID,PREDEFINEDVALUES,RADIUSRFCDICTIONARYPARAMETERID,DATATYPEID,VENDORPARAMETEROVERIDDEN,DICTIONARYNUMBER,USAGETYPE,NETWORKFILTERSUPPORT,AVPAIR,VENDORID,HASTAG,ATTRIBUTEID) VALUES(4,null,1,'default','NAS-IP-Address',4,null,4,'DTT07','N',0,null,null,'N',0,'no','0:4');
INSERT INTO TBLMRADIUSDICPARAMDETAIL (DICTIONARYPARAMETERDETAILID,PARENTDETAILID,DICTIONARYID,ALIAS,NAME,VENDORPARAMETERID,PREDEFINEDVALUES,RADIUSRFCDICTIONARYPARAMETERID,DATATYPEID,VENDORPARAMETEROVERIDDEN,DICTIONARYNUMBER,USAGETYPE,NETWORKFILTERSUPPORT,AVPAIR,VENDORID,HASTAG,ATTRIBUTEID) VALUES(5,null,1,'default','NAS-Port',5,null,5,'DTT01','N',0,null,null,'N',0,'no','0:5');
INSERT INTO TBLMRADIUSDICPARAMDETAIL (DICTIONARYPARAMETERDETAILID,PARENTDETAILID,DICTIONARYID,ALIAS,NAME,VENDORPARAMETERID,PREDEFINEDVALUES,RADIUSRFCDICTIONARYPARAMETERID,DATATYPEID,VENDORPARAMETEROVERIDDEN,DICTIONARYNUMBER,USAGETYPE,NETWORKFILTERSUPPORT,AVPAIR,VENDORID,HASTAG,ATTRIBUTEID) VALUES(6,null,1,'default','Service-Type',6,'Login-User:1,Framed-User:2,Callback-Login-User:3,Callback-Framed-User:4,Outbound-User:5,Administrative-User:6,NAS-Prompt-User:7,Authenticate-Only:8,Callback-NAS-Prompt:9,Call-Check:10,Callback-Administrative:11,Voice:12,Fax:13,Modem-Relay:14,IAPP-Register:15,IAPP-AP-Check:16,Authorize-Only:17,Framed-Management:18',6,'DTT01','N',0,null,null,'N',0,'no','0:6');
INSERT INTO TBLMRADIUSDICPARAMDETAIL (DICTIONARYPARAMETERDETAILID,PARENTDETAILID,DICTIONARYID,ALIAS,NAME,VENDORPARAMETERID,PREDEFINEDVALUES,RADIUSRFCDICTIONARYPARAMETERID,DATATYPEID,VENDORPARAMETEROVERIDDEN,DICTIONARYNUMBER,USAGETYPE,NETWORKFILTERSUPPORT,AVPAIR,VENDORID,HASTAG,ATTRIBUTEID) VALUES(7,null,1,'default','Framed-Protocol',7,'PPP:1,SLIP:2,ARAP:3,Gandalf-SLML:4,Xylogics-IPX-SLIP:5,X.75-Synchronous:6,GPRS-PDP-Context:7',7,'DTT01','N',0,null,null,'N',0,'no','0:7');
INSERT INTO TBLMRADIUSDICPARAMDETAIL (DICTIONARYPARAMETERDETAILID,PARENTDETAILID,DICTIONARYID,ALIAS,NAME,VENDORPARAMETERID,PREDEFINEDVALUES,RADIUSRFCDICTIONARYPARAMETERID,DATATYPEID,VENDORPARAMETEROVERIDDEN,DICTIONARYNUMBER,USAGETYPE,NETWORKFILTERSUPPORT,AVPAIR,VENDORID,HASTAG,ATTRIBUTEID) VALUES(8,null,1,'default','Framed-IP-Address',8,null,8,'DTT07','N',0,null,null,'N',0,'no','0:8');
INSERT INTO TBLMRADIUSDICPARAMDETAIL (DICTIONARYPARAMETERDETAILID,PARENTDETAILID,DICTIONARYID,ALIAS,NAME,VENDORPARAMETERID,PREDEFINEDVALUES,RADIUSRFCDICTIONARYPARAMETERID,DATATYPEID,VENDORPARAMETEROVERIDDEN,DICTIONARYNUMBER,USAGETYPE,NETWORKFILTERSUPPORT,AVPAIR,VENDORID,HASTAG,ATTRIBUTEID) VALUES(9,null,1,'default','Framed-IP-Netmask',9,null,9,'DTT07','N',0,null,null,'N',0,'no','0:9');
INSERT INTO TBLMRADIUSDICPARAMDETAIL (DICTIONARYPARAMETERDETAILID,PARENTDETAILID,DICTIONARYID,ALIAS,NAME,VENDORPARAMETERID,PREDEFINEDVALUES,RADIUSRFCDICTIONARYPARAMETERID,DATATYPEID,VENDORPARAMETEROVERIDDEN,DICTIONARYNUMBER,USAGETYPE,NETWORKFILTERSUPPORT,AVPAIR,VENDORID,HASTAG,ATTRIBUTEID) VALUES(10,null,1,'default','Framed-Routing',10,'None:0,Broadcast:1,Listen:2,Broadcast-Listen:3',10,'DTT01','N',0,null,null,'N',0,'no','0:10');
INSERT INTO TBLMRADIUSDICPARAMDETAIL (DICTIONARYPARAMETERDETAILID,PARENTDETAILID,DICTIONARYID,ALIAS,NAME,VENDORPARAMETERID,PREDEFINEDVALUES,RADIUSRFCDICTIONARYPARAMETERID,DATATYPEID,VENDORPARAMETEROVERIDDEN,DICTIONARYNUMBER,USAGETYPE,NETWORKFILTERSUPPORT,AVPAIR,VENDORID,HASTAG,ATTRIBUTEID) VALUES(11,null,1,'default','Filter-Id',11,null,11,'DTT03','N',0,null,null,'N',0,'no','0:11');
INSERT INTO TBLMRADIUSDICPARAMDETAIL (DICTIONARYPARAMETERDETAILID,PARENTDETAILID,DICTIONARYID,ALIAS,NAME,VENDORPARAMETERID,PREDEFINEDVALUES,RADIUSRFCDICTIONARYPARAMETERID,DATATYPEID,VENDORPARAMETEROVERIDDEN,DICTIONARYNUMBER,USAGETYPE,NETWORKFILTERSUPPORT,AVPAIR,VENDORID,HASTAG,ATTRIBUTEID) VALUES(12,null,1,'default','Framed-MTU',12,null,12,'DTT01','N',0,null,null,'N',0,'no','0:12');
INSERT INTO TBLMRADIUSDICPARAMDETAIL (DICTIONARYPARAMETERDETAILID,PARENTDETAILID,DICTIONARYID,ALIAS,NAME,VENDORPARAMETERID,PREDEFINEDVALUES,RADIUSRFCDICTIONARYPARAMETERID,DATATYPEID,VENDORPARAMETEROVERIDDEN,DICTIONARYNUMBER,USAGETYPE,NETWORKFILTERSUPPORT,AVPAIR,VENDORID,HASTAG,ATTRIBUTEID) VALUES(13,null,1,'default','Framed-Compression',13,'None:0,Van-Jacobson-TCP-IP:1,IPX-Header-Compression:2,Stac-LZS:3',13,'DTT01','N',0,null,null,'N',0,'no','0:13');
INSERT INTO TBLMRADIUSDICPARAMDETAIL (DICTIONARYPARAMETERDETAILID,PARENTDETAILID,DICTIONARYID,ALIAS,NAME,VENDORPARAMETERID,PREDEFINEDVALUES,RADIUSRFCDICTIONARYPARAMETERID,DATATYPEID,VENDORPARAMETEROVERIDDEN,DICTIONARYNUMBER,USAGETYPE,NETWORKFILTERSUPPORT,AVPAIR,VENDORID,HASTAG,ATTRIBUTEID) VALUES(14,null,1,'default','Login-IP-Host',14,null,14,'DTT07','N',0,null,null,'N',0,'no','0:14');
INSERT INTO TBLMRADIUSDICPARAMDETAIL (DICTIONARYPARAMETERDETAILID,PARENTDETAILID,DICTIONARYID,ALIAS,NAME,VENDORPARAMETERID,PREDEFINEDVALUES,RADIUSRFCDICTIONARYPARAMETERID,DATATYPEID,VENDORPARAMETEROVERIDDEN,DICTIONARYNUMBER,USAGETYPE,NETWORKFILTERSUPPORT,AVPAIR,VENDORID,HASTAG,ATTRIBUTEID) VALUES(15,null,1,'default','Login-Service',15,'Telnet:0,Rlogin:1,TCP-Clear:2,PortMaster:3,LAT:4,X25-PAD:5,X25-T3POS:6,TCP-Clear-Quiet:7',15,'DTT01','N',0,null,null,'N',0,'no','0:15');
INSERT INTO TBLMRADIUSDICPARAMDETAIL (DICTIONARYPARAMETERDETAILID,PARENTDETAILID,DICTIONARYID,ALIAS,NAME,VENDORPARAMETERID,PREDEFINEDVALUES,RADIUSRFCDICTIONARYPARAMETERID,DATATYPEID,VENDORPARAMETEROVERIDDEN,DICTIONARYNUMBER,USAGETYPE,NETWORKFILTERSUPPORT,AVPAIR,VENDORID,HASTAG,ATTRIBUTEID) VALUES(16,null,1,'default','Login-TCP-Port',16,'Telnet:23,Rlogin:513,Rsh:514',16,'DTT01','N',0,null,null,'N',0,'no','0:16');
INSERT INTO TBLMRADIUSDICPARAMDETAIL (DICTIONARYPARAMETERDETAILID,PARENTDETAILID,DICTIONARYID,ALIAS,NAME,VENDORPARAMETERID,PREDEFINEDVALUES,RADIUSRFCDICTIONARYPARAMETERID,DATATYPEID,VENDORPARAMETEROVERIDDEN,DICTIONARYNUMBER,USAGETYPE,NETWORKFILTERSUPPORT,AVPAIR,VENDORID,HASTAG,ATTRIBUTEID) VALUES(17,null,1,'default','Reply-Message',18,null,18,'DTT03','N',0,null,null,'N',0,'no','0:18');
INSERT INTO TBLMRADIUSDICPARAMDETAIL (DICTIONARYPARAMETERDETAILID,PARENTDETAILID,DICTIONARYID,ALIAS,NAME,VENDORPARAMETERID,PREDEFINEDVALUES,RADIUSRFCDICTIONARYPARAMETERID,DATATYPEID,VENDORPARAMETEROVERIDDEN,DICTIONARYNUMBER,USAGETYPE,NETWORKFILTERSUPPORT,AVPAIR,VENDORID,HASTAG,ATTRIBUTEID) VALUES(18,null,1,'default','Callback-Number',19,null,19,'DTT03','N',0,null,null,'N',0,'no','0:19');
INSERT INTO TBLMRADIUSDICPARAMDETAIL (DICTIONARYPARAMETERDETAILID,PARENTDETAILID,DICTIONARYID,ALIAS,NAME,VENDORPARAMETERID,PREDEFINEDVALUES,RADIUSRFCDICTIONARYPARAMETERID,DATATYPEID,VENDORPARAMETEROVERIDDEN,DICTIONARYNUMBER,USAGETYPE,NETWORKFILTERSUPPORT,AVPAIR,VENDORID,HASTAG,ATTRIBUTEID) VALUES(19,null,1,'default','Callback-Id',20,null,20,'DTT03','N',0,null,null,'N',0,'no','0:20');
INSERT INTO TBLMRADIUSDICPARAMDETAIL (DICTIONARYPARAMETERDETAILID,PARENTDETAILID,DICTIONARYID,ALIAS,NAME,VENDORPARAMETERID,PREDEFINEDVALUES,RADIUSRFCDICTIONARYPARAMETERID,DATATYPEID,VENDORPARAMETEROVERIDDEN,DICTIONARYNUMBER,USAGETYPE,NETWORKFILTERSUPPORT,AVPAIR,VENDORID,HASTAG,ATTRIBUTEID) VALUES(20,null,1,'default','Framed-Route',22,null,22,'DTT03','N',0,null,null,'N',0,'no','0:22');
INSERT INTO TBLMRADIUSDICPARAMDETAIL (DICTIONARYPARAMETERDETAILID,PARENTDETAILID,DICTIONARYID,ALIAS,NAME,VENDORPARAMETERID,PREDEFINEDVALUES,RADIUSRFCDICTIONARYPARAMETERID,DATATYPEID,VENDORPARAMETEROVERIDDEN,DICTIONARYNUMBER,USAGETYPE,NETWORKFILTERSUPPORT,AVPAIR,VENDORID,HASTAG,ATTRIBUTEID) VALUES(21,null,1,'default','Framed-IPX-Network',23,null,23,'DTT07','N',0,null,null,'N',0,'no','0:23');
INSERT INTO TBLMRADIUSDICPARAMDETAIL (DICTIONARYPARAMETERDETAILID,PARENTDETAILID,DICTIONARYID,ALIAS,NAME,VENDORPARAMETERID,PREDEFINEDVALUES,RADIUSRFCDICTIONARYPARAMETERID,DATATYPEID,VENDORPARAMETEROVERIDDEN,DICTIONARYNUMBER,USAGETYPE,NETWORKFILTERSUPPORT,AVPAIR,VENDORID,HASTAG,ATTRIBUTEID) VALUES(22,null,1,'default','State',24,null,24,'DTT03','N',0,null,null,'N',0,'no','0:24');
INSERT INTO TBLMRADIUSDICPARAMDETAIL (DICTIONARYPARAMETERDETAILID,PARENTDETAILID,DICTIONARYID,ALIAS,NAME,VENDORPARAMETERID,PREDEFINEDVALUES,RADIUSRFCDICTIONARYPARAMETERID,DATATYPEID,VENDORPARAMETEROVERIDDEN,DICTIONARYNUMBER,USAGETYPE,NETWORKFILTERSUPPORT,AVPAIR,VENDORID,HASTAG,ATTRIBUTEID) VALUES(23,null,1,'default','Class',25,null,25,'DTT03','N',0,null,null,'N',0,'no','0:25');
INSERT INTO TBLMRADIUSDICPARAMDETAIL (DICTIONARYPARAMETERDETAILID,PARENTDETAILID,DICTIONARYID,ALIAS,NAME,VENDORPARAMETERID,PREDEFINEDVALUES,RADIUSRFCDICTIONARYPARAMETERID,DATATYPEID,VENDORPARAMETEROVERIDDEN,DICTIONARYNUMBER,USAGETYPE,NETWORKFILTERSUPPORT,AVPAIR,VENDORID,HASTAG,ATTRIBUTEID) VALUES(24,null,1,'default','Vendor-Specific',26,null,26,'DTT10','N',0,null,null,'N',0,'no','0:26');
INSERT INTO TBLMRADIUSDICPARAMDETAIL (DICTIONARYPARAMETERDETAILID,PARENTDETAILID,DICTIONARYID,ALIAS,NAME,VENDORPARAMETERID,PREDEFINEDVALUES,RADIUSRFCDICTIONARYPARAMETERID,DATATYPEID,VENDORPARAMETEROVERIDDEN,DICTIONARYNUMBER,USAGETYPE,NETWORKFILTERSUPPORT,AVPAIR,VENDORID,HASTAG,ATTRIBUTEID) VALUES(25,null,1,'default','Session-Timeout',27,null,27,'DTT01','N',0,null,null,'N',0,'no','0:27');
INSERT INTO TBLMRADIUSDICPARAMDETAIL (DICTIONARYPARAMETERDETAILID,PARENTDETAILID,DICTIONARYID,ALIAS,NAME,VENDORPARAMETERID,PREDEFINEDVALUES,RADIUSRFCDICTIONARYPARAMETERID,DATATYPEID,VENDORPARAMETEROVERIDDEN,DICTIONARYNUMBER,USAGETYPE,NETWORKFILTERSUPPORT,AVPAIR,VENDORID,HASTAG,ATTRIBUTEID) VALUES(26,null,1,'default','Idle-Timeout',28,null,28,'DTT01','N',0,null,null,'N',0,'no','0:28');
INSERT INTO TBLMRADIUSDICPARAMDETAIL (DICTIONARYPARAMETERDETAILID,PARENTDETAILID,DICTIONARYID,ALIAS,NAME,VENDORPARAMETERID,PREDEFINEDVALUES,RADIUSRFCDICTIONARYPARAMETERID,DATATYPEID,VENDORPARAMETEROVERIDDEN,DICTIONARYNUMBER,USAGETYPE,NETWORKFILTERSUPPORT,AVPAIR,VENDORID,HASTAG,ATTRIBUTEID) VALUES(27,null,1,'default','Termination-Action',29,'Default:0,RADIUS-Request:1',29,'DTT01','N',0,null,null,'N',0,'no','0:29');
INSERT INTO TBLMRADIUSDICPARAMDETAIL (DICTIONARYPARAMETERDETAILID,PARENTDETAILID,DICTIONARYID,ALIAS,NAME,VENDORPARAMETERID,PREDEFINEDVALUES,RADIUSRFCDICTIONARYPARAMETERID,DATATYPEID,VENDORPARAMETEROVERIDDEN,DICTIONARYNUMBER,USAGETYPE,NETWORKFILTERSUPPORT,AVPAIR,VENDORID,HASTAG,ATTRIBUTEID) VALUES(28,null,1,'default','Called-Station-Id',30,null,30,'DTT03','N',0,null,null,'N',0,'no','0:30');
INSERT INTO TBLMRADIUSDICPARAMDETAIL (DICTIONARYPARAMETERDETAILID,PARENTDETAILID,DICTIONARYID,ALIAS,NAME,VENDORPARAMETERID,PREDEFINEDVALUES,RADIUSRFCDICTIONARYPARAMETERID,DATATYPEID,VENDORPARAMETEROVERIDDEN,DICTIONARYNUMBER,USAGETYPE,NETWORKFILTERSUPPORT,AVPAIR,VENDORID,HASTAG,ATTRIBUTEID) VALUES(29,null,1,'default','Calling-Station-Id',31,null,31,'DTT03','N',0,null,null,'N',0,'no','0:31');
INSERT INTO TBLMRADIUSDICPARAMDETAIL (DICTIONARYPARAMETERDETAILID,PARENTDETAILID,DICTIONARYID,ALIAS,NAME,VENDORPARAMETERID,PREDEFINEDVALUES,RADIUSRFCDICTIONARYPARAMETERID,DATATYPEID,VENDORPARAMETEROVERIDDEN,DICTIONARYNUMBER,USAGETYPE,NETWORKFILTERSUPPORT,AVPAIR,VENDORID,HASTAG,ATTRIBUTEID) VALUES(30,null,1,'default','NAS-Identifier',32,null,32,'DTT03','N',0,null,null,'N',0,'no','0:32');
INSERT INTO TBLMRADIUSDICPARAMDETAIL (DICTIONARYPARAMETERDETAILID,PARENTDETAILID,DICTIONARYID,ALIAS,NAME,VENDORPARAMETERID,PREDEFINEDVALUES,RADIUSRFCDICTIONARYPARAMETERID,DATATYPEID,VENDORPARAMETEROVERIDDEN,DICTIONARYNUMBER,USAGETYPE,NETWORKFILTERSUPPORT,AVPAIR,VENDORID,HASTAG,ATTRIBUTEID) VALUES(31,null,1,'default','Proxy-State',33,null,33,'DTT10','N',0,null,null,'N',0,'no','0:33');
INSERT INTO TBLMRADIUSDICPARAMDETAIL (DICTIONARYPARAMETERDETAILID,PARENTDETAILID,DICTIONARYID,ALIAS,NAME,VENDORPARAMETERID,PREDEFINEDVALUES,RADIUSRFCDICTIONARYPARAMETERID,DATATYPEID,VENDORPARAMETEROVERIDDEN,DICTIONARYNUMBER,USAGETYPE,NETWORKFILTERSUPPORT,AVPAIR,VENDORID,HASTAG,ATTRIBUTEID) VALUES(32,null,1,'default','Login-LAT-Service',34,null,34,'DTT03','N',0,null,null,'N',0,'no','0:34');
INSERT INTO TBLMRADIUSDICPARAMDETAIL (DICTIONARYPARAMETERDETAILID,PARENTDETAILID,DICTIONARYID,ALIAS,NAME,VENDORPARAMETERID,PREDEFINEDVALUES,RADIUSRFCDICTIONARYPARAMETERID,DATATYPEID,VENDORPARAMETEROVERIDDEN,DICTIONARYNUMBER,USAGETYPE,NETWORKFILTERSUPPORT,AVPAIR,VENDORID,HASTAG,ATTRIBUTEID) VALUES(33,null,1,'default','Login-LAT-Node',35,null,35,'DTT03','N',0,null,null,'N',0,'no','0:35');
INSERT INTO TBLMRADIUSDICPARAMDETAIL (DICTIONARYPARAMETERDETAILID,PARENTDETAILID,DICTIONARYID,ALIAS,NAME,VENDORPARAMETERID,PREDEFINEDVALUES,RADIUSRFCDICTIONARYPARAMETERID,DATATYPEID,VENDORPARAMETEROVERIDDEN,DICTIONARYNUMBER,USAGETYPE,NETWORKFILTERSUPPORT,AVPAIR,VENDORID,HASTAG,ATTRIBUTEID) VALUES(34,null,1,'default','Login-LAT-Group',36,null,36,'DTT10','N',0,null,null,'N',0,'no','0:36');
INSERT INTO TBLMRADIUSDICPARAMDETAIL (DICTIONARYPARAMETERDETAILID,PARENTDETAILID,DICTIONARYID,ALIAS,NAME,VENDORPARAMETERID,PREDEFINEDVALUES,RADIUSRFCDICTIONARYPARAMETERID,DATATYPEID,VENDORPARAMETEROVERIDDEN,DICTIONARYNUMBER,USAGETYPE,NETWORKFILTERSUPPORT,AVPAIR,VENDORID,HASTAG,ATTRIBUTEID) VALUES(35,null,1,'default','Framed-AppleTalk-Link',37,null,37,'DTT01','N',0,null,null,'N',0,'no','0:37');
INSERT INTO TBLMRADIUSDICPARAMDETAIL (DICTIONARYPARAMETERDETAILID,PARENTDETAILID,DICTIONARYID,ALIAS,NAME,VENDORPARAMETERID,PREDEFINEDVALUES,RADIUSRFCDICTIONARYPARAMETERID,DATATYPEID,VENDORPARAMETEROVERIDDEN,DICTIONARYNUMBER,USAGETYPE,NETWORKFILTERSUPPORT,AVPAIR,VENDORID,HASTAG,ATTRIBUTEID) VALUES(36,null,1,'default','Framed-AppleTalk-Network',38,null,38,'DTT01','N',0,null,null,'N',0,'no','0:38');
INSERT INTO TBLMRADIUSDICPARAMDETAIL (DICTIONARYPARAMETERDETAILID,PARENTDETAILID,DICTIONARYID,ALIAS,NAME,VENDORPARAMETERID,PREDEFINEDVALUES,RADIUSRFCDICTIONARYPARAMETERID,DATATYPEID,VENDORPARAMETEROVERIDDEN,DICTIONARYNUMBER,USAGETYPE,NETWORKFILTERSUPPORT,AVPAIR,VENDORID,HASTAG,ATTRIBUTEID) VALUES(37,null,1,'default','Framed-AppleTalk-Zone',39,null,39,'DTT03','N',0,null,null,'N',0,'no','0:39');
INSERT INTO TBLMRADIUSDICPARAMDETAIL (DICTIONARYPARAMETERDETAILID,PARENTDETAILID,DICTIONARYID,ALIAS,NAME,VENDORPARAMETERID,PREDEFINEDVALUES,RADIUSRFCDICTIONARYPARAMETERID,DATATYPEID,VENDORPARAMETEROVERIDDEN,DICTIONARYNUMBER,USAGETYPE,NETWORKFILTERSUPPORT,AVPAIR,VENDORID,HASTAG,ATTRIBUTEID) VALUES(38,null,1,'default','CHAP-Challenge',60,null,60,'DTT10','N',0,null,null,'N',0,'no','0:60');
INSERT INTO TBLMRADIUSDICPARAMDETAIL (DICTIONARYPARAMETERDETAILID,PARENTDETAILID,DICTIONARYID,ALIAS,NAME,VENDORPARAMETERID,PREDEFINEDVALUES,RADIUSRFCDICTIONARYPARAMETERID,DATATYPEID,VENDORPARAMETEROVERIDDEN,DICTIONARYNUMBER,USAGETYPE,NETWORKFILTERSUPPORT,AVPAIR,VENDORID,HASTAG,ATTRIBUTEID) VALUES(39,null,1,'default','NAS-Port-Type',61,'Async:0,Sync:1,ISDN:2,ISDN-V120:3,ISDN-V110:4,Virtual:5,PIAFS:6,HDLC-Clear-Channel:7,X.25:8,X.75:9,G.3-Fax:10,SDSL:11,ADSL-CAP:12,ADSL-DMT:13,IDSL:14,Ethernet:15,xDSL:16,Cable:17,Wireless-Other:18,Wireless-802.11:19,Token-Ring:20,FDDI:21,Wireless-CDMA2000:22,Wireless-UMTS:23,Wireless-1X-EV:24,IAPP:25,FTTP:26,Wireless - IEEE 802.16:27,Wireless - IEEE 802.20:28,Wireless - IEEE 802.22:29,PPPoA:30,PPPoEoA:31,PPPoEoE:32,PPPoEoVLAN:33,PPPoEoQinQ:34',61,'DTT01','N',0,null,null,'N',0,'no','0:61');
INSERT INTO TBLMRADIUSDICPARAMDETAIL (DICTIONARYPARAMETERDETAILID,PARENTDETAILID,DICTIONARYID,ALIAS,NAME,VENDORPARAMETERID,PREDEFINEDVALUES,RADIUSRFCDICTIONARYPARAMETERID,DATATYPEID,VENDORPARAMETEROVERIDDEN,DICTIONARYNUMBER,USAGETYPE,NETWORKFILTERSUPPORT,AVPAIR,VENDORID,HASTAG,ATTRIBUTEID) VALUES(40,null,1,'default','Port-Limit',62,null,62,'DTT01','N',0,null,null,'N',0,'no','0:62');
INSERT INTO TBLMRADIUSDICPARAMDETAIL (DICTIONARYPARAMETERDETAILID,PARENTDETAILID,DICTIONARYID,ALIAS,NAME,VENDORPARAMETERID,PREDEFINEDVALUES,RADIUSRFCDICTIONARYPARAMETERID,DATATYPEID,VENDORPARAMETEROVERIDDEN,DICTIONARYNUMBER,USAGETYPE,NETWORKFILTERSUPPORT,AVPAIR,VENDORID,HASTAG,ATTRIBUTEID) VALUES(41,null,1,'default','Login-LAT-Port',63,null,63,'DTT01','N',0,null,null,'N',0,'no','0:63');
INSERT INTO TBLMRADIUSDICPARAMDETAIL (DICTIONARYPARAMETERDETAILID,PARENTDETAILID,DICTIONARYID,ALIAS,NAME,VENDORPARAMETERID,PREDEFINEDVALUES,RADIUSRFCDICTIONARYPARAMETERID,DATATYPEID,VENDORPARAMETEROVERIDDEN,DICTIONARYNUMBER,USAGETYPE,NETWORKFILTERSUPPORT,AVPAIR,VENDORID,HASTAG,ATTRIBUTEID) VALUES(42,null,1,'default','Acct-Status-Type',40,'Start:1,Stop:2,Interim-Update:3,Accounting-On:7,Accounting-Off:8,Tunnel-Start:9,Tunnel-Stop:10,Tunnel-Reject:11,Tunnel-Link-Start:12,Tunnel-Link-Stop:13,Tunnel-Link-Reject:14,Failed:15',40,'DTT01','N',0,null,null,'N',0,'no','0:40');
INSERT INTO TBLMRADIUSDICPARAMDETAIL (DICTIONARYPARAMETERDETAILID,PARENTDETAILID,DICTIONARYID,ALIAS,NAME,VENDORPARAMETERID,PREDEFINEDVALUES,RADIUSRFCDICTIONARYPARAMETERID,DATATYPEID,VENDORPARAMETEROVERIDDEN,DICTIONARYNUMBER,USAGETYPE,NETWORKFILTERSUPPORT,AVPAIR,VENDORID,HASTAG,ATTRIBUTEID) VALUES(43,null,1,'default','Acct-Delay-Time',41,null,41,'DTT01','N',0,null,null,'N',0,'no','0:41');
INSERT INTO TBLMRADIUSDICPARAMDETAIL (DICTIONARYPARAMETERDETAILID,PARENTDETAILID,DICTIONARYID,ALIAS,NAME,VENDORPARAMETERID,PREDEFINEDVALUES,RADIUSRFCDICTIONARYPARAMETERID,DATATYPEID,VENDORPARAMETEROVERIDDEN,DICTIONARYNUMBER,USAGETYPE,NETWORKFILTERSUPPORT,AVPAIR,VENDORID,HASTAG,ATTRIBUTEID) VALUES(44,null,1,'default','Acct-Input-Octets',42,null,42,'DTT01','N',0,null,null,'N',0,'no','0:42');
INSERT INTO TBLMRADIUSDICPARAMDETAIL (DICTIONARYPARAMETERDETAILID,PARENTDETAILID,DICTIONARYID,ALIAS,NAME,VENDORPARAMETERID,PREDEFINEDVALUES,RADIUSRFCDICTIONARYPARAMETERID,DATATYPEID,VENDORPARAMETEROVERIDDEN,DICTIONARYNUMBER,USAGETYPE,NETWORKFILTERSUPPORT,AVPAIR,VENDORID,HASTAG,ATTRIBUTEID) VALUES(45,null,1,'default','Acct-Output-Octets',43,null,43,'DTT01','N',0,null,null,'N',0,'no','0:43');
INSERT INTO TBLMRADIUSDICPARAMDETAIL (DICTIONARYPARAMETERDETAILID,PARENTDETAILID,DICTIONARYID,ALIAS,NAME,VENDORPARAMETERID,PREDEFINEDVALUES,RADIUSRFCDICTIONARYPARAMETERID,DATATYPEID,VENDORPARAMETEROVERIDDEN,DICTIONARYNUMBER,USAGETYPE,NETWORKFILTERSUPPORT,AVPAIR,VENDORID,HASTAG,ATTRIBUTEID) VALUES(46,null,1,'default','Acct-Session-Id',44,null,44,'DTT03','N',0,null,null,'N',0,'no','0:44');
INSERT INTO TBLMRADIUSDICPARAMDETAIL (DICTIONARYPARAMETERDETAILID,PARENTDETAILID,DICTIONARYID,ALIAS,NAME,VENDORPARAMETERID,PREDEFINEDVALUES,RADIUSRFCDICTIONARYPARAMETERID,DATATYPEID,VENDORPARAMETEROVERIDDEN,DICTIONARYNUMBER,USAGETYPE,NETWORKFILTERSUPPORT,AVPAIR,VENDORID,HASTAG,ATTRIBUTEID) VALUES(47,null,1,'default','Acct-Authentic',45,'RADIUS:1,Local:2,Remote:3,Diameter:4',45,'DTT01','N',0,null,null,'N',0,'no','0:45');
INSERT INTO TBLMRADIUSDICPARAMDETAIL (DICTIONARYPARAMETERDETAILID,PARENTDETAILID,DICTIONARYID,ALIAS,NAME,VENDORPARAMETERID,PREDEFINEDVALUES,RADIUSRFCDICTIONARYPARAMETERID,DATATYPEID,VENDORPARAMETEROVERIDDEN,DICTIONARYNUMBER,USAGETYPE,NETWORKFILTERSUPPORT,AVPAIR,VENDORID,HASTAG,ATTRIBUTEID) VALUES(48,null,1,'default','Acct-Session-Time',46,null,46,'DTT01','N',0,null,null,'N',0,'no','0:46');
INSERT INTO TBLMRADIUSDICPARAMDETAIL (DICTIONARYPARAMETERDETAILID,PARENTDETAILID,DICTIONARYID,ALIAS,NAME,VENDORPARAMETERID,PREDEFINEDVALUES,RADIUSRFCDICTIONARYPARAMETERID,DATATYPEID,VENDORPARAMETEROVERIDDEN,DICTIONARYNUMBER,USAGETYPE,NETWORKFILTERSUPPORT,AVPAIR,VENDORID,HASTAG,ATTRIBUTEID) VALUES(49,null,1,'default','Acct-Input-Packets',47,null,47,'DTT01','N',0,null,null,'N',0,'no','0:47');
INSERT INTO TBLMRADIUSDICPARAMDETAIL (DICTIONARYPARAMETERDETAILID,PARENTDETAILID,DICTIONARYID,ALIAS,NAME,VENDORPARAMETERID,PREDEFINEDVALUES,RADIUSRFCDICTIONARYPARAMETERID,DATATYPEID,VENDORPARAMETEROVERIDDEN,DICTIONARYNUMBER,USAGETYPE,NETWORKFILTERSUPPORT,AVPAIR,VENDORID,HASTAG,ATTRIBUTEID) VALUES(50,null,1,'default','Acct-Output-Packets',48,null,48,'DTT01','N',0,null,null,'N',0,'no','0:48');
INSERT INTO TBLMRADIUSDICPARAMDETAIL (DICTIONARYPARAMETERDETAILID,PARENTDETAILID,DICTIONARYID,ALIAS,NAME,VENDORPARAMETERID,PREDEFINEDVALUES,RADIUSRFCDICTIONARYPARAMETERID,DATATYPEID,VENDORPARAMETEROVERIDDEN,DICTIONARYNUMBER,USAGETYPE,NETWORKFILTERSUPPORT,AVPAIR,VENDORID,HASTAG,ATTRIBUTEID) VALUES(51,null,1,'default','Acct-Terminate-Cause',49,'User-Request:1,Lost-Carrier:2,Lost-Service:3,Idle-Timeout:4,Session-Timeout:5,Admin-Reset:6,Admin-Reboot:7,Port-Error:8,NAS-Error:9,NAS-Request:10,NAS-Reboot:11,Port-Unneeded:12,Port-Preempted:13,Port-Suspended:14,Service-Unavailable:15,Callback:16,User-Error:17,Host-Request:18,Supplicant-Restart:19,Reauthentication-Failure:20,Port-Reinit:21,Port-Disabled:22',49,'DTT01','N',0,null,null,'N',0,'no','0:49');
INSERT INTO TBLMRADIUSDICPARAMDETAIL (DICTIONARYPARAMETERDETAILID,PARENTDETAILID,DICTIONARYID,ALIAS,NAME,VENDORPARAMETERID,PREDEFINEDVALUES,RADIUSRFCDICTIONARYPARAMETERID,DATATYPEID,VENDORPARAMETEROVERIDDEN,DICTIONARYNUMBER,USAGETYPE,NETWORKFILTERSUPPORT,AVPAIR,VENDORID,HASTAG,ATTRIBUTEID) VALUES(52,null,1,'default','Acct-Multi-Session-Id',50,null,50,'DTT03','N',0,null,null,'N',0,'no','0:50');
INSERT INTO TBLMRADIUSDICPARAMDETAIL (DICTIONARYPARAMETERDETAILID,PARENTDETAILID,DICTIONARYID,ALIAS,NAME,VENDORPARAMETERID,PREDEFINEDVALUES,RADIUSRFCDICTIONARYPARAMETERID,DATATYPEID,VENDORPARAMETEROVERIDDEN,DICTIONARYNUMBER,USAGETYPE,NETWORKFILTERSUPPORT,AVPAIR,VENDORID,HASTAG,ATTRIBUTEID) VALUES(53,null,1,'default','Acct-Link-Count',51,null,51,'DTT01','N',0,null,null,'N',0,'no','0:51');
INSERT INTO TBLMRADIUSDICPARAMDETAIL (DICTIONARYPARAMETERDETAILID,PARENTDETAILID,DICTIONARYID,ALIAS,NAME,VENDORPARAMETERID,PREDEFINEDVALUES,RADIUSRFCDICTIONARYPARAMETERID,DATATYPEID,VENDORPARAMETEROVERIDDEN,DICTIONARYNUMBER,USAGETYPE,NETWORKFILTERSUPPORT,AVPAIR,VENDORID,HASTAG,ATTRIBUTEID) VALUES(54,null,1,'default','Acct-Input-Gigawords',52,null,52,'DTT01','N',0,null,null,'N',0,'no','0:52');
INSERT INTO TBLMRADIUSDICPARAMDETAIL (DICTIONARYPARAMETERDETAILID,PARENTDETAILID,DICTIONARYID,ALIAS,NAME,VENDORPARAMETERID,PREDEFINEDVALUES,RADIUSRFCDICTIONARYPARAMETERID,DATATYPEID,VENDORPARAMETEROVERIDDEN,DICTIONARYNUMBER,USAGETYPE,NETWORKFILTERSUPPORT,AVPAIR,VENDORID,HASTAG,ATTRIBUTEID) VALUES(55,null,1,'default','Acct-Output-Gigawords',53,null,53,'DTT01','N',0,null,null,'N',0,'no','0:53');
INSERT INTO TBLMRADIUSDICPARAMDETAIL (DICTIONARYPARAMETERDETAILID,PARENTDETAILID,DICTIONARYID,ALIAS,NAME,VENDORPARAMETERID,PREDEFINEDVALUES,RADIUSRFCDICTIONARYPARAMETERID,DATATYPEID,VENDORPARAMETEROVERIDDEN,DICTIONARYNUMBER,USAGETYPE,NETWORKFILTERSUPPORT,AVPAIR,VENDORID,HASTAG,ATTRIBUTEID) VALUES(56,null,1,'default','Event-Timestamp',55,null,55,'DTT01','N',0,null,null,'N',0,'no','0:55');
INSERT INTO TBLMRADIUSDICPARAMDETAIL (DICTIONARYPARAMETERDETAILID,PARENTDETAILID,DICTIONARYID,ALIAS,NAME,VENDORPARAMETERID,PREDEFINEDVALUES,RADIUSRFCDICTIONARYPARAMETERID,DATATYPEID,VENDORPARAMETEROVERIDDEN,DICTIONARYNUMBER,USAGETYPE,NETWORKFILTERSUPPORT,AVPAIR,VENDORID,HASTAG,ATTRIBUTEID) VALUES(57,null,1,'default','ARAP-Password',70,null,70,'DTT03','N',0,null,null,'N',0,'no','0:70');
INSERT INTO TBLMRADIUSDICPARAMDETAIL (DICTIONARYPARAMETERDETAILID,PARENTDETAILID,DICTIONARYID,ALIAS,NAME,VENDORPARAMETERID,PREDEFINEDVALUES,RADIUSRFCDICTIONARYPARAMETERID,DATATYPEID,VENDORPARAMETEROVERIDDEN,DICTIONARYNUMBER,USAGETYPE,NETWORKFILTERSUPPORT,AVPAIR,VENDORID,HASTAG,ATTRIBUTEID) VALUES(58,null,1,'default','ARAP-Features',71,null,71,'DTT03','N',0,null,null,'N',0,'no','0:71');
INSERT INTO TBLMRADIUSDICPARAMDETAIL (DICTIONARYPARAMETERDETAILID,PARENTDETAILID,DICTIONARYID,ALIAS,NAME,VENDORPARAMETERID,PREDEFINEDVALUES,RADIUSRFCDICTIONARYPARAMETERID,DATATYPEID,VENDORPARAMETEROVERIDDEN,DICTIONARYNUMBER,USAGETYPE,NETWORKFILTERSUPPORT,AVPAIR,VENDORID,HASTAG,ATTRIBUTEID) VALUES(59,null,1,'default','ARAP-Zone-Access',72,null,72,'DTT01','N',0,null,null,'N',0,'no','0:72');
INSERT INTO TBLMRADIUSDICPARAMDETAIL (DICTIONARYPARAMETERDETAILID,PARENTDETAILID,DICTIONARYID,ALIAS,NAME,VENDORPARAMETERID,PREDEFINEDVALUES,RADIUSRFCDICTIONARYPARAMETERID,DATATYPEID,VENDORPARAMETEROVERIDDEN,DICTIONARYNUMBER,USAGETYPE,NETWORKFILTERSUPPORT,AVPAIR,VENDORID,HASTAG,ATTRIBUTEID) VALUES(60,null,1,'default','ARAP-Security',73,null,73,'DTT01','N',0,null,null,'N',0,'no','0:73');
INSERT INTO TBLMRADIUSDICPARAMDETAIL (DICTIONARYPARAMETERDETAILID,PARENTDETAILID,DICTIONARYID,ALIAS,NAME,VENDORPARAMETERID,PREDEFINEDVALUES,RADIUSRFCDICTIONARYPARAMETERID,DATATYPEID,VENDORPARAMETEROVERIDDEN,DICTIONARYNUMBER,USAGETYPE,NETWORKFILTERSUPPORT,AVPAIR,VENDORID,HASTAG,ATTRIBUTEID) VALUES(61,null,1,'default','ARAP-Security-Data',74,null,74,'DTT03','N',0,null,null,'N',0,'no','0:74');
INSERT INTO TBLMRADIUSDICPARAMDETAIL (DICTIONARYPARAMETERDETAILID,PARENTDETAILID,DICTIONARYID,ALIAS,NAME,VENDORPARAMETERID,PREDEFINEDVALUES,RADIUSRFCDICTIONARYPARAMETERID,DATATYPEID,VENDORPARAMETEROVERIDDEN,DICTIONARYNUMBER,USAGETYPE,NETWORKFILTERSUPPORT,AVPAIR,VENDORID,HASTAG,ATTRIBUTEID) VALUES(62,null,1,'default','Password-Retry',75,null,75,'DTT01','N',0,null,null,'N',0,'no','0:75');
INSERT INTO TBLMRADIUSDICPARAMDETAIL (DICTIONARYPARAMETERDETAILID,PARENTDETAILID,DICTIONARYID,ALIAS,NAME,VENDORPARAMETERID,PREDEFINEDVALUES,RADIUSRFCDICTIONARYPARAMETERID,DATATYPEID,VENDORPARAMETEROVERIDDEN,DICTIONARYNUMBER,USAGETYPE,NETWORKFILTERSUPPORT,AVPAIR,VENDORID,HASTAG,ATTRIBUTEID) VALUES(63,null,1,'default','Prompt',76,'No-Echo:0,Echo:1',76,'DTT01','N',0,null,null,'N',0,'no','0:76');
INSERT INTO TBLMRADIUSDICPARAMDETAIL (DICTIONARYPARAMETERDETAILID,PARENTDETAILID,DICTIONARYID,ALIAS,NAME,VENDORPARAMETERID,PREDEFINEDVALUES,RADIUSRFCDICTIONARYPARAMETERID,DATATYPEID,VENDORPARAMETEROVERIDDEN,DICTIONARYNUMBER,USAGETYPE,NETWORKFILTERSUPPORT,AVPAIR,VENDORID,HASTAG,ATTRIBUTEID) VALUES(64,null,1,'default','Connect-Info',77,null,77,'DTT03','N',0,null,null,'N',0,'no','0:77');
INSERT INTO TBLMRADIUSDICPARAMDETAIL (DICTIONARYPARAMETERDETAILID,PARENTDETAILID,DICTIONARYID,ALIAS,NAME,VENDORPARAMETERID,PREDEFINEDVALUES,RADIUSRFCDICTIONARYPARAMETERID,DATATYPEID,VENDORPARAMETEROVERIDDEN,DICTIONARYNUMBER,USAGETYPE,NETWORKFILTERSUPPORT,AVPAIR,VENDORID,HASTAG,ATTRIBUTEID) VALUES(65,null,1,'default','Configuration-Token',78,null,78,'DTT03','N',0,null,null,'N',0,'no','0:78');
INSERT INTO TBLMRADIUSDICPARAMDETAIL (DICTIONARYPARAMETERDETAILID,PARENTDETAILID,DICTIONARYID,ALIAS,NAME,VENDORPARAMETERID,PREDEFINEDVALUES,RADIUSRFCDICTIONARYPARAMETERID,DATATYPEID,VENDORPARAMETEROVERIDDEN,DICTIONARYNUMBER,USAGETYPE,NETWORKFILTERSUPPORT,AVPAIR,VENDORID,HASTAG,ATTRIBUTEID) VALUES(66,null,1,'default','EAP-Message',79,null,79,'DTT10','N',0,null,null,'N',0,'no','0:79');
INSERT INTO TBLMRADIUSDICPARAMDETAIL (DICTIONARYPARAMETERDETAILID,PARENTDETAILID,DICTIONARYID,ALIAS,NAME,VENDORPARAMETERID,PREDEFINEDVALUES,RADIUSRFCDICTIONARYPARAMETERID,DATATYPEID,VENDORPARAMETEROVERIDDEN,DICTIONARYNUMBER,USAGETYPE,NETWORKFILTERSUPPORT,AVPAIR,VENDORID,HASTAG,ATTRIBUTEID) VALUES(67,null,1,'default','Message-Authenticator',80,null,80,'DTT10','N',0,null,null,'N',0,'no','0:80');
INSERT INTO TBLMRADIUSDICPARAMDETAIL (DICTIONARYPARAMETERDETAILID,PARENTDETAILID,DICTIONARYID,ALIAS,NAME,VENDORPARAMETERID,PREDEFINEDVALUES,RADIUSRFCDICTIONARYPARAMETERID,DATATYPEID,VENDORPARAMETEROVERIDDEN,DICTIONARYNUMBER,USAGETYPE,NETWORKFILTERSUPPORT,AVPAIR,VENDORID,HASTAG,ATTRIBUTEID) VALUES(68,null,1,'default','ARAP-Challenge-Response',84,null,84,'DTT03','N',0,null,null,'N',0,'no','0:84');
INSERT INTO TBLMRADIUSDICPARAMDETAIL (DICTIONARYPARAMETERDETAILID,PARENTDETAILID,DICTIONARYID,ALIAS,NAME,VENDORPARAMETERID,PREDEFINEDVALUES,RADIUSRFCDICTIONARYPARAMETERID,DATATYPEID,VENDORPARAMETEROVERIDDEN,DICTIONARYNUMBER,USAGETYPE,NETWORKFILTERSUPPORT,AVPAIR,VENDORID,HASTAG,ATTRIBUTEID) VALUES(69,null,1,'default','Acct-Interim-Interval',85,null,85,'DTT01','N',0,null,null,'N',0,'no','0:85');
INSERT INTO TBLMRADIUSDICPARAMDETAIL (DICTIONARYPARAMETERDETAILID,PARENTDETAILID,DICTIONARYID,ALIAS,NAME,VENDORPARAMETERID,PREDEFINEDVALUES,RADIUSRFCDICTIONARYPARAMETERID,DATATYPEID,VENDORPARAMETEROVERIDDEN,DICTIONARYNUMBER,USAGETYPE,NETWORKFILTERSUPPORT,AVPAIR,VENDORID,HASTAG,ATTRIBUTEID) VALUES(70,null,1,'default','NAS-Port-Id',87,null,87,'DTT03','N',0,null,null,'N',0,'no','0:87');
INSERT INTO TBLMRADIUSDICPARAMDETAIL (DICTIONARYPARAMETERDETAILID,PARENTDETAILID,DICTIONARYID,ALIAS,NAME,VENDORPARAMETERID,PREDEFINEDVALUES,RADIUSRFCDICTIONARYPARAMETERID,DATATYPEID,VENDORPARAMETEROVERIDDEN,DICTIONARYNUMBER,USAGETYPE,NETWORKFILTERSUPPORT,AVPAIR,VENDORID,HASTAG,ATTRIBUTEID) VALUES(71,null,1,'default','Framed-Pool',88,null,88,'DTT03','N',0,null,null,'N',0,'no','0:88');
INSERT INTO TBLMRADIUSDICPARAMDETAIL (DICTIONARYPARAMETERDETAILID,PARENTDETAILID,DICTIONARYID,ALIAS,NAME,VENDORPARAMETERID,PREDEFINEDVALUES,RADIUSRFCDICTIONARYPARAMETERID,DATATYPEID,VENDORPARAMETEROVERIDDEN,DICTIONARYNUMBER,USAGETYPE,NETWORKFILTERSUPPORT,AVPAIR,VENDORID,HASTAG,ATTRIBUTEID) VALUES(72,null,1,'default','CUI',89,null,89,'DTT03','N',0,null,null,'N',0,'no','0:89');
INSERT INTO TBLMRADIUSDICPARAMDETAIL (DICTIONARYPARAMETERDETAILID,PARENTDETAILID,DICTIONARYID,ALIAS,NAME,VENDORPARAMETERID,PREDEFINEDVALUES,RADIUSRFCDICTIONARYPARAMETERID,DATATYPEID,VENDORPARAMETEROVERIDDEN,DICTIONARYNUMBER,USAGETYPE,NETWORKFILTERSUPPORT,AVPAIR,VENDORID,HASTAG,ATTRIBUTEID) VALUES(73,null,1,'default','Acct-Tunnel-Connection',68,null,68,'DTT03','N',0,null,null,'N',0,'yes','0:68');
INSERT INTO TBLMRADIUSDICPARAMDETAIL (DICTIONARYPARAMETERDETAILID,PARENTDETAILID,DICTIONARYID,ALIAS,NAME,VENDORPARAMETERID,PREDEFINEDVALUES,RADIUSRFCDICTIONARYPARAMETERID,DATATYPEID,VENDORPARAMETEROVERIDDEN,DICTIONARYNUMBER,USAGETYPE,NETWORKFILTERSUPPORT,AVPAIR,VENDORID,HASTAG,ATTRIBUTEID) VALUES(74,null,1,'default','Acct-Tunnel-Packets-Lost',86,null,86,'DTT10','N',0,null,null,'N',0,'no','0:86');
INSERT INTO TBLMRADIUSDICPARAMDETAIL (DICTIONARYPARAMETERDETAILID,PARENTDETAILID,DICTIONARYID,ALIAS,NAME,VENDORPARAMETERID,PREDEFINEDVALUES,RADIUSRFCDICTIONARYPARAMETERID,DATATYPEID,VENDORPARAMETEROVERIDDEN,DICTIONARYNUMBER,USAGETYPE,NETWORKFILTERSUPPORT,AVPAIR,VENDORID,HASTAG,ATTRIBUTEID) VALUES(75,null,1,'default','Tunnel-Type',64,'PPTP:1,L2F:2,L2TP:3,ATMP:4,VTP:5,AH:6,IP-IP:7,MIN-IP-IP:8,ESP:9,GRE:10,DVS:11,IP-in-IP-Tunneling:12,VLAN:13',64,'DTT01','N',0,null,null,'N',0,'yes','0:64');
INSERT INTO TBLMRADIUSDICPARAMDETAIL (DICTIONARYPARAMETERDETAILID,PARENTDETAILID,DICTIONARYID,ALIAS,NAME,VENDORPARAMETERID,PREDEFINEDVALUES,RADIUSRFCDICTIONARYPARAMETERID,DATATYPEID,VENDORPARAMETEROVERIDDEN,DICTIONARYNUMBER,USAGETYPE,NETWORKFILTERSUPPORT,AVPAIR,VENDORID,HASTAG,ATTRIBUTEID) VALUES(76,null,1,'default','Tunnel-Medium-Type',65,'IP:1',65,'DTT01','N',0,null,null,'N',0,'yes','0:65');
INSERT INTO TBLMRADIUSDICPARAMDETAIL (DICTIONARYPARAMETERDETAILID,PARENTDETAILID,DICTIONARYID,ALIAS,NAME,VENDORPARAMETERID,PREDEFINEDVALUES,RADIUSRFCDICTIONARYPARAMETERID,DATATYPEID,VENDORPARAMETEROVERIDDEN,DICTIONARYNUMBER,USAGETYPE,NETWORKFILTERSUPPORT,AVPAIR,VENDORID,HASTAG,ATTRIBUTEID) VALUES(77,null,1,'default','Tunnel-Client-Endpoint',66,null,66,'DTT03','N',0,null,null,'N',0,'yes','0:66');
INSERT INTO TBLMRADIUSDICPARAMDETAIL (DICTIONARYPARAMETERDETAILID,PARENTDETAILID,DICTIONARYID,ALIAS,NAME,VENDORPARAMETERID,PREDEFINEDVALUES,RADIUSRFCDICTIONARYPARAMETERID,DATATYPEID,VENDORPARAMETEROVERIDDEN,DICTIONARYNUMBER,USAGETYPE,NETWORKFILTERSUPPORT,AVPAIR,VENDORID,HASTAG,ATTRIBUTEID) VALUES(78,null,1,'default','Tunnel-Server-Endpoint',67,null,67,'DTT03','N',0,null,null,'N',0,'yes','0:67');
INSERT INTO TBLMRADIUSDICPARAMDETAIL (DICTIONARYPARAMETERDETAILID,PARENTDETAILID,DICTIONARYID,ALIAS,NAME,VENDORPARAMETERID,PREDEFINEDVALUES,RADIUSRFCDICTIONARYPARAMETERID,DATATYPEID,VENDORPARAMETEROVERIDDEN,DICTIONARYNUMBER,USAGETYPE,NETWORKFILTERSUPPORT,AVPAIR,VENDORID,HASTAG,ATTRIBUTEID) VALUES(79,null,1,'default','Tunnel-Password',69,null,69,'DTT10','N',0,null,null,'N',0,'yes','0:69');
INSERT INTO TBLMRADIUSDICPARAMDETAIL (DICTIONARYPARAMETERDETAILID,PARENTDETAILID,DICTIONARYID,ALIAS,NAME,VENDORPARAMETERID,PREDEFINEDVALUES,RADIUSRFCDICTIONARYPARAMETERID,DATATYPEID,VENDORPARAMETEROVERIDDEN,DICTIONARYNUMBER,USAGETYPE,NETWORKFILTERSUPPORT,AVPAIR,VENDORID,HASTAG,ATTRIBUTEID) VALUES(80,null,1,'default','Tunnel-Private-Group-ID',81,null,81,'DTT10','N',0,null,null,'N',0,'yes','0:81');
INSERT INTO TBLMRADIUSDICPARAMDETAIL (DICTIONARYPARAMETERDETAILID,PARENTDETAILID,DICTIONARYID,ALIAS,NAME,VENDORPARAMETERID,PREDEFINEDVALUES,RADIUSRFCDICTIONARYPARAMETERID,DATATYPEID,VENDORPARAMETEROVERIDDEN,DICTIONARYNUMBER,USAGETYPE,NETWORKFILTERSUPPORT,AVPAIR,VENDORID,HASTAG,ATTRIBUTEID) VALUES(81,null,1,'default','Tunnel-Assignment-ID',82,null,82,'DTT03','N',0,null,null,'N',0,'yes','0:82');
INSERT INTO TBLMRADIUSDICPARAMDETAIL (DICTIONARYPARAMETERDETAILID,PARENTDETAILID,DICTIONARYID,ALIAS,NAME,VENDORPARAMETERID,PREDEFINEDVALUES,RADIUSRFCDICTIONARYPARAMETERID,DATATYPEID,VENDORPARAMETEROVERIDDEN,DICTIONARYNUMBER,USAGETYPE,NETWORKFILTERSUPPORT,AVPAIR,VENDORID,HASTAG,ATTRIBUTEID) VALUES(82,null,1,'default','Tunnel-Preference',83,null,83,'DTT01','N',0,null,null,'N',0,'yes','0:83');
INSERT INTO TBLMRADIUSDICPARAMDETAIL (DICTIONARYPARAMETERDETAILID,PARENTDETAILID,DICTIONARYID,ALIAS,NAME,VENDORPARAMETERID,PREDEFINEDVALUES,RADIUSRFCDICTIONARYPARAMETERID,DATATYPEID,VENDORPARAMETEROVERIDDEN,DICTIONARYNUMBER,USAGETYPE,NETWORKFILTERSUPPORT,AVPAIR,VENDORID,HASTAG,ATTRIBUTEID) VALUES(83,null,1,'default','Tunnel-Client-Auth-ID',90,null,90,'DTT03','N',0,null,null,'N',0,'yes','0:90');
INSERT INTO TBLMRADIUSDICPARAMDETAIL (DICTIONARYPARAMETERDETAILID,PARENTDETAILID,DICTIONARYID,ALIAS,NAME,VENDORPARAMETERID,PREDEFINEDVALUES,RADIUSRFCDICTIONARYPARAMETERID,DATATYPEID,VENDORPARAMETEROVERIDDEN,DICTIONARYNUMBER,USAGETYPE,NETWORKFILTERSUPPORT,AVPAIR,VENDORID,HASTAG,ATTRIBUTEID) VALUES(84,null,1,'default','Tunnel-Server-Auth-ID',91,null,91,'DTT03','N',0,null,null,'N',0,'yes','0:91');
INSERT INTO TBLMRADIUSDICPARAMDETAIL (DICTIONARYPARAMETERDETAILID,PARENTDETAILID,DICTIONARYID,ALIAS,NAME,VENDORPARAMETERID,PREDEFINEDVALUES,RADIUSRFCDICTIONARYPARAMETERID,DATATYPEID,VENDORPARAMETEROVERIDDEN,DICTIONARYNUMBER,USAGETYPE,NETWORKFILTERSUPPORT,AVPAIR,VENDORID,HASTAG,ATTRIBUTEID) VALUES(85,null,1,'default','NAS-Filter-Rule',92,null,92,'DTT03','N',0,null,null,'N',0,'no','0:92');
INSERT INTO TBLMRADIUSDICPARAMDETAIL (DICTIONARYPARAMETERDETAILID,PARENTDETAILID,DICTIONARYID,ALIAS,NAME,VENDORPARAMETERID,PREDEFINEDVALUES,RADIUSRFCDICTIONARYPARAMETERID,DATATYPEID,VENDORPARAMETEROVERIDDEN,DICTIONARYNUMBER,USAGETYPE,NETWORKFILTERSUPPORT,AVPAIR,VENDORID,HASTAG,ATTRIBUTEID) VALUES(86,null,1,'default','Error-Cause',101,'Residual-Context-Removed:201,Invalid-EAP-Packet:202,Unsupported-Attribute:401,Missing-Attribute:402,NAS-Identification-Mismatch:403,Invalid-Request:404,Unsupported-Service:405,Unsupported-Extension:406,Administratively-Prohibited:501,Proxy-Request-Not-Routable:502,Session-Context-Not-Found:503,Session-Context-Not-Removable:504,Proxy-Processing-Error:505,Resources-Unavailable:506,Request-Initiated:507',101,'DTT01','N',0,null,null,'N',0,'no','0:101');
INSERT INTO TBLMRADIUSDICPARAMDETAIL (DICTIONARYPARAMETERDETAILID,PARENTDETAILID,DICTIONARYID,ALIAS,NAME,VENDORPARAMETERID,PREDEFINEDVALUES,RADIUSRFCDICTIONARYPARAMETERID,DATATYPEID,VENDORPARAMETEROVERIDDEN,DICTIONARYNUMBER,USAGETYPE,NETWORKFILTERSUPPORT,AVPAIR,VENDORID,HASTAG,ATTRIBUTEID) VALUES(87,null,1,'default','NAS-IPv6-Address',95,null,95,'DTT07','N',0,null,null,'N',0,'no','0:95');
INSERT INTO TBLMRADIUSDICPARAMDETAIL (DICTIONARYPARAMETERDETAILID,PARENTDETAILID,DICTIONARYID,ALIAS,NAME,VENDORPARAMETERID,PREDEFINEDVALUES,RADIUSRFCDICTIONARYPARAMETERID,DATATYPEID,VENDORPARAMETEROVERIDDEN,DICTIONARYNUMBER,USAGETYPE,NETWORKFILTERSUPPORT,AVPAIR,VENDORID,HASTAG,ATTRIBUTEID) VALUES(88,null,1,'default','Framed-Interface-Id',96,null,96,'DTT37','N',0,null,null,'N',0,'no','0:96');
INSERT INTO TBLMRADIUSDICPARAMDETAIL (DICTIONARYPARAMETERDETAILID,PARENTDETAILID,DICTIONARYID,ALIAS,NAME,VENDORPARAMETERID,PREDEFINEDVALUES,RADIUSRFCDICTIONARYPARAMETERID,DATATYPEID,VENDORPARAMETEROVERIDDEN,DICTIONARYNUMBER,USAGETYPE,NETWORKFILTERSUPPORT,AVPAIR,VENDORID,HASTAG,ATTRIBUTEID) VALUES(89,null,1,'default','Framed-IPv6-Prefix',97,null,97,'DTT39','N',0,null,null,'N',0,'no','0:97');
INSERT INTO TBLMRADIUSDICPARAMDETAIL (DICTIONARYPARAMETERDETAILID,PARENTDETAILID,DICTIONARYID,ALIAS,NAME,VENDORPARAMETERID,PREDEFINEDVALUES,RADIUSRFCDICTIONARYPARAMETERID,DATATYPEID,VENDORPARAMETEROVERIDDEN,DICTIONARYNUMBER,USAGETYPE,NETWORKFILTERSUPPORT,AVPAIR,VENDORID,HASTAG,ATTRIBUTEID) VALUES(90,null,1,'default','Login-IPv6-Host',98,null,98,'DTT07','N',0,null,null,'N',0,'no','0:98');
INSERT INTO TBLMRADIUSDICPARAMDETAIL (DICTIONARYPARAMETERDETAILID,PARENTDETAILID,DICTIONARYID,ALIAS,NAME,VENDORPARAMETERID,PREDEFINEDVALUES,RADIUSRFCDICTIONARYPARAMETERID,DATATYPEID,VENDORPARAMETEROVERIDDEN,DICTIONARYNUMBER,USAGETYPE,NETWORKFILTERSUPPORT,AVPAIR,VENDORID,HASTAG,ATTRIBUTEID) VALUES(91,null,1,'default','Framed-IPv6-Route',99,null,99,'DTT03','N',0,null,null,'N',0,'no','0:99');
INSERT INTO TBLMRADIUSDICPARAMDETAIL (DICTIONARYPARAMETERDETAILID,PARENTDETAILID,DICTIONARYID,ALIAS,NAME,VENDORPARAMETERID,PREDEFINEDVALUES,RADIUSRFCDICTIONARYPARAMETERID,DATATYPEID,VENDORPARAMETEROVERIDDEN,DICTIONARYNUMBER,USAGETYPE,NETWORKFILTERSUPPORT,AVPAIR,VENDORID,HASTAG,ATTRIBUTEID) VALUES(92,null,1,'default','Framed-IPv6-Pool',100,null,100,'DTT03','N',0,null,null,'N',0,'no','0:100');
INSERT INTO TBLMRADIUSDICPARAMDETAIL (DICTIONARYPARAMETERDETAILID,PARENTDETAILID,DICTIONARYID,ALIAS,NAME,VENDORPARAMETERID,PREDEFINEDVALUES,RADIUSRFCDICTIONARYPARAMETERID,DATATYPEID,VENDORPARAMETEROVERIDDEN,DICTIONARYNUMBER,USAGETYPE,NETWORKFILTERSUPPORT,AVPAIR,VENDORID,HASTAG,ATTRIBUTEID) VALUES(93,null,1,'default','Delegated-IPv6-Prefix',123,null,123,'DTT39','N',0,null,null,'N',0,'no','0:123');
INSERT INTO TBLMRADIUSDICPARAMDETAIL (DICTIONARYPARAMETERDETAILID,PARENTDETAILID,DICTIONARYID,ALIAS,NAME,VENDORPARAMETERID,PREDEFINEDVALUES,RADIUSRFCDICTIONARYPARAMETERID,DATATYPEID,VENDORPARAMETEROVERIDDEN,DICTIONARYNUMBER,USAGETYPE,NETWORKFILTERSUPPORT,AVPAIR,VENDORID,HASTAG,ATTRIBUTEID) VALUES(94,null,1,'default','Digest-Response',103,null,103,'DTT03','N',0,null,null,'N',0,'no','0:103');
INSERT INTO TBLMRADIUSDICPARAMDETAIL (DICTIONARYPARAMETERDETAILID,PARENTDETAILID,DICTIONARYID,ALIAS,NAME,VENDORPARAMETERID,PREDEFINEDVALUES,RADIUSRFCDICTIONARYPARAMETERID,DATATYPEID,VENDORPARAMETEROVERIDDEN,DICTIONARYNUMBER,USAGETYPE,NETWORKFILTERSUPPORT,AVPAIR,VENDORID,HASTAG,ATTRIBUTEID) VALUES(95,null,1,'default','Digest-Realm',104,null,104,'DTT03','N',0,null,null,'N',0,'no','0:104');
INSERT INTO TBLMRADIUSDICPARAMDETAIL (DICTIONARYPARAMETERDETAILID,PARENTDETAILID,DICTIONARYID,ALIAS,NAME,VENDORPARAMETERID,PREDEFINEDVALUES,RADIUSRFCDICTIONARYPARAMETERID,DATATYPEID,VENDORPARAMETEROVERIDDEN,DICTIONARYNUMBER,USAGETYPE,NETWORKFILTERSUPPORT,AVPAIR,VENDORID,HASTAG,ATTRIBUTEID) VALUES(96,null,1,'default','Digest-Nonce',105,null,105,'DTT03','N',0,null,null,'N',0,'no','0:105');
INSERT INTO TBLMRADIUSDICPARAMDETAIL (DICTIONARYPARAMETERDETAILID,PARENTDETAILID,DICTIONARYID,ALIAS,NAME,VENDORPARAMETERID,PREDEFINEDVALUES,RADIUSRFCDICTIONARYPARAMETERID,DATATYPEID,VENDORPARAMETEROVERIDDEN,DICTIONARYNUMBER,USAGETYPE,NETWORKFILTERSUPPORT,AVPAIR,VENDORID,HASTAG,ATTRIBUTEID) VALUES(97,null,1,'default','Digest-Response-Auth',106,null,106,'DTT03','N',0,null,null,'N',0,'no','0:106');
INSERT INTO TBLMRADIUSDICPARAMDETAIL (DICTIONARYPARAMETERDETAILID,PARENTDETAILID,DICTIONARYID,ALIAS,NAME,VENDORPARAMETERID,PREDEFINEDVALUES,RADIUSRFCDICTIONARYPARAMETERID,DATATYPEID,VENDORPARAMETEROVERIDDEN,DICTIONARYNUMBER,USAGETYPE,NETWORKFILTERSUPPORT,AVPAIR,VENDORID,HASTAG,ATTRIBUTEID) VALUES(98,null,1,'default','Digest-Nextnonce',107,null,107,'DTT03','N',0,null,null,'N',0,'no','0:107');
INSERT INTO TBLMRADIUSDICPARAMDETAIL (DICTIONARYPARAMETERDETAILID,PARENTDETAILID,DICTIONARYID,ALIAS,NAME,VENDORPARAMETERID,PREDEFINEDVALUES,RADIUSRFCDICTIONARYPARAMETERID,DATATYPEID,VENDORPARAMETEROVERIDDEN,DICTIONARYNUMBER,USAGETYPE,NETWORKFILTERSUPPORT,AVPAIR,VENDORID,HASTAG,ATTRIBUTEID) VALUES(99,null,1,'default','Digest-Method',108,null,108,'DTT03','N',0,null,null,'N',0,'no','0:108');
INSERT INTO TBLMRADIUSDICPARAMDETAIL (DICTIONARYPARAMETERDETAILID,PARENTDETAILID,DICTIONARYID,ALIAS,NAME,VENDORPARAMETERID,PREDEFINEDVALUES,RADIUSRFCDICTIONARYPARAMETERID,DATATYPEID,VENDORPARAMETEROVERIDDEN,DICTIONARYNUMBER,USAGETYPE,NETWORKFILTERSUPPORT,AVPAIR,VENDORID,HASTAG,ATTRIBUTEID) VALUES(100,null,1,'default','Digest-URI',109,null,109,'DTT03','N',0,null,null,'N',0,'no','0:109');
INSERT INTO TBLMRADIUSDICPARAMDETAIL (DICTIONARYPARAMETERDETAILID,PARENTDETAILID,DICTIONARYID,ALIAS,NAME,VENDORPARAMETERID,PREDEFINEDVALUES,RADIUSRFCDICTIONARYPARAMETERID,DATATYPEID,VENDORPARAMETEROVERIDDEN,DICTIONARYNUMBER,USAGETYPE,NETWORKFILTERSUPPORT,AVPAIR,VENDORID,HASTAG,ATTRIBUTEID) VALUES(101,null,1,'default','Digest-Qop',110,null,110,'DTT03','N',0,null,null,'N',0,'no','0:110');
INSERT INTO TBLMRADIUSDICPARAMDETAIL (DICTIONARYPARAMETERDETAILID,PARENTDETAILID,DICTIONARYID,ALIAS,NAME,VENDORPARAMETERID,PREDEFINEDVALUES,RADIUSRFCDICTIONARYPARAMETERID,DATATYPEID,VENDORPARAMETEROVERIDDEN,DICTIONARYNUMBER,USAGETYPE,NETWORKFILTERSUPPORT,AVPAIR,VENDORID,HASTAG,ATTRIBUTEID) VALUES(102,null,1,'default','Digest-Algorithm',111,null,111,'DTT03','N',0,null,null,'N',0,'no','0:111');
INSERT INTO TBLMRADIUSDICPARAMDETAIL (DICTIONARYPARAMETERDETAILID,PARENTDETAILID,DICTIONARYID,ALIAS,NAME,VENDORPARAMETERID,PREDEFINEDVALUES,RADIUSRFCDICTIONARYPARAMETERID,DATATYPEID,VENDORPARAMETEROVERIDDEN,DICTIONARYNUMBER,USAGETYPE,NETWORKFILTERSUPPORT,AVPAIR,VENDORID,HASTAG,ATTRIBUTEID) VALUES(103,null,1,'default','Digest-Entity-Body-Hash',112,null,112,'DTT03','N',0,null,null,'N',0,'no','0:112');
INSERT INTO TBLMRADIUSDICPARAMDETAIL (DICTIONARYPARAMETERDETAILID,PARENTDETAILID,DICTIONARYID,ALIAS,NAME,VENDORPARAMETERID,PREDEFINEDVALUES,RADIUSRFCDICTIONARYPARAMETERID,DATATYPEID,VENDORPARAMETEROVERIDDEN,DICTIONARYNUMBER,USAGETYPE,NETWORKFILTERSUPPORT,AVPAIR,VENDORID,HASTAG,ATTRIBUTEID) VALUES(104,null,1,'default','Digest-CNonce',113,null,113,'DTT03','N',0,null,null,'N',0,'no','0:113');
INSERT INTO TBLMRADIUSDICPARAMDETAIL (DICTIONARYPARAMETERDETAILID,PARENTDETAILID,DICTIONARYID,ALIAS,NAME,VENDORPARAMETERID,PREDEFINEDVALUES,RADIUSRFCDICTIONARYPARAMETERID,DATATYPEID,VENDORPARAMETEROVERIDDEN,DICTIONARYNUMBER,USAGETYPE,NETWORKFILTERSUPPORT,AVPAIR,VENDORID,HASTAG,ATTRIBUTEID) VALUES(105,null,1,'default','Digest-Nonce-Count',114,null,114,'DTT03','N',0,null,null,'N',0,'no','0:114');
INSERT INTO TBLMRADIUSDICPARAMDETAIL (DICTIONARYPARAMETERDETAILID,PARENTDETAILID,DICTIONARYID,ALIAS,NAME,VENDORPARAMETERID,PREDEFINEDVALUES,RADIUSRFCDICTIONARYPARAMETERID,DATATYPEID,VENDORPARAMETEROVERIDDEN,DICTIONARYNUMBER,USAGETYPE,NETWORKFILTERSUPPORT,AVPAIR,VENDORID,HASTAG,ATTRIBUTEID) VALUES(106,null,1,'default','Digest-Username',115,null,115,'DTT03','N',0,null,null,'N',0,'no','0:115');
INSERT INTO TBLMRADIUSDICPARAMDETAIL (DICTIONARYPARAMETERDETAILID,PARENTDETAILID,DICTIONARYID,ALIAS,NAME,VENDORPARAMETERID,PREDEFINEDVALUES,RADIUSRFCDICTIONARYPARAMETERID,DATATYPEID,VENDORPARAMETEROVERIDDEN,DICTIONARYNUMBER,USAGETYPE,NETWORKFILTERSUPPORT,AVPAIR,VENDORID,HASTAG,ATTRIBUTEID) VALUES(107,null,1,'default','Digest-Opaque',116,null,116,'DTT03','N',0,null,null,'N',0,'no','0:116');
INSERT INTO TBLMRADIUSDICPARAMDETAIL (DICTIONARYPARAMETERDETAILID,PARENTDETAILID,DICTIONARYID,ALIAS,NAME,VENDORPARAMETERID,PREDEFINEDVALUES,RADIUSRFCDICTIONARYPARAMETERID,DATATYPEID,VENDORPARAMETEROVERIDDEN,DICTIONARYNUMBER,USAGETYPE,NETWORKFILTERSUPPORT,AVPAIR,VENDORID,HASTAG,ATTRIBUTEID) VALUES(108,null,1,'default','Digest-Auth-Param',117,null,117,'DTT03','N',0,null,null,'N',0,'no','0:117');
INSERT INTO TBLMRADIUSDICPARAMDETAIL (DICTIONARYPARAMETERDETAILID,PARENTDETAILID,DICTIONARYID,ALIAS,NAME,VENDORPARAMETERID,PREDEFINEDVALUES,RADIUSRFCDICTIONARYPARAMETERID,DATATYPEID,VENDORPARAMETEROVERIDDEN,DICTIONARYNUMBER,USAGETYPE,NETWORKFILTERSUPPORT,AVPAIR,VENDORID,HASTAG,ATTRIBUTEID) VALUES(109,null,1,'default','Digest-AKA-Auts',118,null,118,'DTT03','N',0,null,null,'N',0,'no','0:118');
INSERT INTO TBLMRADIUSDICPARAMDETAIL (DICTIONARYPARAMETERDETAILID,PARENTDETAILID,DICTIONARYID,ALIAS,NAME,VENDORPARAMETERID,PREDEFINEDVALUES,RADIUSRFCDICTIONARYPARAMETERID,DATATYPEID,VENDORPARAMETEROVERIDDEN,DICTIONARYNUMBER,USAGETYPE,NETWORKFILTERSUPPORT,AVPAIR,VENDORID,HASTAG,ATTRIBUTEID) VALUES(110,null,1,'default','Digest-Domain',119,null,119,'DTT03','N',0,null,null,'N',0,'no','0:119');
INSERT INTO TBLMRADIUSDICPARAMDETAIL (DICTIONARYPARAMETERDETAILID,PARENTDETAILID,DICTIONARYID,ALIAS,NAME,VENDORPARAMETERID,PREDEFINEDVALUES,RADIUSRFCDICTIONARYPARAMETERID,DATATYPEID,VENDORPARAMETEROVERIDDEN,DICTIONARYNUMBER,USAGETYPE,NETWORKFILTERSUPPORT,AVPAIR,VENDORID,HASTAG,ATTRIBUTEID) VALUES(111,null,1,'default','Digest-Stale',120,null,120,'DTT03','N',0,null,null,'N',0,'no','0:120');
INSERT INTO TBLMRADIUSDICPARAMDETAIL (DICTIONARYPARAMETERDETAILID,PARENTDETAILID,DICTIONARYID,ALIAS,NAME,VENDORPARAMETERID,PREDEFINEDVALUES,RADIUSRFCDICTIONARYPARAMETERID,DATATYPEID,VENDORPARAMETEROVERIDDEN,DICTIONARYNUMBER,USAGETYPE,NETWORKFILTERSUPPORT,AVPAIR,VENDORID,HASTAG,ATTRIBUTEID) VALUES(112,null,1,'default','Digest-HA1',121,null,121,'DTT03','N',0,null,null,'N',0,'no','0:121');
INSERT INTO TBLMRADIUSDICPARAMDETAIL (DICTIONARYPARAMETERDETAILID,PARENTDETAILID,DICTIONARYID,ALIAS,NAME,VENDORPARAMETERID,PREDEFINEDVALUES,RADIUSRFCDICTIONARYPARAMETERID,DATATYPEID,VENDORPARAMETEROVERIDDEN,DICTIONARYNUMBER,USAGETYPE,NETWORKFILTERSUPPORT,AVPAIR,VENDORID,HASTAG,ATTRIBUTEID) VALUES(113,null,1,'default','SIP-AOR',122,null,122,'DTT03','N',0,null,null,'N',0,'no','0:122');
INSERT INTO TBLMRADIUSDICPARAMDETAIL (DICTIONARYPARAMETERDETAILID,PARENTDETAILID,DICTIONARYID,ALIAS,NAME,VENDORPARAMETERID,PREDEFINEDVALUES,RADIUSRFCDICTIONARYPARAMETERID,DATATYPEID,VENDORPARAMETEROVERIDDEN,DICTIONARYNUMBER,USAGETYPE,NETWORKFILTERSUPPORT,AVPAIR,VENDORID,HASTAG,ATTRIBUTEID) VALUES(114,null,1,'default','Framed-Management-Protocol',133,'SNMP:1,Web-based:2,NETCONF:3,FTP:4,TFTP:5,SFTP:6,RCP:7,SCP:8',133,'DTT01','N',0,null,null,'N',0,'no','0:133');
INSERT INTO TBLMRADIUSDICPARAMDETAIL (DICTIONARYPARAMETERDETAILID,PARENTDETAILID,DICTIONARYID,ALIAS,NAME,VENDORPARAMETERID,PREDEFINEDVALUES,RADIUSRFCDICTIONARYPARAMETERID,DATATYPEID,VENDORPARAMETEROVERIDDEN,DICTIONARYNUMBER,USAGETYPE,NETWORKFILTERSUPPORT,AVPAIR,VENDORID,HASTAG,ATTRIBUTEID) VALUES(115,null,1,'default','Management-Transport-Protection',134,'No-Protection:1,Integrity-Protection:2,Integrity-Confidentiality-Protection:3',134,'DTT01','N',0,null,null,'N',0,'no','0:134');
INSERT INTO TBLMRADIUSDICPARAMDETAIL (DICTIONARYPARAMETERDETAILID,PARENTDETAILID,DICTIONARYID,ALIAS,NAME,VENDORPARAMETERID,PREDEFINEDVALUES,RADIUSRFCDICTIONARYPARAMETERID,DATATYPEID,VENDORPARAMETEROVERIDDEN,DICTIONARYNUMBER,USAGETYPE,NETWORKFILTERSUPPORT,AVPAIR,VENDORID,HASTAG,ATTRIBUTEID) VALUES(116,null,1,'default','Management-Policy-Id',135,null,135,'DTT03','N',0,null,null,'N',0,'no','0:135');
INSERT INTO TBLMRADIUSDICPARAMDETAIL (DICTIONARYPARAMETERDETAILID,PARENTDETAILID,DICTIONARYID,ALIAS,NAME,VENDORPARAMETERID,PREDEFINEDVALUES,RADIUSRFCDICTIONARYPARAMETERID,DATATYPEID,VENDORPARAMETEROVERIDDEN,DICTIONARYNUMBER,USAGETYPE,NETWORKFILTERSUPPORT,AVPAIR,VENDORID,HASTAG,ATTRIBUTEID) VALUES(117,null,1,'default','Management-Privilege-Level',136,null,136,'DTT01','N',0,null,null,'N',0,'no','0:136');
INSERT INTO TBLMRADIUSDICPARAMDETAIL (DICTIONARYPARAMETERDETAILID,PARENTDETAILID,DICTIONARYID,ALIAS,NAME,VENDORPARAMETERID,PREDEFINEDVALUES,RADIUSRFCDICTIONARYPARAMETERID,DATATYPEID,VENDORPARAMETEROVERIDDEN,DICTIONARYNUMBER,USAGETYPE,NETWORKFILTERSUPPORT,AVPAIR,VENDORID,HASTAG,ATTRIBUTEID) VALUES(118,null,1,'default','Digest-Response',206,null,206,'DTT03','N',0,null,null,'N',0,'no','0:206');
INSERT INTO TBLMRADIUSDICPARAMDETAIL (DICTIONARYPARAMETERDETAILID,PARENTDETAILID,DICTIONARYID,ALIAS,NAME,VENDORPARAMETERID,PREDEFINEDVALUES,RADIUSRFCDICTIONARYPARAMETERID,DATATYPEID,VENDORPARAMETEROVERIDDEN,DICTIONARYNUMBER,USAGETYPE,NETWORKFILTERSUPPORT,AVPAIR,VENDORID,HASTAG,ATTRIBUTEID) VALUES(119,null,1,'default','Digest-Attributes',207,null,207,'DTT10','N',0,null,null,'N',0,'no','0:207');
commit;


---<Elitecore Dictionary>--
INSERT INTO TBLMRADIUSDICPARAMDETAIL (DICTIONARYPARAMETERDETAILID,PARENTDETAILID,DICTIONARYID,ALIAS,NAME,VENDORPARAMETERID,PREDEFINEDVALUES,RADIUSRFCDICTIONARYPARAMETERID,DATATYPEID,VENDORPARAMETEROVERIDDEN,DICTIONARYNUMBER,USAGETYPE,NETWORKFILTERSUPPORT,AVPAIR,VENDORID,HASTAG,ATTRIBUTEID) VALUES(120,null,2,'default','24Online-AVPair',0,null,26,'DTT03','Y',0,null,null,'N',21067,'no','21067:0');
INSERT INTO TBLMRADIUSDICPARAMDETAIL (DICTIONARYPARAMETERDETAILID,PARENTDETAILID,DICTIONARYID,ALIAS,NAME,VENDORPARAMETERID,PREDEFINEDVALUES,RADIUSRFCDICTIONARYPARAMETERID,DATATYPEID,VENDORPARAMETEROVERIDDEN,DICTIONARYNUMBER,USAGETYPE,NETWORKFILTERSUPPORT,AVPAIR,VENDORID,HASTAG,ATTRIBUTEID) VALUES(121,null,2,'default','Tekelec-AVPair',1,null,26,'DTT03','Y',0,null,null,'N',21067,'no','21067:1');
INSERT INTO TBLMRADIUSDICPARAMDETAIL (DICTIONARYPARAMETERDETAILID,PARENTDETAILID,DICTIONARYID,ALIAS,NAME,VENDORPARAMETERID,PREDEFINEDVALUES,RADIUSRFCDICTIONARYPARAMETERID,DATATYPEID,VENDORPARAMETEROVERIDDEN,DICTIONARYNUMBER,USAGETYPE,NETWORKFILTERSUPPORT,AVPAIR,VENDORID,HASTAG,ATTRIBUTEID) VALUES(122,null,2,'default','Cyberoam-AVPair',2,null,26,'DTT03','Y',0,null,null,'N',21067,'no','21067:2');
INSERT INTO TBLMRADIUSDICPARAMDETAIL (DICTIONARYPARAMETERDETAILID,PARENTDETAILID,DICTIONARYID,ALIAS,NAME,VENDORPARAMETERID,PREDEFINEDVALUES,RADIUSRFCDICTIONARYPARAMETERID,DATATYPEID,VENDORPARAMETEROVERIDDEN,DICTIONARYNUMBER,USAGETYPE,NETWORKFILTERSUPPORT,AVPAIR,VENDORID,HASTAG,ATTRIBUTEID) VALUES(123,null,2,'default','IP-Pool-AVPair',3,null,26,'DTT03','Y',0,null,null,'N',21067,'no','21067:3');
INSERT INTO TBLMRADIUSDICPARAMDETAIL (DICTIONARYPARAMETERDETAILID,PARENTDETAILID,DICTIONARYID,ALIAS,NAME,VENDORPARAMETERID,PREDEFINEDVALUES,RADIUSRFCDICTIONARYPARAMETERID,DATATYPEID,VENDORPARAMETEROVERIDDEN,DICTIONARYNUMBER,USAGETYPE,NETWORKFILTERSUPPORT,AVPAIR,VENDORID,HASTAG,ATTRIBUTEID) VALUES(124,null,2,'default','Rating-AVPair',4,null,26,'DTT03','Y',0,null,null,'N',21067,'no','21067:4');
INSERT INTO TBLMRADIUSDICPARAMDETAIL (DICTIONARYPARAMETERDETAILID,PARENTDETAILID,DICTIONARYID,ALIAS,NAME,VENDORPARAMETERID,PREDEFINEDVALUES,RADIUSRFCDICTIONARYPARAMETERID,DATATYPEID,VENDORPARAMETEROVERIDDEN,DICTIONARYNUMBER,USAGETYPE,NETWORKFILTERSUPPORT,AVPAIR,VENDORID,HASTAG,ATTRIBUTEID) VALUES(125,null,2,'default','Resource-Manager-AVPair',5,null,26,'DTT03','Y',0,null,null,'N',21067,'no','21067:5');
INSERT INTO TBLMRADIUSDICPARAMDETAIL (DICTIONARYPARAMETERDETAILID,PARENTDETAILID,DICTIONARYID,ALIAS,NAME,VENDORPARAMETERID,PREDEFINEDVALUES,RADIUSRFCDICTIONARYPARAMETERID,DATATYPEID,VENDORPARAMETEROVERIDDEN,DICTIONARYNUMBER,USAGETYPE,NETWORKFILTERSUPPORT,AVPAIR,VENDORID,HASTAG,ATTRIBUTEID) VALUES(126,null,2,'default','Profile-Account-Status',111,null,26,'DTT03','Y',0,null,null,'N',21067,'no','21067:111');
INSERT INTO TBLMRADIUSDICPARAMDETAIL (DICTIONARYPARAMETERDETAILID,PARENTDETAILID,DICTIONARYID,ALIAS,NAME,VENDORPARAMETERID,PREDEFINEDVALUES,RADIUSRFCDICTIONARYPARAMETERID,DATATYPEID,VENDORPARAMETEROVERIDDEN,DICTIONARYNUMBER,USAGETYPE,NETWORKFILTERSUPPORT,AVPAIR,VENDORID,HASTAG,ATTRIBUTEID) VALUES(127,null,2,'default','Profile-Account-Type',112,null,26,'DTT03','Y',0,null,null,'N',21067,'no','21067:112');
INSERT INTO TBLMRADIUSDICPARAMDETAIL (DICTIONARYPARAMETERDETAILID,PARENTDETAILID,DICTIONARYID,ALIAS,NAME,VENDORPARAMETERID,PREDEFINEDVALUES,RADIUSRFCDICTIONARYPARAMETERID,DATATYPEID,VENDORPARAMETEROVERIDDEN,DICTIONARYNUMBER,USAGETYPE,NETWORKFILTERSUPPORT,AVPAIR,VENDORID,HASTAG,ATTRIBUTEID) VALUES(128,null,2,'default','Profile-Credit-Limit',113,null,26,'DTT01','Y',0,null,null,'N',21067,'no','21067:113');
INSERT INTO TBLMRADIUSDICPARAMDETAIL (DICTIONARYPARAMETERDETAILID,PARENTDETAILID,DICTIONARYID,ALIAS,NAME,VENDORPARAMETERID,PREDEFINEDVALUES,RADIUSRFCDICTIONARYPARAMETERID,DATATYPEID,VENDORPARAMETEROVERIDDEN,DICTIONARYNUMBER,USAGETYPE,NETWORKFILTERSUPPORT,AVPAIR,VENDORID,HASTAG,ATTRIBUTEID) VALUES(129,null,2,'default','Profile-User-Group',114,null,26,'DTT03','Y',0,null,null,'N',21067,'no','21067:114');
INSERT INTO TBLMRADIUSDICPARAMDETAIL (DICTIONARYPARAMETERDETAILID,PARENTDETAILID,DICTIONARYID,ALIAS,NAME,VENDORPARAMETERID,PREDEFINEDVALUES,RADIUSRFCDICTIONARYPARAMETERID,DATATYPEID,VENDORPARAMETEROVERIDDEN,DICTIONARYNUMBER,USAGETYPE,NETWORKFILTERSUPPORT,AVPAIR,VENDORID,HASTAG,ATTRIBUTEID) VALUES(130,null,2,'default','Profile-Expiry-Date',115,null,26,'DTT36','Y',0,null,null,'N',21067,'no','21067:115');
INSERT INTO TBLMRADIUSDICPARAMDETAIL (DICTIONARYPARAMETERDETAILID,PARENTDETAILID,DICTIONARYID,ALIAS,NAME,VENDORPARAMETERID,PREDEFINEDVALUES,RADIUSRFCDICTIONARYPARAMETERID,DATATYPEID,VENDORPARAMETEROVERIDDEN,DICTIONARYNUMBER,USAGETYPE,NETWORKFILTERSUPPORT,AVPAIR,VENDORID,HASTAG,ATTRIBUTEID) VALUES(131,null,2,'default','Profile-Identity',116,null,26,'DTT03','Y',0,null,null,'N',21067,'no','21067:116');
INSERT INTO TBLMRADIUSDICPARAMDETAIL (DICTIONARYPARAMETERDETAILID,PARENTDETAILID,DICTIONARYID,ALIAS,NAME,VENDORPARAMETERID,PREDEFINEDVALUES,RADIUSRFCDICTIONARYPARAMETERID,DATATYPEID,VENDORPARAMETEROVERIDDEN,DICTIONARYNUMBER,USAGETYPE,NETWORKFILTERSUPPORT,AVPAIR,VENDORID,HASTAG,ATTRIBUTEID) VALUES(132,null,2,'default','Profile-AVPair',117,null,26,'DTT11','Y',0,null,null,'N',21067,'no','21067:117');
INSERT INTO TBLMRADIUSDICPARAMDETAIL (DICTIONARYPARAMETERDETAILID,PARENTDETAILID,DICTIONARYID,ALIAS,NAME,VENDORPARAMETERID,PREDEFINEDVALUES,RADIUSRFCDICTIONARYPARAMETERID,DATATYPEID,VENDORPARAMETEROVERIDDEN,DICTIONARYNUMBER,USAGETYPE,NETWORKFILTERSUPPORT,AVPAIR,VENDORID,HASTAG,ATTRIBUTEID) VALUES(133,132,2,'default','Param1',1,null,26,'DTT03','Y',0,null,null,'N',21067,'no','21067:117:1');
INSERT INTO TBLMRADIUSDICPARAMDETAIL (DICTIONARYPARAMETERDETAILID,PARENTDETAILID,DICTIONARYID,ALIAS,NAME,VENDORPARAMETERID,PREDEFINEDVALUES,RADIUSRFCDICTIONARYPARAMETERID,DATATYPEID,VENDORPARAMETEROVERIDDEN,DICTIONARYNUMBER,USAGETYPE,NETWORKFILTERSUPPORT,AVPAIR,VENDORID,HASTAG,ATTRIBUTEID) VALUES(134,132,2,'default','Param2',2,null,26,'DTT03','Y',0,null,null,'N',21067,'no','21067:117:2');
INSERT INTO TBLMRADIUSDICPARAMDETAIL (DICTIONARYPARAMETERDETAILID,PARENTDETAILID,DICTIONARYID,ALIAS,NAME,VENDORPARAMETERID,PREDEFINEDVALUES,RADIUSRFCDICTIONARYPARAMETERID,DATATYPEID,VENDORPARAMETEROVERIDDEN,DICTIONARYNUMBER,USAGETYPE,NETWORKFILTERSUPPORT,AVPAIR,VENDORID,HASTAG,ATTRIBUTEID) VALUES(135,132,2,'default','Param3',3,null,26,'DTT03','Y',0,null,null,'N',21067,'no','21067:117:3');
INSERT INTO TBLMRADIUSDICPARAMDETAIL (DICTIONARYPARAMETERDETAILID,PARENTDETAILID,DICTIONARYID,ALIAS,NAME,VENDORPARAMETERID,PREDEFINEDVALUES,RADIUSRFCDICTIONARYPARAMETERID,DATATYPEID,VENDORPARAMETEROVERIDDEN,DICTIONARYNUMBER,USAGETYPE,NETWORKFILTERSUPPORT,AVPAIR,VENDORID,HASTAG,ATTRIBUTEID) VALUES(136,null,2,'default','Profile-IMSI',146,null,26,'DTT03','Y',0,null,null,'N',21067,'no','21067:146');
INSERT INTO TBLMRADIUSDICPARAMDETAIL (DICTIONARYPARAMETERDETAILID,PARENTDETAILID,DICTIONARYID,ALIAS,NAME,VENDORPARAMETERID,PREDEFINEDVALUES,RADIUSRFCDICTIONARYPARAMETERID,DATATYPEID,VENDORPARAMETEROVERIDDEN,DICTIONARYNUMBER,USAGETYPE,NETWORKFILTERSUPPORT,AVPAIR,VENDORID,HASTAG,ATTRIBUTEID) VALUES(137,null,2,'default','Profile-MEID',147,null,26,'DTT03','Y',0,null,null,'N',21067,'no','21067:147');
INSERT INTO TBLMRADIUSDICPARAMDETAIL (DICTIONARYPARAMETERDETAILID,PARENTDETAILID,DICTIONARYID,ALIAS,NAME,VENDORPARAMETERID,PREDEFINEDVALUES,RADIUSRFCDICTIONARYPARAMETERID,DATATYPEID,VENDORPARAMETEROVERIDDEN,DICTIONARYNUMBER,USAGETYPE,NETWORKFILTERSUPPORT,AVPAIR,VENDORID,HASTAG,ATTRIBUTEID) VALUES(138,null,2,'default','Profile-MSISDN',148,null,26,'DTT03','Y',0,null,null,'N',21067,'no','21067:148');
INSERT INTO TBLMRADIUSDICPARAMDETAIL (DICTIONARYPARAMETERDETAILID,PARENTDETAILID,DICTIONARYID,ALIAS,NAME,VENDORPARAMETERID,PREDEFINEDVALUES,RADIUSRFCDICTIONARYPARAMETERID,DATATYPEID,VENDORPARAMETEROVERIDDEN,DICTIONARYNUMBER,USAGETYPE,NETWORKFILTERSUPPORT,AVPAIR,VENDORID,HASTAG,ATTRIBUTEID) VALUES(139,null,2,'default','Profile-MDN',149,null,26,'DTT03','Y',0,null,null,'N',21067,'no','21067:149');
INSERT INTO TBLMRADIUSDICPARAMDETAIL (DICTIONARYPARAMETERDETAILID,PARENTDETAILID,DICTIONARYID,ALIAS,NAME,VENDORPARAMETERID,PREDEFINEDVALUES,RADIUSRFCDICTIONARYPARAMETERID,DATATYPEID,VENDORPARAMETEROVERIDDEN,DICTIONARYNUMBER,USAGETYPE,NETWORKFILTERSUPPORT,AVPAIR,VENDORID,HASTAG,ATTRIBUTEID) VALUES(140,null,2,'default','Profile-IMEI',150,null,26,'DTT03','Y',0,null,null,'N',21067,'no','21067:150');
INSERT INTO TBLMRADIUSDICPARAMDETAIL (DICTIONARYPARAMETERDETAILID,PARENTDETAILID,DICTIONARYID,ALIAS,NAME,VENDORPARAMETERID,PREDEFINEDVALUES,RADIUSRFCDICTIONARYPARAMETERID,DATATYPEID,VENDORPARAMETEROVERIDDEN,DICTIONARYNUMBER,USAGETYPE,NETWORKFILTERSUPPORT,AVPAIR,VENDORID,HASTAG,ATTRIBUTEID) VALUES(141,null,2,'default','Src-Addr',118,null,26,'DTT03','Y',0,null,null,'N',21067,'no','21067:118');
INSERT INTO TBLMRADIUSDICPARAMDETAIL (DICTIONARYPARAMETERDETAILID,PARENTDETAILID,DICTIONARYID,ALIAS,NAME,VENDORPARAMETERID,PREDEFINEDVALUES,RADIUSRFCDICTIONARYPARAMETERID,DATATYPEID,VENDORPARAMETEROVERIDDEN,DICTIONARYNUMBER,USAGETYPE,NETWORKFILTERSUPPORT,AVPAIR,VENDORID,HASTAG,ATTRIBUTEID) VALUES(142,null,2,'default','Dst-Addr',119,null,26,'DTT03','Y',0,null,null,'N',21067,'no','21067:119');
INSERT INTO TBLMRADIUSDICPARAMDETAIL (DICTIONARYPARAMETERDETAILID,PARENTDETAILID,DICTIONARYID,ALIAS,NAME,VENDORPARAMETERID,PREDEFINEDVALUES,RADIUSRFCDICTIONARYPARAMETERID,DATATYPEID,VENDORPARAMETEROVERIDDEN,DICTIONARYNUMBER,USAGETYPE,NETWORKFILTERSUPPORT,AVPAIR,VENDORID,HASTAG,ATTRIBUTEID) VALUES(143,null,2,'default','Src-Proxy-Addr',120,null,26,'DTT03','Y',0,null,null,'N',21067,'no','21067:120');
INSERT INTO TBLMRADIUSDICPARAMDETAIL (DICTIONARYPARAMETERDETAILID,PARENTDETAILID,DICTIONARYID,ALIAS,NAME,VENDORPARAMETERID,PREDEFINEDVALUES,RADIUSRFCDICTIONARYPARAMETERID,DATATYPEID,VENDORPARAMETEROVERIDDEN,DICTIONARYNUMBER,USAGETYPE,NETWORKFILTERSUPPORT,AVPAIR,VENDORID,HASTAG,ATTRIBUTEID) VALUES(144,null,2,'default','Dst-Proxy-Addr',121,null,26,'DTT03','Y',0,null,null,'N',21067,'no','21067:121');
INSERT INTO TBLMRADIUSDICPARAMDETAIL (DICTIONARYPARAMETERDETAILID,PARENTDETAILID,DICTIONARYID,ALIAS,NAME,VENDORPARAMETERID,PREDEFINEDVALUES,RADIUSRFCDICTIONARYPARAMETERID,DATATYPEID,VENDORPARAMETEROVERIDDEN,DICTIONARYNUMBER,USAGETYPE,NETWORKFILTERSUPPORT,AVPAIR,VENDORID,HASTAG,ATTRIBUTEID) VALUES(145,null,2,'default','Vendor-Type',122,null,26,'DTT03','Y',0,null,null,'N',21067,'no','21067:122');
INSERT INTO TBLMRADIUSDICPARAMDETAIL (DICTIONARYPARAMETERDETAILID,PARENTDETAILID,DICTIONARYID,ALIAS,NAME,VENDORPARAMETERID,PREDEFINEDVALUES,RADIUSRFCDICTIONARYPARAMETERID,DATATYPEID,VENDORPARAMETEROVERIDDEN,DICTIONARYNUMBER,USAGETYPE,NETWORKFILTERSUPPORT,AVPAIR,VENDORID,HASTAG,ATTRIBUTEID) VALUES(146,null,2,'default','Grace-Type',123,null,26,'DTT01','Y',0,null,null,'N',21067,'no','21067:123');
INSERT INTO TBLMRADIUSDICPARAMDETAIL (DICTIONARYPARAMETERDETAILID,PARENTDETAILID,DICTIONARYID,ALIAS,NAME,VENDORPARAMETERID,PREDEFINEDVALUES,RADIUSRFCDICTIONARYPARAMETERID,DATATYPEID,VENDORPARAMETEROVERIDDEN,DICTIONARYNUMBER,USAGETYPE,NETWORKFILTERSUPPORT,AVPAIR,VENDORID,HASTAG,ATTRIBUTEID) VALUES(147,null,2,'default','Hotline-Reason',124,null,26,'DTT03','Y',0,null,null,'N',21067,'no','21067:124');
INSERT INTO TBLMRADIUSDICPARAMDETAIL (DICTIONARYPARAMETERDETAILID,PARENTDETAILID,DICTIONARYID,ALIAS,NAME,VENDORPARAMETERID,PREDEFINEDVALUES,RADIUSRFCDICTIONARYPARAMETERID,DATATYPEID,VENDORPARAMETEROVERIDDEN,DICTIONARYNUMBER,USAGETYPE,NETWORKFILTERSUPPORT,AVPAIR,VENDORID,HASTAG,ATTRIBUTEID) VALUES(148,null,2,'default','Profile-User-Name',125,null,26,'DTT03','Y',0,null,null,'N',21067,'no','21067:125');
INSERT INTO TBLMRADIUSDICPARAMDETAIL (DICTIONARYPARAMETERDETAILID,PARENTDETAILID,DICTIONARYID,ALIAS,NAME,VENDORPARAMETERID,PREDEFINEDVALUES,RADIUSRFCDICTIONARYPARAMETERID,DATATYPEID,VENDORPARAMETEROVERIDDEN,DICTIONARYNUMBER,USAGETYPE,NETWORKFILTERSUPPORT,AVPAIR,VENDORID,HASTAG,ATTRIBUTEID) VALUES(149,null,2,'default','Authenticated-User-Identity',126,null,26,'DTT03','Y',0,null,null,'N',21067,'no','21067:126');
INSERT INTO TBLMRADIUSDICPARAMDETAIL (DICTIONARYPARAMETERDETAILID,PARENTDETAILID,DICTIONARYID,ALIAS,NAME,VENDORPARAMETERID,PREDEFINEDVALUES,RADIUSRFCDICTIONARYPARAMETERID,DATATYPEID,VENDORPARAMETEROVERIDDEN,DICTIONARYNUMBER,USAGETYPE,NETWORKFILTERSUPPORT,AVPAIR,VENDORID,HASTAG,ATTRIBUTEID) VALUES(150,null,2,'default','Packet-Type',127,null,26,'DTT01','Y',0,null,null,'N',21067,'no','21067:127');
INSERT INTO TBLMRADIUSDICPARAMDETAIL (DICTIONARYPARAMETERDETAILID,PARENTDETAILID,DICTIONARYID,ALIAS,NAME,VENDORPARAMETERID,PREDEFINEDVALUES,RADIUSRFCDICTIONARYPARAMETERID,DATATYPEID,VENDORPARAMETEROVERIDDEN,DICTIONARYNUMBER,USAGETYPE,NETWORKFILTERSUPPORT,AVPAIR,VENDORID,HASTAG,ATTRIBUTEID) VALUES(151,null,2,'default','Response-Time',128,null,26,'DTT01','Y',0,null,null,'N',21067,'no','21067:128');
INSERT INTO TBLMRADIUSDICPARAMDETAIL (DICTIONARYPARAMETERDETAILID,PARENTDETAILID,DICTIONARYID,ALIAS,NAME,VENDORPARAMETERID,PREDEFINEDVALUES,RADIUSRFCDICTIONARYPARAMETERID,DATATYPEID,VENDORPARAMETEROVERIDDEN,DICTIONARYNUMBER,USAGETYPE,NETWORKFILTERSUPPORT,AVPAIR,VENDORID,HASTAG,ATTRIBUTEID) VALUES(152,null,2,'default','Satisfied-Policies',129,null,26,'DTT03','Y',0,null,null,'N',21067,'no','21067:129');
INSERT INTO TBLMRADIUSDICPARAMDETAIL (DICTIONARYPARAMETERDETAILID,PARENTDETAILID,DICTIONARYID,ALIAS,NAME,VENDORPARAMETERID,PREDEFINEDVALUES,RADIUSRFCDICTIONARYPARAMETERID,DATATYPEID,VENDORPARAMETEROVERIDDEN,DICTIONARYNUMBER,USAGETYPE,NETWORKFILTERSUPPORT,AVPAIR,VENDORID,HASTAG,ATTRIBUTEID) VALUES(153,null,2,'default','Group-Bandwidth',130,null,26,'DTT01','Y',0,null,null,'N',21067,'no','21067:130');
INSERT INTO TBLMRADIUSDICPARAMDETAIL (DICTIONARYPARAMETERDETAILID,PARENTDETAILID,DICTIONARYID,ALIAS,NAME,VENDORPARAMETERID,PREDEFINEDVALUES,RADIUSRFCDICTIONARYPARAMETERID,DATATYPEID,VENDORPARAMETEROVERIDDEN,DICTIONARYNUMBER,USAGETYPE,NETWORKFILTERSUPPORT,AVPAIR,VENDORID,HASTAG,ATTRIBUTEID) VALUES(154,null,2,'default','Satisfied-hotline-Policies',142,null,26,'DTT03','Y',0,null,null,'N',21067,'no','21067:142');
INSERT INTO TBLMRADIUSDICPARAMDETAIL (DICTIONARYPARAMETERDETAILID,PARENTDETAILID,DICTIONARYID,ALIAS,NAME,VENDORPARAMETERID,PREDEFINEDVALUES,RADIUSRFCDICTIONARYPARAMETERID,DATATYPEID,VENDORPARAMETEROVERIDDEN,DICTIONARYNUMBER,USAGETYPE,NETWORKFILTERSUPPORT,AVPAIR,VENDORID,HASTAG,ATTRIBUTEID) VALUES(155,null,2,'default','Satisfied-Service-Policy',141,null,26,'DTT03','Y',0,null,null,'N',21067,'no','21067:141');
INSERT INTO TBLMRADIUSDICPARAMDETAIL (DICTIONARYPARAMETERDETAILID,PARENTDETAILID,DICTIONARYID,ALIAS,NAME,VENDORPARAMETERID,PREDEFINEDVALUES,RADIUSRFCDICTIONARYPARAMETERID,DATATYPEID,VENDORPARAMETEROVERIDDEN,DICTIONARYNUMBER,USAGETYPE,NETWORKFILTERSUPPORT,AVPAIR,VENDORID,HASTAG,ATTRIBUTEID) VALUES(156,null,2,'default','Server-Instance-Id',143,null,26,'DTT03','Y',0,null,null,'N',21067,'no','21067:143');
INSERT INTO TBLMRADIUSDICPARAMDETAIL (DICTIONARYPARAMETERDETAILID,PARENTDETAILID,DICTIONARYID,ALIAS,NAME,VENDORPARAMETERID,PREDEFINEDVALUES,RADIUSRFCDICTIONARYPARAMETERID,DATATYPEID,VENDORPARAMETEROVERIDDEN,DICTIONARYNUMBER,USAGETYPE,NETWORKFILTERSUPPORT,AVPAIR,VENDORID,HASTAG,ATTRIBUTEID) VALUES(157,null,2,'default','PPAC-AVPair',131,null,26,'DTT03','Y',0,null,null,'N',21067,'no','21067:131');
INSERT INTO TBLMRADIUSDICPARAMDETAIL (DICTIONARYPARAMETERDETAILID,PARENTDETAILID,DICTIONARYID,ALIAS,NAME,VENDORPARAMETERID,PREDEFINEDVALUES,RADIUSRFCDICTIONARYPARAMETERID,DATATYPEID,VENDORPARAMETEROVERIDDEN,DICTIONARYNUMBER,USAGETYPE,NETWORKFILTERSUPPORT,AVPAIR,VENDORID,HASTAG,ATTRIBUTEID) VALUES(158,null,2,'default','PPAQ-AVPair',132,null,26,'DTT03','Y',0,null,null,'N',21067,'no','21067:132');
INSERT INTO TBLMRADIUSDICPARAMDETAIL (DICTIONARYPARAMETERDETAILID,PARENTDETAILID,DICTIONARYID,ALIAS,NAME,VENDORPARAMETERID,PREDEFINEDVALUES,RADIUSRFCDICTIONARYPARAMETERID,DATATYPEID,VENDORPARAMETEROVERIDDEN,DICTIONARYNUMBER,USAGETYPE,NETWORKFILTERSUPPORT,AVPAIR,VENDORID,HASTAG,ATTRIBUTEID) VALUES(159,null,2,'default','PTS-AVPair',133,null,26,'DTT03','Y',0,null,null,'N',21067,'no','21067:133');
INSERT INTO TBLMRADIUSDICPARAMDETAIL (DICTIONARYPARAMETERDETAILID,PARENTDETAILID,DICTIONARYID,ALIAS,NAME,VENDORPARAMETERID,PREDEFINEDVALUES,RADIUSRFCDICTIONARYPARAMETERID,DATATYPEID,VENDORPARAMETEROVERIDDEN,DICTIONARYNUMBER,USAGETYPE,NETWORKFILTERSUPPORT,AVPAIR,VENDORID,HASTAG,ATTRIBUTEID) VALUES(160,null,2,'default','Concurrent-Login-Policy-Name',144,null,26,'DTT03','Y',0,null,null,'N',21067,'no','21067:144');
INSERT INTO TBLMRADIUSDICPARAMDETAIL (DICTIONARYPARAMETERDETAILID,PARENTDETAILID,DICTIONARYID,ALIAS,NAME,VENDORPARAMETERID,PREDEFINEDVALUES,RADIUSRFCDICTIONARYPARAMETERID,DATATYPEID,VENDORPARAMETEROVERIDDEN,DICTIONARYNUMBER,USAGETYPE,NETWORKFILTERSUPPORT,AVPAIR,VENDORID,HASTAG,ATTRIBUTEID) VALUES(161,null,2,'default','Framed-Pool-Name',145,null,26,'DTT03','Y',0,null,null,'N',21067,'no','21067:145');
INSERT INTO TBLMRADIUSDICPARAMDETAIL (DICTIONARYPARAMETERDETAILID,PARENTDETAILID,DICTIONARYID,ALIAS,NAME,VENDORPARAMETERID,PREDEFINEDVALUES,RADIUSRFCDICTIONARYPARAMETERID,DATATYPEID,VENDORPARAMETEROVERIDDEN,DICTIONARYNUMBER,USAGETYPE,NETWORKFILTERSUPPORT,AVPAIR,VENDORID,HASTAG,ATTRIBUTEID) VALUES(162,null,2,'default','Elitecore-Acct-Total-Used-Units',200,null,26,'DTT03','Y',0,null,null,'N',21067,'no','21067:200');
INSERT INTO TBLMRADIUSDICPARAMDETAIL (DICTIONARYPARAMETERDETAILID,PARENTDETAILID,DICTIONARYID,ALIAS,NAME,VENDORPARAMETERID,PREDEFINEDVALUES,RADIUSRFCDICTIONARYPARAMETERID,DATATYPEID,VENDORPARAMETEROVERIDDEN,DICTIONARYNUMBER,USAGETYPE,NETWORKFILTERSUPPORT,AVPAIR,VENDORID,HASTAG,ATTRIBUTEID) VALUES(163,null,2,'default','Elitecore-Acct-Input-Octates',201,null,26,'DTT03','Y',0,null,null,'N',21067,'no','21067:201');
INSERT INTO TBLMRADIUSDICPARAMDETAIL (DICTIONARYPARAMETERDETAILID,PARENTDETAILID,DICTIONARYID,ALIAS,NAME,VENDORPARAMETERID,PREDEFINEDVALUES,RADIUSRFCDICTIONARYPARAMETERID,DATATYPEID,VENDORPARAMETEROVERIDDEN,DICTIONARYNUMBER,USAGETYPE,NETWORKFILTERSUPPORT,AVPAIR,VENDORID,HASTAG,ATTRIBUTEID) VALUES(164,null,2,'default','Elitecore-Acct-Output-Octates',202,null,26,'DTT03','Y',0,null,null,'N',21067,'no','21067:202');
INSERT INTO TBLMRADIUSDICPARAMDETAIL (DICTIONARYPARAMETERDETAILID,PARENTDETAILID,DICTIONARYID,ALIAS,NAME,VENDORPARAMETERID,PREDEFINEDVALUES,RADIUSRFCDICTIONARYPARAMETERID,DATATYPEID,VENDORPARAMETEROVERIDDEN,DICTIONARYNUMBER,USAGETYPE,NETWORKFILTERSUPPORT,AVPAIR,VENDORID,HASTAG,ATTRIBUTEID) VALUES(165,null,2,'default','Elitecore-Time-Quota-Threshold',203,null,26,'DTT01','Y',0,null,null,'N',21067,'no','21067:203');
INSERT INTO TBLMRADIUSDICPARAMDETAIL (DICTIONARYPARAMETERDETAILID,PARENTDETAILID,DICTIONARYID,ALIAS,NAME,VENDORPARAMETERID,PREDEFINEDVALUES,RADIUSRFCDICTIONARYPARAMETERID,DATATYPEID,VENDORPARAMETEROVERIDDEN,DICTIONARYNUMBER,USAGETYPE,NETWORKFILTERSUPPORT,AVPAIR,VENDORID,HASTAG,ATTRIBUTEID) VALUES(166,null,2,'default','Elitecore-NAI-Decoration',204,null,26,'DTT03','Y',0,null,null,'N',21067,'no','21067:204');
commit;

--<Wimax Dictionary>--
INSERT INTO TBLMRADIUSDICPARAMDETAIL (DICTIONARYPARAMETERDETAILID,PARENTDETAILID,DICTIONARYID,ALIAS,NAME,VENDORPARAMETERID,PREDEFINEDVALUES,RADIUSRFCDICTIONARYPARAMETERID,DATATYPEID,VENDORPARAMETEROVERIDDEN,DICTIONARYNUMBER,USAGETYPE,NETWORKFILTERSUPPORT,AVPAIR,VENDORID,HASTAG,ATTRIBUTEID) VALUES(167,null,3,'default','Wimax-Capability',1,null,26,'DTT11','Y',0,null,null,'N',24757,'no','24757:1');
INSERT INTO TBLMRADIUSDICPARAMDETAIL (DICTIONARYPARAMETERDETAILID,PARENTDETAILID,DICTIONARYID,ALIAS,NAME,VENDORPARAMETERID,PREDEFINEDVALUES,RADIUSRFCDICTIONARYPARAMETERID,DATATYPEID,VENDORPARAMETEROVERIDDEN,DICTIONARYNUMBER,USAGETYPE,NETWORKFILTERSUPPORT,AVPAIR,VENDORID,HASTAG,ATTRIBUTEID) VALUES(168,167,3,'default','WiMAX Release',1,null,26,'DTT10','Y',0,null,null,'N',24757,'no','24757:1:1');
INSERT INTO TBLMRADIUSDICPARAMDETAIL (DICTIONARYPARAMETERDETAILID,PARENTDETAILID,DICTIONARYID,ALIAS,NAME,VENDORPARAMETERID,PREDEFINEDVALUES,RADIUSRFCDICTIONARYPARAMETERID,DATATYPEID,VENDORPARAMETEROVERIDDEN,DICTIONARYNUMBER,USAGETYPE,NETWORKFILTERSUPPORT,AVPAIR,VENDORID,HASTAG,ATTRIBUTEID) VALUES(169,167,3,'default','Accounting Capabilities',2,null,26,'DTT38','Y',0,null,null,'N',24757,'no','24757:1:2');
INSERT INTO TBLMRADIUSDICPARAMDETAIL (DICTIONARYPARAMETERDETAILID,PARENTDETAILID,DICTIONARYID,ALIAS,NAME,VENDORPARAMETERID,PREDEFINEDVALUES,RADIUSRFCDICTIONARYPARAMETERID,DATATYPEID,VENDORPARAMETEROVERIDDEN,DICTIONARYNUMBER,USAGETYPE,NETWORKFILTERSUPPORT,AVPAIR,VENDORID,HASTAG,ATTRIBUTEID) VALUES(170,167,3,'default','Hotlining Capabilities',3,null,26,'DTT38','Y',0,null,null,'N',24757,'no','24757:1:3');
INSERT INTO TBLMRADIUSDICPARAMDETAIL (DICTIONARYPARAMETERDETAILID,PARENTDETAILID,DICTIONARYID,ALIAS,NAME,VENDORPARAMETERID,PREDEFINEDVALUES,RADIUSRFCDICTIONARYPARAMETERID,DATATYPEID,VENDORPARAMETEROVERIDDEN,DICTIONARYNUMBER,USAGETYPE,NETWORKFILTERSUPPORT,AVPAIR,VENDORID,HASTAG,ATTRIBUTEID) VALUES(171,167,3,'default','Idle Mode Notification Capabilities',4,null,26,'DTT38','Y',0,null,null,'N',24757,'no','24757:1:4');
INSERT INTO TBLMRADIUSDICPARAMDETAIL (DICTIONARYPARAMETERDETAILID,PARENTDETAILID,DICTIONARYID,ALIAS,NAME,VENDORPARAMETERID,PREDEFINEDVALUES,RADIUSRFCDICTIONARYPARAMETERID,DATATYPEID,VENDORPARAMETEROVERIDDEN,DICTIONARYNUMBER,USAGETYPE,NETWORKFILTERSUPPORT,AVPAIR,VENDORID,HASTAG,ATTRIBUTEID) VALUES(172,null,3,'default','GMT-Timezone-offset',3,null,26,'DTT01','Y',0,null,null,'N',24757,'no','24757:3');
INSERT INTO TBLMRADIUSDICPARAMDETAIL (DICTIONARYPARAMETERDETAILID,PARENTDETAILID,DICTIONARYID,ALIAS,NAME,VENDORPARAMETERID,PREDEFINEDVALUES,RADIUSRFCDICTIONARYPARAMETERID,DATATYPEID,VENDORPARAMETEROVERIDDEN,DICTIONARYNUMBER,USAGETYPE,NETWORKFILTERSUPPORT,AVPAIR,VENDORID,HASTAG,ATTRIBUTEID) VALUES(173,null,3,'default','AAA-Session-ID',4,null,26,'DTT10','Y',0,null,null,'N',24757,'no','24757:4');
INSERT INTO TBLMRADIUSDICPARAMDETAIL (DICTIONARYPARAMETERDETAILID,PARENTDETAILID,DICTIONARYID,ALIAS,NAME,VENDORPARAMETERID,PREDEFINEDVALUES,RADIUSRFCDICTIONARYPARAMETERID,DATATYPEID,VENDORPARAMETEROVERIDDEN,DICTIONARYNUMBER,USAGETYPE,NETWORKFILTERSUPPORT,AVPAIR,VENDORID,HASTAG,ATTRIBUTEID) VALUES(174,null,3,'default','MSK',5,null,26,'DTT10','Y',0,null,null,'N',24757,'no','24757:5');
INSERT INTO TBLMRADIUSDICPARAMDETAIL (DICTIONARYPARAMETERDETAILID,PARENTDETAILID,DICTIONARYID,ALIAS,NAME,VENDORPARAMETERID,PREDEFINEDVALUES,RADIUSRFCDICTIONARYPARAMETERID,DATATYPEID,VENDORPARAMETEROVERIDDEN,DICTIONARYNUMBER,USAGETYPE,NETWORKFILTERSUPPORT,AVPAIR,VENDORID,HASTAG,ATTRIBUTEID) VALUES(175,null,3,'default','HA-IP-MIP4',6,null,26,'DTT07','Y',0,null,null,'N',24757,'no','24757:6');
INSERT INTO TBLMRADIUSDICPARAMDETAIL (DICTIONARYPARAMETERDETAILID,PARENTDETAILID,DICTIONARYID,ALIAS,NAME,VENDORPARAMETERID,PREDEFINEDVALUES,RADIUSRFCDICTIONARYPARAMETERID,DATATYPEID,VENDORPARAMETEROVERIDDEN,DICTIONARYNUMBER,USAGETYPE,NETWORKFILTERSUPPORT,AVPAIR,VENDORID,HASTAG,ATTRIBUTEID) VALUES(176,null,3,'default','HA-IP-MIP6',7,null,26,'DTT07','Y',0,null,null,'N',24757,'no','24757:7');
INSERT INTO TBLMRADIUSDICPARAMDETAIL (DICTIONARYPARAMETERDETAILID,PARENTDETAILID,DICTIONARYID,ALIAS,NAME,VENDORPARAMETERID,PREDEFINEDVALUES,RADIUSRFCDICTIONARYPARAMETERID,DATATYPEID,VENDORPARAMETEROVERIDDEN,DICTIONARYNUMBER,USAGETYPE,NETWORKFILTERSUPPORT,AVPAIR,VENDORID,HASTAG,ATTRIBUTEID) VALUES(177,null,3,'default','DHCPv4-Server',8,null,26,'DTT07','Y',0,null,null,'N',24757,'no','24757:8');
INSERT INTO TBLMRADIUSDICPARAMDETAIL (DICTIONARYPARAMETERDETAILID,PARENTDETAILID,DICTIONARYID,ALIAS,NAME,VENDORPARAMETERID,PREDEFINEDVALUES,RADIUSRFCDICTIONARYPARAMETERID,DATATYPEID,VENDORPARAMETEROVERIDDEN,DICTIONARYNUMBER,USAGETYPE,NETWORKFILTERSUPPORT,AVPAIR,VENDORID,HASTAG,ATTRIBUTEID) VALUES(178,null,3,'default','DHCPv6-Server',9,null,26,'DTT07','Y',0,null,null,'N',24757,'no','24757:9');
INSERT INTO TBLMRADIUSDICPARAMDETAIL (DICTIONARYPARAMETERDETAILID,PARENTDETAILID,DICTIONARYID,ALIAS,NAME,VENDORPARAMETERID,PREDEFINEDVALUES,RADIUSRFCDICTIONARYPARAMETERID,DATATYPEID,VENDORPARAMETEROVERIDDEN,DICTIONARYNUMBER,USAGETYPE,NETWORKFILTERSUPPORT,AVPAIR,VENDORID,HASTAG,ATTRIBUTEID) VALUES(179,null,3,'default','MN-HA-MIP4-KEY',10,null,26,'DTT10','Y',0,null,null,'N',24757,'no','24757:10');
INSERT INTO TBLMRADIUSDICPARAMDETAIL (DICTIONARYPARAMETERDETAILID,PARENTDETAILID,DICTIONARYID,ALIAS,NAME,VENDORPARAMETERID,PREDEFINEDVALUES,RADIUSRFCDICTIONARYPARAMETERID,DATATYPEID,VENDORPARAMETEROVERIDDEN,DICTIONARYNUMBER,USAGETYPE,NETWORKFILTERSUPPORT,AVPAIR,VENDORID,HASTAG,ATTRIBUTEID) VALUES(180,null,3,'default','MN-HA-MIP4-SPI',11,null,26,'DTT01','Y',0,null,null,'N',24757,'no','24757:11');
INSERT INTO TBLMRADIUSDICPARAMDETAIL (DICTIONARYPARAMETERDETAILID,PARENTDETAILID,DICTIONARYID,ALIAS,NAME,VENDORPARAMETERID,PREDEFINEDVALUES,RADIUSRFCDICTIONARYPARAMETERID,DATATYPEID,VENDORPARAMETEROVERIDDEN,DICTIONARYNUMBER,USAGETYPE,NETWORKFILTERSUPPORT,AVPAIR,VENDORID,HASTAG,ATTRIBUTEID) VALUES(181,null,3,'default','MN-HA-MIP6-KEY',12,null,26,'DTT10','Y',0,null,null,'N',24757,'no','24757:12');
INSERT INTO TBLMRADIUSDICPARAMDETAIL (DICTIONARYPARAMETERDETAILID,PARENTDETAILID,DICTIONARYID,ALIAS,NAME,VENDORPARAMETERID,PREDEFINEDVALUES,RADIUSRFCDICTIONARYPARAMETERID,DATATYPEID,VENDORPARAMETEROVERIDDEN,DICTIONARYNUMBER,USAGETYPE,NETWORKFILTERSUPPORT,AVPAIR,VENDORID,HASTAG,ATTRIBUTEID) VALUES(182,null,3,'default','MN-HA-MIP6-SPI',13,null,26,'DTT01','Y',0,null,null,'N',24757,'no','24757:13');
INSERT INTO TBLMRADIUSDICPARAMDETAIL (DICTIONARYPARAMETERDETAILID,PARENTDETAILID,DICTIONARYID,ALIAS,NAME,VENDORPARAMETERID,PREDEFINEDVALUES,RADIUSRFCDICTIONARYPARAMETERID,DATATYPEID,VENDORPARAMETEROVERIDDEN,DICTIONARYNUMBER,USAGETYPE,NETWORKFILTERSUPPORT,AVPAIR,VENDORID,HASTAG,ATTRIBUTEID) VALUES(183,null,3,'default','FA-RK-KEY',14,null,26,'DTT10','Y',0,null,null,'N',24757,'no','24757:14');
INSERT INTO TBLMRADIUSDICPARAMDETAIL (DICTIONARYPARAMETERDETAILID,PARENTDETAILID,DICTIONARYID,ALIAS,NAME,VENDORPARAMETERID,PREDEFINEDVALUES,RADIUSRFCDICTIONARYPARAMETERID,DATATYPEID,VENDORPARAMETEROVERIDDEN,DICTIONARYNUMBER,USAGETYPE,NETWORKFILTERSUPPORT,AVPAIR,VENDORID,HASTAG,ATTRIBUTEID) VALUES(184,null,3,'default','HA-RK-KEY',15,null,26,'DTT10','Y',0,null,null,'N',24757,'no','24757:15');
INSERT INTO TBLMRADIUSDICPARAMDETAIL (DICTIONARYPARAMETERDETAILID,PARENTDETAILID,DICTIONARYID,ALIAS,NAME,VENDORPARAMETERID,PREDEFINEDVALUES,RADIUSRFCDICTIONARYPARAMETERID,DATATYPEID,VENDORPARAMETEROVERIDDEN,DICTIONARYNUMBER,USAGETYPE,NETWORKFILTERSUPPORT,AVPAIR,VENDORID,HASTAG,ATTRIBUTEID) VALUES(185,null,3,'default','HA-RK-SPI',16,null,26,'DTT01','Y',0,null,null,'N',24757,'no','24757:16');
INSERT INTO TBLMRADIUSDICPARAMDETAIL (DICTIONARYPARAMETERDETAILID,PARENTDETAILID,DICTIONARYID,ALIAS,NAME,VENDORPARAMETERID,PREDEFINEDVALUES,RADIUSRFCDICTIONARYPARAMETERID,DATATYPEID,VENDORPARAMETEROVERIDDEN,DICTIONARYNUMBER,USAGETYPE,NETWORKFILTERSUPPORT,AVPAIR,VENDORID,HASTAG,ATTRIBUTEID) VALUES(186,null,3,'default','HA-RK-Lifetime',17,null,26,'DTT01','Y',0,null,null,'N',24757,'no','24757:17');
INSERT INTO TBLMRADIUSDICPARAMDETAIL (DICTIONARYPARAMETERDETAILID,PARENTDETAILID,DICTIONARYID,ALIAS,NAME,VENDORPARAMETERID,PREDEFINEDVALUES,RADIUSRFCDICTIONARYPARAMETERID,DATATYPEID,VENDORPARAMETEROVERIDDEN,DICTIONARYNUMBER,USAGETYPE,NETWORKFILTERSUPPORT,AVPAIR,VENDORID,HASTAG,ATTRIBUTEID) VALUES(187,null,3,'default','RRQ-HA-IP',18,null,26,'DTT07','Y',0,null,null,'N',24757,'no','24757:18');
INSERT INTO TBLMRADIUSDICPARAMDETAIL (DICTIONARYPARAMETERDETAILID,PARENTDETAILID,DICTIONARYID,ALIAS,NAME,VENDORPARAMETERID,PREDEFINEDVALUES,RADIUSRFCDICTIONARYPARAMETERID,DATATYPEID,VENDORPARAMETEROVERIDDEN,DICTIONARYNUMBER,USAGETYPE,NETWORKFILTERSUPPORT,AVPAIR,VENDORID,HASTAG,ATTRIBUTEID) VALUES(188,null,3,'default','RRQ-MN-HA-KEY',19,null,26,'DTT10','Y',0,null,null,'N',24757,'no','24757:19');
INSERT INTO TBLMRADIUSDICPARAMDETAIL (DICTIONARYPARAMETERDETAILID,PARENTDETAILID,DICTIONARYID,ALIAS,NAME,VENDORPARAMETERID,PREDEFINEDVALUES,RADIUSRFCDICTIONARYPARAMETERID,DATATYPEID,VENDORPARAMETEROVERIDDEN,DICTIONARYNUMBER,USAGETYPE,NETWORKFILTERSUPPORT,AVPAIR,VENDORID,HASTAG,ATTRIBUTEID) VALUES(189,null,3,'default','Time-Of-Day-Time',20,null,26,'DTT11','Y',0,null,null,'N',24757,'no','24757:20');
INSERT INTO TBLMRADIUSDICPARAMDETAIL (DICTIONARYPARAMETERDETAILID,PARENTDETAILID,DICTIONARYID,ALIAS,NAME,VENDORPARAMETERID,PREDEFINEDVALUES,RADIUSRFCDICTIONARYPARAMETERID,DATATYPEID,VENDORPARAMETEROVERIDDEN,DICTIONARYNUMBER,USAGETYPE,NETWORKFILTERSUPPORT,AVPAIR,VENDORID,HASTAG,ATTRIBUTEID) VALUES(190,189,3,'default','Hour',1,null,26,'DTT38','Y',0,null,null,'N',24757,'no','24757:20:1');
INSERT INTO TBLMRADIUSDICPARAMDETAIL (DICTIONARYPARAMETERDETAILID,PARENTDETAILID,DICTIONARYID,ALIAS,NAME,VENDORPARAMETERID,PREDEFINEDVALUES,RADIUSRFCDICTIONARYPARAMETERID,DATATYPEID,VENDORPARAMETEROVERIDDEN,DICTIONARYNUMBER,USAGETYPE,NETWORKFILTERSUPPORT,AVPAIR,VENDORID,HASTAG,ATTRIBUTEID) VALUES(191,189,3,'default','Minute',2,null,26,'DTT38','Y',0,null,null,'N',24757,'no','24757:20:2');
INSERT INTO TBLMRADIUSDICPARAMDETAIL (DICTIONARYPARAMETERDETAILID,PARENTDETAILID,DICTIONARYID,ALIAS,NAME,VENDORPARAMETERID,PREDEFINEDVALUES,RADIUSRFCDICTIONARYPARAMETERID,DATATYPEID,VENDORPARAMETEROVERIDDEN,DICTIONARYNUMBER,USAGETYPE,NETWORKFILTERSUPPORT,AVPAIR,VENDORID,HASTAG,ATTRIBUTEID) VALUES(192,189,3,'default','UTC Offset',3,null,26,'DTT01','Y',0,null,null,'N',24757,'no','24757:20:3');
INSERT INTO TBLMRADIUSDICPARAMDETAIL (DICTIONARYPARAMETERDETAILID,PARENTDETAILID,DICTIONARYID,ALIAS,NAME,VENDORPARAMETERID,PREDEFINEDVALUES,RADIUSRFCDICTIONARYPARAMETERID,DATATYPEID,VENDORPARAMETEROVERIDDEN,DICTIONARYNUMBER,USAGETYPE,NETWORKFILTERSUPPORT,AVPAIR,VENDORID,HASTAG,ATTRIBUTEID) VALUES(193,null,3,'default','Session-Continue',21,null,26,'DTT01','Y',0,null,null,'N',24757,'no','24757:21');
INSERT INTO TBLMRADIUSDICPARAMDETAIL (DICTIONARYPARAMETERDETAILID,PARENTDETAILID,DICTIONARYID,ALIAS,NAME,VENDORPARAMETERID,PREDEFINEDVALUES,RADIUSRFCDICTIONARYPARAMETERID,DATATYPEID,VENDORPARAMETEROVERIDDEN,DICTIONARYNUMBER,USAGETYPE,NETWORKFILTERSUPPORT,AVPAIR,VENDORID,HASTAG,ATTRIBUTEID) VALUES(194,null,3,'default','Beginning of Session',22,null,26,'DTT01','Y',0,null,null,'N',24757,'no','24757:22');
INSERT INTO TBLMRADIUSDICPARAMDETAIL (DICTIONARYPARAMETERDETAILID,PARENTDETAILID,DICTIONARYID,ALIAS,NAME,VENDORPARAMETERID,PREDEFINEDVALUES,RADIUSRFCDICTIONARYPARAMETERID,DATATYPEID,VENDORPARAMETEROVERIDDEN,DICTIONARYNUMBER,USAGETYPE,NETWORKFILTERSUPPORT,AVPAIR,VENDORID,HASTAG,ATTRIBUTEID) VALUES(195,null,3,'default','IP-Technology',23,'PMIP4:2,CMIP4:3,CMIP6:4,Ethernet-CS:5',26,'DTT01','Y',0,null,null,'N',24757,'no','24757:23');
INSERT INTO TBLMRADIUSDICPARAMDETAIL (DICTIONARYPARAMETERDETAILID,PARENTDETAILID,DICTIONARYID,ALIAS,NAME,VENDORPARAMETERID,PREDEFINEDVALUES,RADIUSRFCDICTIONARYPARAMETERID,DATATYPEID,VENDORPARAMETEROVERIDDEN,DICTIONARYNUMBER,USAGETYPE,NETWORKFILTERSUPPORT,AVPAIR,VENDORID,HASTAG,ATTRIBUTEID) VALUES(196,null,3,'default','Hotline Indicator',24,null,26,'DTT03','Y',0,null,null,'N',24757,'no','24757:24');
INSERT INTO TBLMRADIUSDICPARAMDETAIL (DICTIONARYPARAMETERDETAILID,PARENTDETAILID,DICTIONARYID,ALIAS,NAME,VENDORPARAMETERID,PREDEFINEDVALUES,RADIUSRFCDICTIONARYPARAMETERID,DATATYPEID,VENDORPARAMETEROVERIDDEN,DICTIONARYNUMBER,USAGETYPE,NETWORKFILTERSUPPORT,AVPAIR,VENDORID,HASTAG,ATTRIBUTEID) VALUES(197,null,3,'default','Prepaid Indicator',25,null,26,'DTT38','Y',0,null,null,'N',24757,'no','24757:25');
INSERT INTO TBLMRADIUSDICPARAMDETAIL (DICTIONARYPARAMETERDETAILID,PARENTDETAILID,DICTIONARYID,ALIAS,NAME,VENDORPARAMETERID,PREDEFINEDVALUES,RADIUSRFCDICTIONARYPARAMETERID,DATATYPEID,VENDORPARAMETEROVERIDDEN,DICTIONARYNUMBER,USAGETYPE,NETWORKFILTERSUPPORT,AVPAIR,VENDORID,HASTAG,ATTRIBUTEID) VALUES(198,null,3,'default','PDFID',26,null,26,'DTT35','Y',0,null,null,'N',24757,'no','24757:26');
INSERT INTO TBLMRADIUSDICPARAMDETAIL (DICTIONARYPARAMETERDETAILID,PARENTDETAILID,DICTIONARYID,ALIAS,NAME,VENDORPARAMETERID,PREDEFINEDVALUES,RADIUSRFCDICTIONARYPARAMETERID,DATATYPEID,VENDORPARAMETEROVERIDDEN,DICTIONARYNUMBER,USAGETYPE,NETWORKFILTERSUPPORT,AVPAIR,VENDORID,HASTAG,ATTRIBUTEID) VALUES(199,null,3,'default','SDFID',27,null,26,'DTT35','Y',0,null,null,'N',24757,'no','24757:27');
INSERT INTO TBLMRADIUSDICPARAMDETAIL (DICTIONARYPARAMETERDETAILID,PARENTDETAILID,DICTIONARYID,ALIAS,NAME,VENDORPARAMETERID,PREDEFINEDVALUES,RADIUSRFCDICTIONARYPARAMETERID,DATATYPEID,VENDORPARAMETEROVERIDDEN,DICTIONARYNUMBER,USAGETYPE,NETWORKFILTERSUPPORT,AVPAIR,VENDORID,HASTAG,ATTRIBUTEID) VALUES(200,null,3,'default','Packet-Flow-Descriptor',28,null,26,'DTT11','Y',0,null,null,'N',24757,'no','24757:28');
INSERT INTO TBLMRADIUSDICPARAMDETAIL (DICTIONARYPARAMETERDETAILID,PARENTDETAILID,DICTIONARYID,ALIAS,NAME,VENDORPARAMETERID,PREDEFINEDVALUES,RADIUSRFCDICTIONARYPARAMETERID,DATATYPEID,VENDORPARAMETEROVERIDDEN,DICTIONARYNUMBER,USAGETYPE,NETWORKFILTERSUPPORT,AVPAIR,VENDORID,HASTAG,ATTRIBUTEID) VALUES(201,200,3,'default','PacketDataFlow-ID',1,null,26,'DTT35','Y',0,null,null,'N',24757,'no','24757:28:1');
INSERT INTO TBLMRADIUSDICPARAMDETAIL (DICTIONARYPARAMETERDETAILID,PARENTDETAILID,DICTIONARYID,ALIAS,NAME,VENDORPARAMETERID,PREDEFINEDVALUES,RADIUSRFCDICTIONARYPARAMETERID,DATATYPEID,VENDORPARAMETEROVERIDDEN,DICTIONARYNUMBER,USAGETYPE,NETWORKFILTERSUPPORT,AVPAIR,VENDORID,HASTAG,ATTRIBUTEID) VALUES(202,200,3,'default','ServiceDataFlow-ID',2,null,26,'DTT35','Y',0,null,null,'N',24757,'no','24757:28:2');
INSERT INTO TBLMRADIUSDICPARAMDETAIL (DICTIONARYPARAMETERDETAILID,PARENTDETAILID,DICTIONARYID,ALIAS,NAME,VENDORPARAMETERID,PREDEFINEDVALUES,RADIUSRFCDICTIONARYPARAMETERID,DATATYPEID,VENDORPARAMETEROVERIDDEN,DICTIONARYNUMBER,USAGETYPE,NETWORKFILTERSUPPORT,AVPAIR,VENDORID,HASTAG,ATTRIBUTEID) VALUES(203,200,3,'default','ServiceProfileID',3,null,26,'DTT01','Y',0,null,null,'N',24757,'no','24757:28:3');
INSERT INTO TBLMRADIUSDICPARAMDETAIL (DICTIONARYPARAMETERDETAILID,PARENTDETAILID,DICTIONARYID,ALIAS,NAME,VENDORPARAMETERID,PREDEFINEDVALUES,RADIUSRFCDICTIONARYPARAMETERID,DATATYPEID,VENDORPARAMETEROVERIDDEN,DICTIONARYNUMBER,USAGETYPE,NETWORKFILTERSUPPORT,AVPAIR,VENDORID,HASTAG,ATTRIBUTEID) VALUES(204,200,3,'default','Direction',4,'Uplink:1,Downlink:2,Bi-directional:3',26,'DTT38','Y',0,null,null,'N',24757,'no','24757:28:4');
INSERT INTO TBLMRADIUSDICPARAMDETAIL (DICTIONARYPARAMETERDETAILID,PARENTDETAILID,DICTIONARYID,ALIAS,NAME,VENDORPARAMETERID,PREDEFINEDVALUES,RADIUSRFCDICTIONARYPARAMETERID,DATATYPEID,VENDORPARAMETEROVERIDDEN,DICTIONARYNUMBER,USAGETYPE,NETWORKFILTERSUPPORT,AVPAIR,VENDORID,HASTAG,ATTRIBUTEID) VALUES(205,200,3,'default','ActivationTrigger',5,null,26,'DTT38','Y',0,null,null,'N',24757,'no','24757:28:5');
INSERT INTO TBLMRADIUSDICPARAMDETAIL (DICTIONARYPARAMETERDETAILID,PARENTDETAILID,DICTIONARYID,ALIAS,NAME,VENDORPARAMETERID,PREDEFINEDVALUES,RADIUSRFCDICTIONARYPARAMETERID,DATATYPEID,VENDORPARAMETEROVERIDDEN,DICTIONARYNUMBER,USAGETYPE,NETWORKFILTERSUPPORT,AVPAIR,VENDORID,HASTAG,ATTRIBUTEID) VALUES(206,200,3,'default','TransportType',6,'IPv4-CS:1,IPv6-CS:2,Ethernet:3',26,'DTT38','Y',0,null,null,'N',24757,'no','24757:28:6');
INSERT INTO TBLMRADIUSDICPARAMDETAIL (DICTIONARYPARAMETERDETAILID,PARENTDETAILID,DICTIONARYID,ALIAS,NAME,VENDORPARAMETERID,PREDEFINEDVALUES,RADIUSRFCDICTIONARYPARAMETERID,DATATYPEID,VENDORPARAMETEROVERIDDEN,DICTIONARYNUMBER,USAGETYPE,NETWORKFILTERSUPPORT,AVPAIR,VENDORID,HASTAG,ATTRIBUTEID) VALUES(207,200,3,'default','UplinkQosID',7,null,26,'DTT38','Y',0,null,null,'N',24757,'no','24757:28:7');
INSERT INTO TBLMRADIUSDICPARAMDETAIL (DICTIONARYPARAMETERDETAILID,PARENTDETAILID,DICTIONARYID,ALIAS,NAME,VENDORPARAMETERID,PREDEFINEDVALUES,RADIUSRFCDICTIONARYPARAMETERID,DATATYPEID,VENDORPARAMETEROVERIDDEN,DICTIONARYNUMBER,USAGETYPE,NETWORKFILTERSUPPORT,AVPAIR,VENDORID,HASTAG,ATTRIBUTEID) VALUES(208,200,3,'default','DownlinkQoSID',8,null,26,'DTT38','Y',0,null,null,'N',24757,'no','24757:28:8');
INSERT INTO TBLMRADIUSDICPARAMDETAIL (DICTIONARYPARAMETERDETAILID,PARENTDETAILID,DICTIONARYID,ALIAS,NAME,VENDORPARAMETERID,PREDEFINEDVALUES,RADIUSRFCDICTIONARYPARAMETERID,DATATYPEID,VENDORPARAMETEROVERIDDEN,DICTIONARYNUMBER,USAGETYPE,NETWORKFILTERSUPPORT,AVPAIR,VENDORID,HASTAG,ATTRIBUTEID) VALUES(209,200,3,'default','UplinkClassifier',9,null,26,'DTT03','Y',0,null,null,'N',24757,'no','24757:28:9');
INSERT INTO TBLMRADIUSDICPARAMDETAIL (DICTIONARYPARAMETERDETAILID,PARENTDETAILID,DICTIONARYID,ALIAS,NAME,VENDORPARAMETERID,PREDEFINEDVALUES,RADIUSRFCDICTIONARYPARAMETERID,DATATYPEID,VENDORPARAMETEROVERIDDEN,DICTIONARYNUMBER,USAGETYPE,NETWORKFILTERSUPPORT,AVPAIR,VENDORID,HASTAG,ATTRIBUTEID) VALUES(210,200,3,'default','DownlinkClassifier',10,null,26,'DTT03','Y',0,null,null,'N',24757,'no','24757:28:10');
INSERT INTO TBLMRADIUSDICPARAMDETAIL (DICTIONARYPARAMETERDETAILID,PARENTDETAILID,DICTIONARYID,ALIAS,NAME,VENDORPARAMETERID,PREDEFINEDVALUES,RADIUSRFCDICTIONARYPARAMETERID,DATATYPEID,VENDORPARAMETEROVERIDDEN,DICTIONARYNUMBER,USAGETYPE,NETWORKFILTERSUPPORT,AVPAIR,VENDORID,HASTAG,ATTRIBUTEID) VALUES(211,200,3,'default','Classifier',11,null,26,'DTT11','Y',0,null,null,'N',24757,'no','24757:28:11');
INSERT INTO TBLMRADIUSDICPARAMDETAIL (DICTIONARYPARAMETERDETAILID,PARENTDETAILID,DICTIONARYID,ALIAS,NAME,VENDORPARAMETERID,PREDEFINEDVALUES,RADIUSRFCDICTIONARYPARAMETERID,DATATYPEID,VENDORPARAMETEROVERIDDEN,DICTIONARYNUMBER,USAGETYPE,NETWORKFILTERSUPPORT,AVPAIR,VENDORID,HASTAG,ATTRIBUTEID) VALUES(212,211,3,'default','Classifier ID',1,null,26,'DTT38','Y',0,null,null,'N',24757,'no','24757:28:11:1');
INSERT INTO TBLMRADIUSDICPARAMDETAIL (DICTIONARYPARAMETERDETAILID,PARENTDETAILID,DICTIONARYID,ALIAS,NAME,VENDORPARAMETERID,PREDEFINEDVALUES,RADIUSRFCDICTIONARYPARAMETERID,DATATYPEID,VENDORPARAMETEROVERIDDEN,DICTIONARYNUMBER,USAGETYPE,NETWORKFILTERSUPPORT,AVPAIR,VENDORID,HASTAG,ATTRIBUTEID) VALUES(213,211,3,'default','Priority',2,null,26,'DTT38','Y',0,null,null,'N',24757,'no','24757:28:11:2');
INSERT INTO TBLMRADIUSDICPARAMDETAIL (DICTIONARYPARAMETERDETAILID,PARENTDETAILID,DICTIONARYID,ALIAS,NAME,VENDORPARAMETERID,PREDEFINEDVALUES,RADIUSRFCDICTIONARYPARAMETERID,DATATYPEID,VENDORPARAMETEROVERIDDEN,DICTIONARYNUMBER,USAGETYPE,NETWORKFILTERSUPPORT,AVPAIR,VENDORID,HASTAG,ATTRIBUTEID) VALUES(214,211,3,'default','Protocol',3,null,26,'DTT38','Y',0,null,null,'N',24757,'no','24757:28:11:3');
INSERT INTO TBLMRADIUSDICPARAMDETAIL (DICTIONARYPARAMETERDETAILID,PARENTDETAILID,DICTIONARYID,ALIAS,NAME,VENDORPARAMETERID,PREDEFINEDVALUES,RADIUSRFCDICTIONARYPARAMETERID,DATATYPEID,VENDORPARAMETEROVERIDDEN,DICTIONARYNUMBER,USAGETYPE,NETWORKFILTERSUPPORT,AVPAIR,VENDORID,HASTAG,ATTRIBUTEID) VALUES(215,211,3,'default','Direction',4,null,26,'DTT38','Y',0,null,null,'N',24757,'no','24757:28:11:4');
INSERT INTO TBLMRADIUSDICPARAMDETAIL (DICTIONARYPARAMETERDETAILID,PARENTDETAILID,DICTIONARYID,ALIAS,NAME,VENDORPARAMETERID,PREDEFINEDVALUES,RADIUSRFCDICTIONARYPARAMETERID,DATATYPEID,VENDORPARAMETEROVERIDDEN,DICTIONARYNUMBER,USAGETYPE,NETWORKFILTERSUPPORT,AVPAIR,VENDORID,HASTAG,ATTRIBUTEID) VALUES(216,211,3,'default','Source Specification',5,null,26,'DTT11','Y',0,null,null,'N',24757,'no','24757:28:11:5');
INSERT INTO TBLMRADIUSDICPARAMDETAIL (DICTIONARYPARAMETERDETAILID,PARENTDETAILID,DICTIONARYID,ALIAS,NAME,VENDORPARAMETERID,PREDEFINEDVALUES,RADIUSRFCDICTIONARYPARAMETERID,DATATYPEID,VENDORPARAMETEROVERIDDEN,DICTIONARYNUMBER,USAGETYPE,NETWORKFILTERSUPPORT,AVPAIR,VENDORID,HASTAG,ATTRIBUTEID) VALUES(217,216,3,'default','IP Address',1,null,26,'DTT07','Y',0,null,null,'N',24757,'no','24757:28:11:5:1');
INSERT INTO TBLMRADIUSDICPARAMDETAIL (DICTIONARYPARAMETERDETAILID,PARENTDETAILID,DICTIONARYID,ALIAS,NAME,VENDORPARAMETERID,PREDEFINEDVALUES,RADIUSRFCDICTIONARYPARAMETERID,DATATYPEID,VENDORPARAMETEROVERIDDEN,DICTIONARYNUMBER,USAGETYPE,NETWORKFILTERSUPPORT,AVPAIR,VENDORID,HASTAG,ATTRIBUTEID) VALUES(218,216,3,'default','IP Address Range',2,null,26,'DTT10','Y',0,null,null,'N',24757,'no','24757:28:11:5:2');
INSERT INTO TBLMRADIUSDICPARAMDETAIL (DICTIONARYPARAMETERDETAILID,PARENTDETAILID,DICTIONARYID,ALIAS,NAME,VENDORPARAMETERID,PREDEFINEDVALUES,RADIUSRFCDICTIONARYPARAMETERID,DATATYPEID,VENDORPARAMETEROVERIDDEN,DICTIONARYNUMBER,USAGETYPE,NETWORKFILTERSUPPORT,AVPAIR,VENDORID,HASTAG,ATTRIBUTEID) VALUES(219,216,3,'default','IP Address Mask',3,null,26,'DTT10','Y',0,null,null,'N',24757,'no','24757:28:11:5:3');
INSERT INTO TBLMRADIUSDICPARAMDETAIL (DICTIONARYPARAMETERDETAILID,PARENTDETAILID,DICTIONARYID,ALIAS,NAME,VENDORPARAMETERID,PREDEFINEDVALUES,RADIUSRFCDICTIONARYPARAMETERID,DATATYPEID,VENDORPARAMETEROVERIDDEN,DICTIONARYNUMBER,USAGETYPE,NETWORKFILTERSUPPORT,AVPAIR,VENDORID,HASTAG,ATTRIBUTEID) VALUES(220,216,3,'default','Port',4,null,26,'DTT35','Y',0,null,null,'N',24757,'no','24757:28:11:5:4');
INSERT INTO TBLMRADIUSDICPARAMDETAIL (DICTIONARYPARAMETERDETAILID,PARENTDETAILID,DICTIONARYID,ALIAS,NAME,VENDORPARAMETERID,PREDEFINEDVALUES,RADIUSRFCDICTIONARYPARAMETERID,DATATYPEID,VENDORPARAMETEROVERIDDEN,DICTIONARYNUMBER,USAGETYPE,NETWORKFILTERSUPPORT,AVPAIR,VENDORID,HASTAG,ATTRIBUTEID) VALUES(221,216,3,'default','Port Range',5,null,26,'DTT01','Y',0,null,null,'N',24757,'no','24757:28:11:5:5');
INSERT INTO TBLMRADIUSDICPARAMDETAIL (DICTIONARYPARAMETERDETAILID,PARENTDETAILID,DICTIONARYID,ALIAS,NAME,VENDORPARAMETERID,PREDEFINEDVALUES,RADIUSRFCDICTIONARYPARAMETERID,DATATYPEID,VENDORPARAMETEROVERIDDEN,DICTIONARYNUMBER,USAGETYPE,NETWORKFILTERSUPPORT,AVPAIR,VENDORID,HASTAG,ATTRIBUTEID) VALUES(222,216,3,'default','Inverted',6,null,26,'DTT38','Y',0,null,null,'N',24757,'no','24757:28:11:5:6');
INSERT INTO TBLMRADIUSDICPARAMDETAIL (DICTIONARYPARAMETERDETAILID,PARENTDETAILID,DICTIONARYID,ALIAS,NAME,VENDORPARAMETERID,PREDEFINEDVALUES,RADIUSRFCDICTIONARYPARAMETERID,DATATYPEID,VENDORPARAMETEROVERIDDEN,DICTIONARYNUMBER,USAGETYPE,NETWORKFILTERSUPPORT,AVPAIR,VENDORID,HASTAG,ATTRIBUTEID) VALUES(223,216,3,'default','Assigned',7,null,26,'DTT38','Y',0,null,null,'N',24757,'no','24757:28:11:5:7');
INSERT INTO TBLMRADIUSDICPARAMDETAIL (DICTIONARYPARAMETERDETAILID,PARENTDETAILID,DICTIONARYID,ALIAS,NAME,VENDORPARAMETERID,PREDEFINEDVALUES,RADIUSRFCDICTIONARYPARAMETERID,DATATYPEID,VENDORPARAMETEROVERIDDEN,DICTIONARYNUMBER,USAGETYPE,NETWORKFILTERSUPPORT,AVPAIR,VENDORID,HASTAG,ATTRIBUTEID) VALUES(224,211,3,'default','Destination Specification',6,null,26,'DTT11','Y',0,null,null,'N',24757,'no','24757:28:11:6');
INSERT INTO TBLMRADIUSDICPARAMDETAIL (DICTIONARYPARAMETERDETAILID,PARENTDETAILID,DICTIONARYID,ALIAS,NAME,VENDORPARAMETERID,PREDEFINEDVALUES,RADIUSRFCDICTIONARYPARAMETERID,DATATYPEID,VENDORPARAMETEROVERIDDEN,DICTIONARYNUMBER,USAGETYPE,NETWORKFILTERSUPPORT,AVPAIR,VENDORID,HASTAG,ATTRIBUTEID) VALUES(225,224,3,'default','IP Address',1,null,26,'DTT07','Y',0,null,null,'N',24757,'no','24757:28:11:6:1');
INSERT INTO TBLMRADIUSDICPARAMDETAIL (DICTIONARYPARAMETERDETAILID,PARENTDETAILID,DICTIONARYID,ALIAS,NAME,VENDORPARAMETERID,PREDEFINEDVALUES,RADIUSRFCDICTIONARYPARAMETERID,DATATYPEID,VENDORPARAMETEROVERIDDEN,DICTIONARYNUMBER,USAGETYPE,NETWORKFILTERSUPPORT,AVPAIR,VENDORID,HASTAG,ATTRIBUTEID) VALUES(226,224,3,'default','IP Address Range',2,null,26,'DTT10','Y',0,null,null,'N',24757,'no','24757:28:11:6:2');
INSERT INTO TBLMRADIUSDICPARAMDETAIL (DICTIONARYPARAMETERDETAILID,PARENTDETAILID,DICTIONARYID,ALIAS,NAME,VENDORPARAMETERID,PREDEFINEDVALUES,RADIUSRFCDICTIONARYPARAMETERID,DATATYPEID,VENDORPARAMETEROVERIDDEN,DICTIONARYNUMBER,USAGETYPE,NETWORKFILTERSUPPORT,AVPAIR,VENDORID,HASTAG,ATTRIBUTEID) VALUES(227,224,3,'default','IP Address Mask',3,null,26,'DTT10','Y',0,null,null,'N',24757,'no','24757:28:11:6:3');
INSERT INTO TBLMRADIUSDICPARAMDETAIL (DICTIONARYPARAMETERDETAILID,PARENTDETAILID,DICTIONARYID,ALIAS,NAME,VENDORPARAMETERID,PREDEFINEDVALUES,RADIUSRFCDICTIONARYPARAMETERID,DATATYPEID,VENDORPARAMETEROVERIDDEN,DICTIONARYNUMBER,USAGETYPE,NETWORKFILTERSUPPORT,AVPAIR,VENDORID,HASTAG,ATTRIBUTEID) VALUES(228,224,3,'default','Port',4,null,26,'DTT35','Y',0,null,null,'N',24757,'no','24757:28:11:6:4');
INSERT INTO TBLMRADIUSDICPARAMDETAIL (DICTIONARYPARAMETERDETAILID,PARENTDETAILID,DICTIONARYID,ALIAS,NAME,VENDORPARAMETERID,PREDEFINEDVALUES,RADIUSRFCDICTIONARYPARAMETERID,DATATYPEID,VENDORPARAMETEROVERIDDEN,DICTIONARYNUMBER,USAGETYPE,NETWORKFILTERSUPPORT,AVPAIR,VENDORID,HASTAG,ATTRIBUTEID) VALUES(229,224,3,'default','Port Range',5,null,26,'DTT01','Y',0,null,null,'N',24757,'no','24757:28:11:6:5');
INSERT INTO TBLMRADIUSDICPARAMDETAIL (DICTIONARYPARAMETERDETAILID,PARENTDETAILID,DICTIONARYID,ALIAS,NAME,VENDORPARAMETERID,PREDEFINEDVALUES,RADIUSRFCDICTIONARYPARAMETERID,DATATYPEID,VENDORPARAMETEROVERIDDEN,DICTIONARYNUMBER,USAGETYPE,NETWORKFILTERSUPPORT,AVPAIR,VENDORID,HASTAG,ATTRIBUTEID) VALUES(230,224,3,'default','Inverted',6,null,26,'DTT38','Y',0,null,null,'N',24757,'no','24757:28:11:6:6');
INSERT INTO TBLMRADIUSDICPARAMDETAIL (DICTIONARYPARAMETERDETAILID,PARENTDETAILID,DICTIONARYID,ALIAS,NAME,VENDORPARAMETERID,PREDEFINEDVALUES,RADIUSRFCDICTIONARYPARAMETERID,DATATYPEID,VENDORPARAMETEROVERIDDEN,DICTIONARYNUMBER,USAGETYPE,NETWORKFILTERSUPPORT,AVPAIR,VENDORID,HASTAG,ATTRIBUTEID) VALUES(231,224,3,'default','Assigned',7,null,26,'DTT38','Y',0,null,null,'N',24757,'no','24757:28:11:6:7');
INSERT INTO TBLMRADIUSDICPARAMDETAIL (DICTIONARYPARAMETERDETAILID,PARENTDETAILID,DICTIONARYID,ALIAS,NAME,VENDORPARAMETERID,PREDEFINEDVALUES,RADIUSRFCDICTIONARYPARAMETERID,DATATYPEID,VENDORPARAMETEROVERIDDEN,DICTIONARYNUMBER,USAGETYPE,NETWORKFILTERSUPPORT,AVPAIR,VENDORID,HASTAG,ATTRIBUTEID) VALUES(232,211,3,'default','IP Range and Mask',7,null,26,'DTT10','Y',0,null,null,'N',24757,'no','24757:28:11:7');
INSERT INTO TBLMRADIUSDICPARAMDETAIL (DICTIONARYPARAMETERDETAILID,PARENTDETAILID,DICTIONARYID,ALIAS,NAME,VENDORPARAMETERID,PREDEFINEDVALUES,RADIUSRFCDICTIONARYPARAMETERID,DATATYPEID,VENDORPARAMETEROVERIDDEN,DICTIONARYNUMBER,USAGETYPE,NETWORKFILTERSUPPORT,AVPAIR,VENDORID,HASTAG,ATTRIBUTEID) VALUES(233,211,3,'default','VLAN ID',8,null,26,'DTT35','Y',0,null,null,'N',24757,'no','24757:28:11:8');
INSERT INTO TBLMRADIUSDICPARAMDETAIL (DICTIONARYPARAMETERDETAILID,PARENTDETAILID,DICTIONARYID,ALIAS,NAME,VENDORPARAMETERID,PREDEFINEDVALUES,RADIUSRFCDICTIONARYPARAMETERID,DATATYPEID,VENDORPARAMETEROVERIDDEN,DICTIONARYNUMBER,USAGETYPE,NETWORKFILTERSUPPORT,AVPAIR,VENDORID,HASTAG,ATTRIBUTEID) VALUES(234,211,3,'default','802.1p',9,null,26,'DTT38','Y',0,null,null,'N',24757,'no','24757:28:11:9');
INSERT INTO TBLMRADIUSDICPARAMDETAIL (DICTIONARYPARAMETERDETAILID,PARENTDETAILID,DICTIONARYID,ALIAS,NAME,VENDORPARAMETERID,PREDEFINEDVALUES,RADIUSRFCDICTIONARYPARAMETERID,DATATYPEID,VENDORPARAMETEROVERIDDEN,DICTIONARYNUMBER,USAGETYPE,NETWORKFILTERSUPPORT,AVPAIR,VENDORID,HASTAG,ATTRIBUTEID) VALUES(235,null,3,'default','QoS-Descriptor',29,null,26,'DTT11','Y',0,null,null,'N',24757,'no','24757:29');
INSERT INTO TBLMRADIUSDICPARAMDETAIL (DICTIONARYPARAMETERDETAILID,PARENTDETAILID,DICTIONARYID,ALIAS,NAME,VENDORPARAMETERID,PREDEFINEDVALUES,RADIUSRFCDICTIONARYPARAMETERID,DATATYPEID,VENDORPARAMETEROVERIDDEN,DICTIONARYNUMBER,USAGETYPE,NETWORKFILTERSUPPORT,AVPAIR,VENDORID,HASTAG,ATTRIBUTEID) VALUES(236,235,3,'default','QoS ID',1,null,26,'DTT38','Y',0,null,null,'N',24757,'no','24757:29:1');
INSERT INTO TBLMRADIUSDICPARAMDETAIL (DICTIONARYPARAMETERDETAILID,PARENTDETAILID,DICTIONARYID,ALIAS,NAME,VENDORPARAMETERID,PREDEFINEDVALUES,RADIUSRFCDICTIONARYPARAMETERID,DATATYPEID,VENDORPARAMETEROVERIDDEN,DICTIONARYNUMBER,USAGETYPE,NETWORKFILTERSUPPORT,AVPAIR,VENDORID,HASTAG,ATTRIBUTEID) VALUES(237,235,3,'default','Global Service Class Name',2,null,26,'DTT03','Y',0,null,null,'N',24757,'no','24757:29:2');
INSERT INTO TBLMRADIUSDICPARAMDETAIL (DICTIONARYPARAMETERDETAILID,PARENTDETAILID,DICTIONARYID,ALIAS,NAME,VENDORPARAMETERID,PREDEFINEDVALUES,RADIUSRFCDICTIONARYPARAMETERID,DATATYPEID,VENDORPARAMETEROVERIDDEN,DICTIONARYNUMBER,USAGETYPE,NETWORKFILTERSUPPORT,AVPAIR,VENDORID,HASTAG,ATTRIBUTEID) VALUES(238,235,3,'default','Service Class Name',3,null,26,'DTT03','Y',0,null,null,'N',24757,'no','24757:29:3');
INSERT INTO TBLMRADIUSDICPARAMDETAIL (DICTIONARYPARAMETERDETAILID,PARENTDETAILID,DICTIONARYID,ALIAS,NAME,VENDORPARAMETERID,PREDEFINEDVALUES,RADIUSRFCDICTIONARYPARAMETERID,DATATYPEID,VENDORPARAMETEROVERIDDEN,DICTIONARYNUMBER,USAGETYPE,NETWORKFILTERSUPPORT,AVPAIR,VENDORID,HASTAG,ATTRIBUTEID) VALUES(239,235,3,'default','Schedule Type',4,'Best Effort:2,nrtPS:3,rtPS:4,Extended rtPS:5,UGS:6',26,'DTT38','Y',0,null,null,'N',24757,'no','24757:29:4');
INSERT INTO TBLMRADIUSDICPARAMDETAIL (DICTIONARYPARAMETERDETAILID,PARENTDETAILID,DICTIONARYID,ALIAS,NAME,VENDORPARAMETERID,PREDEFINEDVALUES,RADIUSRFCDICTIONARYPARAMETERID,DATATYPEID,VENDORPARAMETEROVERIDDEN,DICTIONARYNUMBER,USAGETYPE,NETWORKFILTERSUPPORT,AVPAIR,VENDORID,HASTAG,ATTRIBUTEID) VALUES(240,235,3,'default','Traffic Priority',5,null,26,'DTT38','Y',0,null,null,'N',24757,'no','24757:29:5');
INSERT INTO TBLMRADIUSDICPARAMDETAIL (DICTIONARYPARAMETERDETAILID,PARENTDETAILID,DICTIONARYID,ALIAS,NAME,VENDORPARAMETERID,PREDEFINEDVALUES,RADIUSRFCDICTIONARYPARAMETERID,DATATYPEID,VENDORPARAMETEROVERIDDEN,DICTIONARYNUMBER,USAGETYPE,NETWORKFILTERSUPPORT,AVPAIR,VENDORID,HASTAG,ATTRIBUTEID) VALUES(241,235,3,'default','Maximum Sustained Traffic Rate',6,null,26,'DTT01','Y',0,null,null,'N',24757,'no','24757:29:6');
INSERT INTO TBLMRADIUSDICPARAMDETAIL (DICTIONARYPARAMETERDETAILID,PARENTDETAILID,DICTIONARYID,ALIAS,NAME,VENDORPARAMETERID,PREDEFINEDVALUES,RADIUSRFCDICTIONARYPARAMETERID,DATATYPEID,VENDORPARAMETEROVERIDDEN,DICTIONARYNUMBER,USAGETYPE,NETWORKFILTERSUPPORT,AVPAIR,VENDORID,HASTAG,ATTRIBUTEID) VALUES(242,235,3,'default','Minimum Reserved Traffic Rate',7,null,26,'DTT01','Y',0,null,null,'N',24757,'no','24757:29:7');
INSERT INTO TBLMRADIUSDICPARAMDETAIL (DICTIONARYPARAMETERDETAILID,PARENTDETAILID,DICTIONARYID,ALIAS,NAME,VENDORPARAMETERID,PREDEFINEDVALUES,RADIUSRFCDICTIONARYPARAMETERID,DATATYPEID,VENDORPARAMETEROVERIDDEN,DICTIONARYNUMBER,USAGETYPE,NETWORKFILTERSUPPORT,AVPAIR,VENDORID,HASTAG,ATTRIBUTEID) VALUES(243,235,3,'default','Maximum Traffic Burst',8,null,26,'DTT01','Y',0,null,null,'N',24757,'no','24757:29:8');
INSERT INTO TBLMRADIUSDICPARAMDETAIL (DICTIONARYPARAMETERDETAILID,PARENTDETAILID,DICTIONARYID,ALIAS,NAME,VENDORPARAMETERID,PREDEFINEDVALUES,RADIUSRFCDICTIONARYPARAMETERID,DATATYPEID,VENDORPARAMETEROVERIDDEN,DICTIONARYNUMBER,USAGETYPE,NETWORKFILTERSUPPORT,AVPAIR,VENDORID,HASTAG,ATTRIBUTEID) VALUES(244,235,3,'default','Tolerated Jitter',9,null,26,'DTT01','Y',0,null,null,'N',24757,'no','24757:29:9');
INSERT INTO TBLMRADIUSDICPARAMDETAIL (DICTIONARYPARAMETERDETAILID,PARENTDETAILID,DICTIONARYID,ALIAS,NAME,VENDORPARAMETERID,PREDEFINEDVALUES,RADIUSRFCDICTIONARYPARAMETERID,DATATYPEID,VENDORPARAMETEROVERIDDEN,DICTIONARYNUMBER,USAGETYPE,NETWORKFILTERSUPPORT,AVPAIR,VENDORID,HASTAG,ATTRIBUTEID) VALUES(245,235,3,'default','Maximum Latency',10,null,26,'DTT01','Y',0,null,null,'N',24757,'no','24757:29:10');
INSERT INTO TBLMRADIUSDICPARAMDETAIL (DICTIONARYPARAMETERDETAILID,PARENTDETAILID,DICTIONARYID,ALIAS,NAME,VENDORPARAMETERID,PREDEFINEDVALUES,RADIUSRFCDICTIONARYPARAMETERID,DATATYPEID,VENDORPARAMETEROVERIDDEN,DICTIONARYNUMBER,USAGETYPE,NETWORKFILTERSUPPORT,AVPAIR,VENDORID,HASTAG,ATTRIBUTEID) VALUES(246,235,3,'default','Reduced Resource Code',11,null,26,'DTT38','Y',0,null,null,'N',24757,'no','24757:29:11');
INSERT INTO TBLMRADIUSDICPARAMDETAIL (DICTIONARYPARAMETERDETAILID,PARENTDETAILID,DICTIONARYID,ALIAS,NAME,VENDORPARAMETERID,PREDEFINEDVALUES,RADIUSRFCDICTIONARYPARAMETERID,DATATYPEID,VENDORPARAMETEROVERIDDEN,DICTIONARYNUMBER,USAGETYPE,NETWORKFILTERSUPPORT,AVPAIR,VENDORID,HASTAG,ATTRIBUTEID) VALUES(247,235,3,'default','Media Flow Type',12,'Voice over IP:1,Robust Browser:2,Secure Browser/ VPN:3,Streaming video on demand:4,Streaming live TV:5,Music and Photo Download:6,Multi-player gaming:7,Location-based services:8,Text and Audio Books with Graphics:9,Video Conversation:10,Message:11,Control:12,Data:13',26,'DTT38','Y',0,null,null,'N',24757,'no','24757:29:12');
INSERT INTO TBLMRADIUSDICPARAMDETAIL (DICTIONARYPARAMETERDETAILID,PARENTDETAILID,DICTIONARYID,ALIAS,NAME,VENDORPARAMETERID,PREDEFINEDVALUES,RADIUSRFCDICTIONARYPARAMETERID,DATATYPEID,VENDORPARAMETEROVERIDDEN,DICTIONARYNUMBER,USAGETYPE,NETWORKFILTERSUPPORT,AVPAIR,VENDORID,HASTAG,ATTRIBUTEID) VALUES(248,235,3,'default','Unsolicited Grant Interval',13,null,26,'DTT35','Y',0,null,null,'N',24757,'no','24757:29:13');
INSERT INTO TBLMRADIUSDICPARAMDETAIL (DICTIONARYPARAMETERDETAILID,PARENTDETAILID,DICTIONARYID,ALIAS,NAME,VENDORPARAMETERID,PREDEFINEDVALUES,RADIUSRFCDICTIONARYPARAMETERID,DATATYPEID,VENDORPARAMETEROVERIDDEN,DICTIONARYNUMBER,USAGETYPE,NETWORKFILTERSUPPORT,AVPAIR,VENDORID,HASTAG,ATTRIBUTEID) VALUES(249,235,3,'default','SDU Size',14,null,26,'DTT35','Y',0,null,null,'N',24757,'no','24757:29:14');
INSERT INTO TBLMRADIUSDICPARAMDETAIL (DICTIONARYPARAMETERDETAILID,PARENTDETAILID,DICTIONARYID,ALIAS,NAME,VENDORPARAMETERID,PREDEFINEDVALUES,RADIUSRFCDICTIONARYPARAMETERID,DATATYPEID,VENDORPARAMETEROVERIDDEN,DICTIONARYNUMBER,USAGETYPE,NETWORKFILTERSUPPORT,AVPAIR,VENDORID,HASTAG,ATTRIBUTEID) VALUES(250,235,3,'default','Unsolicited Polling Intervale',15,null,26,'DTT35','Y',0,null,null,'N',24757,'no','24757:29:15');
INSERT INTO TBLMRADIUSDICPARAMDETAIL (DICTIONARYPARAMETERDETAILID,PARENTDETAILID,DICTIONARYID,ALIAS,NAME,VENDORPARAMETERID,PREDEFINEDVALUES,RADIUSRFCDICTIONARYPARAMETERID,DATATYPEID,VENDORPARAMETEROVERIDDEN,DICTIONARYNUMBER,USAGETYPE,NETWORKFILTERSUPPORT,AVPAIR,VENDORID,HASTAG,ATTRIBUTEID) VALUES(251,235,3,'default','Media Flow Description in SDP format',16,null,26,'DTT03','Y',0,null,null,'N',24757,'no','24757:29:16');
INSERT INTO TBLMRADIUSDICPARAMDETAIL (DICTIONARYPARAMETERDETAILID,PARENTDETAILID,DICTIONARYID,ALIAS,NAME,VENDORPARAMETERID,PREDEFINEDVALUES,RADIUSRFCDICTIONARYPARAMETERID,DATATYPEID,VENDORPARAMETEROVERIDDEN,DICTIONARYNUMBER,USAGETYPE,NETWORKFILTERSUPPORT,AVPAIR,VENDORID,HASTAG,ATTRIBUTEID) VALUES(252,null,3,'default','Uplink Granted QoS',30,null,26,'DTT10','Y',0,null,null,'N',24757,'no','24757:30');
INSERT INTO TBLMRADIUSDICPARAMDETAIL (DICTIONARYPARAMETERDETAILID,PARENTDETAILID,DICTIONARYID,ALIAS,NAME,VENDORPARAMETERID,PREDEFINEDVALUES,RADIUSRFCDICTIONARYPARAMETERID,DATATYPEID,VENDORPARAMETEROVERIDDEN,DICTIONARYNUMBER,USAGETYPE,NETWORKFILTERSUPPORT,AVPAIR,VENDORID,HASTAG,ATTRIBUTEID) VALUES(253,null,3,'default','Control-Packets-In',31,null,26,'DTT01','Y',0,null,null,'N',24757,'no','24757:31');
INSERT INTO TBLMRADIUSDICPARAMDETAIL (DICTIONARYPARAMETERDETAILID,PARENTDETAILID,DICTIONARYID,ALIAS,NAME,VENDORPARAMETERID,PREDEFINEDVALUES,RADIUSRFCDICTIONARYPARAMETERID,DATATYPEID,VENDORPARAMETEROVERIDDEN,DICTIONARYNUMBER,USAGETYPE,NETWORKFILTERSUPPORT,AVPAIR,VENDORID,HASTAG,ATTRIBUTEID) VALUES(254,null,3,'default','Control-Octets-In',32,null,26,'DTT01','Y',0,null,null,'N',24757,'no','24757:32');
INSERT INTO TBLMRADIUSDICPARAMDETAIL (DICTIONARYPARAMETERDETAILID,PARENTDETAILID,DICTIONARYID,ALIAS,NAME,VENDORPARAMETERID,PREDEFINEDVALUES,RADIUSRFCDICTIONARYPARAMETERID,DATATYPEID,VENDORPARAMETEROVERIDDEN,DICTIONARYNUMBER,USAGETYPE,NETWORKFILTERSUPPORT,AVPAIR,VENDORID,HASTAG,ATTRIBUTEID) VALUES(255,null,3,'default','Control-Packets-Out',33,null,26,'DTT01','Y',0,null,null,'N',24757,'no','24757:33');
INSERT INTO TBLMRADIUSDICPARAMDETAIL (DICTIONARYPARAMETERDETAILID,PARENTDETAILID,DICTIONARYID,ALIAS,NAME,VENDORPARAMETERID,PREDEFINEDVALUES,RADIUSRFCDICTIONARYPARAMETERID,DATATYPEID,VENDORPARAMETEROVERIDDEN,DICTIONARYNUMBER,USAGETYPE,NETWORKFILTERSUPPORT,AVPAIR,VENDORID,HASTAG,ATTRIBUTEID) VALUES(256,null,3,'default','Control Octets Out',34,null,26,'DTT01','Y',0,null,null,'N',24757,'no','24757:34');
INSERT INTO TBLMRADIUSDICPARAMDETAIL (DICTIONARYPARAMETERDETAILID,PARENTDETAILID,DICTIONARYID,ALIAS,NAME,VENDORPARAMETERID,PREDEFINEDVALUES,RADIUSRFCDICTIONARYPARAMETERID,DATATYPEID,VENDORPARAMETEROVERIDDEN,DICTIONARYNUMBER,USAGETYPE,NETWORKFILTERSUPPORT,AVPAIR,VENDORID,HASTAG,ATTRIBUTEID) VALUES(257,null,3,'default','PPAC',35,null,26,'DTT11','Y',0,null,null,'N',24757,'no','24757:35');
INSERT INTO TBLMRADIUSDICPARAMDETAIL (DICTIONARYPARAMETERDETAILID,PARENTDETAILID,DICTIONARYID,ALIAS,NAME,VENDORPARAMETERID,PREDEFINEDVALUES,RADIUSRFCDICTIONARYPARAMETERID,DATATYPEID,VENDORPARAMETEROVERIDDEN,DICTIONARYNUMBER,USAGETYPE,NETWORKFILTERSUPPORT,AVPAIR,VENDORID,HASTAG,ATTRIBUTEID) VALUES(258,257,3,'default','AvailableInClient (AiC)',1,null,26,'DTT01','Y',0,null,null,'N',24757,'no','24757:35:1');
INSERT INTO TBLMRADIUSDICPARAMDETAIL (DICTIONARYPARAMETERDETAILID,PARENTDETAILID,DICTIONARYID,ALIAS,NAME,VENDORPARAMETERID,PREDEFINEDVALUES,RADIUSRFCDICTIONARYPARAMETERID,DATATYPEID,VENDORPARAMETEROVERIDDEN,DICTIONARYNUMBER,USAGETYPE,NETWORKFILTERSUPPORT,AVPAIR,VENDORID,HASTAG,ATTRIBUTEID) VALUES(259,null,3,'default','Session Termination Capability',36,null,26,'DTT01','Y',0,null,null,'N',24757,'no','24757:36');
INSERT INTO TBLMRADIUSDICPARAMDETAIL (DICTIONARYPARAMETERDETAILID,PARENTDETAILID,DICTIONARYID,ALIAS,NAME,VENDORPARAMETERID,PREDEFINEDVALUES,RADIUSRFCDICTIONARYPARAMETERID,DATATYPEID,VENDORPARAMETEROVERIDDEN,DICTIONARYNUMBER,USAGETYPE,NETWORKFILTERSUPPORT,AVPAIR,VENDORID,HASTAG,ATTRIBUTEID) VALUES(260,null,3,'default','PPAQ',37,null,26,'DTT11','Y',0,null,null,'N',24757,'no','24757:37');
INSERT INTO TBLMRADIUSDICPARAMDETAIL (DICTIONARYPARAMETERDETAILID,PARENTDETAILID,DICTIONARYID,ALIAS,NAME,VENDORPARAMETERID,PREDEFINEDVALUES,RADIUSRFCDICTIONARYPARAMETERID,DATATYPEID,VENDORPARAMETEROVERIDDEN,DICTIONARYNUMBER,USAGETYPE,NETWORKFILTERSUPPORT,AVPAIR,VENDORID,HASTAG,ATTRIBUTEID) VALUES(261,260,3,'default','Quota Identifier',1,null,26,'DTT01','Y',0,null,null,'N',24757,'no','24757:37:1');
INSERT INTO TBLMRADIUSDICPARAMDETAIL (DICTIONARYPARAMETERDETAILID,PARENTDETAILID,DICTIONARYID,ALIAS,NAME,VENDORPARAMETERID,PREDEFINEDVALUES,RADIUSRFCDICTIONARYPARAMETERID,DATATYPEID,VENDORPARAMETEROVERIDDEN,DICTIONARYNUMBER,USAGETYPE,NETWORKFILTERSUPPORT,AVPAIR,VENDORID,HASTAG,ATTRIBUTEID) VALUES(262,260,3,'default','VolumeQuota',2,null,26,'DTT40','Y',0,null,null,'N',24757,'no','24757:37:2');
INSERT INTO TBLMRADIUSDICPARAMDETAIL (DICTIONARYPARAMETERDETAILID,PARENTDETAILID,DICTIONARYID,ALIAS,NAME,VENDORPARAMETERID,PREDEFINEDVALUES,RADIUSRFCDICTIONARYPARAMETERID,DATATYPEID,VENDORPARAMETEROVERIDDEN,DICTIONARYNUMBER,USAGETYPE,NETWORKFILTERSUPPORT,AVPAIR,VENDORID,HASTAG,ATTRIBUTEID) VALUES(263,260,3,'default','VolumeThreshold',3,null,26,'DTT40','Y',0,null,null,'N',24757,'no','24757:37:3');
INSERT INTO TBLMRADIUSDICPARAMDETAIL (DICTIONARYPARAMETERDETAILID,PARENTDETAILID,DICTIONARYID,ALIAS,NAME,VENDORPARAMETERID,PREDEFINEDVALUES,RADIUSRFCDICTIONARYPARAMETERID,DATATYPEID,VENDORPARAMETEROVERIDDEN,DICTIONARYNUMBER,USAGETYPE,NETWORKFILTERSUPPORT,AVPAIR,VENDORID,HASTAG,ATTRIBUTEID) VALUES(264,260,3,'default','DurationQuota',4,null,26,'DTT01','Y',0,null,null,'N',24757,'no','24757:37:4');
INSERT INTO TBLMRADIUSDICPARAMDETAIL (DICTIONARYPARAMETERDETAILID,PARENTDETAILID,DICTIONARYID,ALIAS,NAME,VENDORPARAMETERID,PREDEFINEDVALUES,RADIUSRFCDICTIONARYPARAMETERID,DATATYPEID,VENDORPARAMETEROVERIDDEN,DICTIONARYNUMBER,USAGETYPE,NETWORKFILTERSUPPORT,AVPAIR,VENDORID,HASTAG,ATTRIBUTEID) VALUES(265,260,3,'default','DurationThershold',5,null,26,'DTT01','Y',0,null,null,'N',24757,'no','24757:37:5');
INSERT INTO TBLMRADIUSDICPARAMDETAIL (DICTIONARYPARAMETERDETAILID,PARENTDETAILID,DICTIONARYID,ALIAS,NAME,VENDORPARAMETERID,PREDEFINEDVALUES,RADIUSRFCDICTIONARYPARAMETERID,DATATYPEID,VENDORPARAMETEROVERIDDEN,DICTIONARYNUMBER,USAGETYPE,NETWORKFILTERSUPPORT,AVPAIR,VENDORID,HASTAG,ATTRIBUTEID) VALUES(266,260,3,'default','ResourceQuota',6,null,26,'DTT01','Y',0,null,null,'N',24757,'no','24757:37:6');
INSERT INTO TBLMRADIUSDICPARAMDETAIL (DICTIONARYPARAMETERDETAILID,PARENTDETAILID,DICTIONARYID,ALIAS,NAME,VENDORPARAMETERID,PREDEFINEDVALUES,RADIUSRFCDICTIONARYPARAMETERID,DATATYPEID,VENDORPARAMETEROVERIDDEN,DICTIONARYNUMBER,USAGETYPE,NETWORKFILTERSUPPORT,AVPAIR,VENDORID,HASTAG,ATTRIBUTEID) VALUES(267,260,3,'default','ResourceThreshold',7,null,26,'DTT01','Y',0,null,null,'N',24757,'no','24757:37:7');
INSERT INTO TBLMRADIUSDICPARAMDETAIL (DICTIONARYPARAMETERDETAILID,PARENTDETAILID,DICTIONARYID,ALIAS,NAME,VENDORPARAMETERID,PREDEFINEDVALUES,RADIUSRFCDICTIONARYPARAMETERID,DATATYPEID,VENDORPARAMETEROVERIDDEN,DICTIONARYNUMBER,USAGETYPE,NETWORKFILTERSUPPORT,AVPAIR,VENDORID,HASTAG,ATTRIBUTEID) VALUES(268,260,3,'default','Update-Reason',8,'Pre-initialization:1,Initial-Request:2,Threshold Reached:3,Quota Reached:4,TITSU Approaching:5,Remote Forced Disconnect:6,Client Service Termination:7,Access Service Terminated:8,Service not established:9,One-time Charging:10',26,'DTT38','Y',0,null,null,'N',24757,'no','24757:37:8');
INSERT INTO TBLMRADIUSDICPARAMDETAIL (DICTIONARYPARAMETERDETAILID,PARENTDETAILID,DICTIONARYID,ALIAS,NAME,VENDORPARAMETERID,PREDEFINEDVALUES,RADIUSRFCDICTIONARYPARAMETERID,DATATYPEID,VENDORPARAMETEROVERIDDEN,DICTIONARYNUMBER,USAGETYPE,NETWORKFILTERSUPPORT,AVPAIR,VENDORID,HASTAG,ATTRIBUTEID) VALUES(269,260,3,'default','PrepaidServer',9,null,26,'DTT07','Y',0,null,null,'N',24757,'no','24757:37:9');
INSERT INTO TBLMRADIUSDICPARAMDETAIL (DICTIONARYPARAMETERDETAILID,PARENTDETAILID,DICTIONARYID,ALIAS,NAME,VENDORPARAMETERID,PREDEFINEDVALUES,RADIUSRFCDICTIONARYPARAMETERID,DATATYPEID,VENDORPARAMETEROVERIDDEN,DICTIONARYNUMBER,USAGETYPE,NETWORKFILTERSUPPORT,AVPAIR,VENDORID,HASTAG,ATTRIBUTEID) VALUES(270,260,3,'default','Service-ID',10,null,26,'DTT03','Y',0,null,null,'N',24757,'no','24757:37:10');
INSERT INTO TBLMRADIUSDICPARAMDETAIL (DICTIONARYPARAMETERDETAILID,PARENTDETAILID,DICTIONARYID,ALIAS,NAME,VENDORPARAMETERID,PREDEFINEDVALUES,RADIUSRFCDICTIONARYPARAMETERID,DATATYPEID,VENDORPARAMETEROVERIDDEN,DICTIONARYNUMBER,USAGETYPE,NETWORKFILTERSUPPORT,AVPAIR,VENDORID,HASTAG,ATTRIBUTEID) VALUES(271,260,3,'default','Rating-Group-ID',11,null,26,'DTT01','Y',0,null,null,'N',24757,'no','24757:37:11');
INSERT INTO TBLMRADIUSDICPARAMDETAIL (DICTIONARYPARAMETERDETAILID,PARENTDETAILID,DICTIONARYID,ALIAS,NAME,VENDORPARAMETERID,PREDEFINEDVALUES,RADIUSRFCDICTIONARYPARAMETERID,DATATYPEID,VENDORPARAMETEROVERIDDEN,DICTIONARYNUMBER,USAGETYPE,NETWORKFILTERSUPPORT,AVPAIR,VENDORID,HASTAG,ATTRIBUTEID) VALUES(272,260,3,'default','Termination-Action',12,'Terminate:1,Request more quota:2,Redirect/Filter:3',26,'DTT38','Y',0,null,null,'N',24757,'no','24757:37:12');
INSERT INTO TBLMRADIUSDICPARAMDETAIL (DICTIONARYPARAMETERDETAILID,PARENTDETAILID,DICTIONARYID,ALIAS,NAME,VENDORPARAMETERID,PREDEFINEDVALUES,RADIUSRFCDICTIONARYPARAMETERID,DATATYPEID,VENDORPARAMETEROVERIDDEN,DICTIONARYNUMBER,USAGETYPE,NETWORKFILTERSUPPORT,AVPAIR,VENDORID,HASTAG,ATTRIBUTEID) VALUES(273,260,3,'default','Pool-ID',13,null,26,'DTT01','Y',0,null,null,'N',24757,'no','24757:37:13');
INSERT INTO TBLMRADIUSDICPARAMDETAIL (DICTIONARYPARAMETERDETAILID,PARENTDETAILID,DICTIONARYID,ALIAS,NAME,VENDORPARAMETERID,PREDEFINEDVALUES,RADIUSRFCDICTIONARYPARAMETERID,DATATYPEID,VENDORPARAMETEROVERIDDEN,DICTIONARYNUMBER,USAGETYPE,NETWORKFILTERSUPPORT,AVPAIR,VENDORID,HASTAG,ATTRIBUTEID) VALUES(274,260,3,'default','Pool-Multiplier',14,null,26,'DTT01','Y',0,null,null,'N',24757,'no','24757:37:14');
INSERT INTO TBLMRADIUSDICPARAMDETAIL (DICTIONARYPARAMETERDETAILID,PARENTDETAILID,DICTIONARYID,ALIAS,NAME,VENDORPARAMETERID,PREDEFINEDVALUES,RADIUSRFCDICTIONARYPARAMETERID,DATATYPEID,VENDORPARAMETEROVERIDDEN,DICTIONARYNUMBER,USAGETYPE,NETWORKFILTERSUPPORT,AVPAIR,VENDORID,HASTAG,ATTRIBUTEID) VALUES(275,260,3,'default','Requested-Action',15,'Balance Check:1,Price Enquiry:2',26,'DTT38','Y',0,null,null,'N',24757,'no','24757:37:15');
INSERT INTO TBLMRADIUSDICPARAMDETAIL (DICTIONARYPARAMETERDETAILID,PARENTDETAILID,DICTIONARYID,ALIAS,NAME,VENDORPARAMETERID,PREDEFINEDVALUES,RADIUSRFCDICTIONARYPARAMETERID,DATATYPEID,VENDORPARAMETEROVERIDDEN,DICTIONARYNUMBER,USAGETYPE,NETWORKFILTERSUPPORT,AVPAIR,VENDORID,HASTAG,ATTRIBUTEID) VALUES(276,260,3,'default','Check-Balance-Result',16,null,26,'DTT38','Y',0,null,null,'N',24757,'no','24757:37:16');
INSERT INTO TBLMRADIUSDICPARAMDETAIL (DICTIONARYPARAMETERDETAILID,PARENTDETAILID,DICTIONARYID,ALIAS,NAME,VENDORPARAMETERID,PREDEFINEDVALUES,RADIUSRFCDICTIONARYPARAMETERID,DATATYPEID,VENDORPARAMETEROVERIDDEN,DICTIONARYNUMBER,USAGETYPE,NETWORKFILTERSUPPORT,AVPAIR,VENDORID,HASTAG,ATTRIBUTEID) VALUES(277,260,3,'default','Cost-Information AVP',17,null,26,'DTT10','Y',0,null,null,'N',24757,'no','24757:37:17');
INSERT INTO TBLMRADIUSDICPARAMDETAIL (DICTIONARYPARAMETERDETAILID,PARENTDETAILID,DICTIONARYID,ALIAS,NAME,VENDORPARAMETERID,PREDEFINEDVALUES,RADIUSRFCDICTIONARYPARAMETERID,DATATYPEID,VENDORPARAMETEROVERIDDEN,DICTIONARYNUMBER,USAGETYPE,NETWORKFILTERSUPPORT,AVPAIR,VENDORID,HASTAG,ATTRIBUTEID) VALUES(278,null,3,'default','Prepaid Tariff Switching (PTS)',38,null,26,'DTT11','Y',0,null,null,'N',24757,'no','24757:38');
INSERT INTO TBLMRADIUSDICPARAMDETAIL (DICTIONARYPARAMETERDETAILID,PARENTDETAILID,DICTIONARYID,ALIAS,NAME,VENDORPARAMETERID,PREDEFINEDVALUES,RADIUSRFCDICTIONARYPARAMETERID,DATATYPEID,VENDORPARAMETEROVERIDDEN,DICTIONARYNUMBER,USAGETYPE,NETWORKFILTERSUPPORT,AVPAIR,VENDORID,HASTAG,ATTRIBUTEID) VALUES(279,278,3,'default','Quota Identifier',1,null,26,'DTT01','Y',0,null,null,'N',24757,'no','24757:38:1');
INSERT INTO TBLMRADIUSDICPARAMDETAIL (DICTIONARYPARAMETERDETAILID,PARENTDETAILID,DICTIONARYID,ALIAS,NAME,VENDORPARAMETERID,PREDEFINEDVALUES,RADIUSRFCDICTIONARYPARAMETERID,DATATYPEID,VENDORPARAMETEROVERIDDEN,DICTIONARYNUMBER,USAGETYPE,NETWORKFILTERSUPPORT,AVPAIR,VENDORID,HASTAG,ATTRIBUTEID) VALUES(280,278,3,'default','VolumeUsedAfterTariffSwitch',2,null,26,'DTT01','Y',0,null,null,'N',24757,'no','24757:38:2');
INSERT INTO TBLMRADIUSDICPARAMDETAIL (DICTIONARYPARAMETERDETAILID,PARENTDETAILID,DICTIONARYID,ALIAS,NAME,VENDORPARAMETERID,PREDEFINEDVALUES,RADIUSRFCDICTIONARYPARAMETERID,DATATYPEID,VENDORPARAMETEROVERIDDEN,DICTIONARYNUMBER,USAGETYPE,NETWORKFILTERSUPPORT,AVPAIR,VENDORID,HASTAG,ATTRIBUTEID) VALUES(281,278,3,'default','TarrifSwitchInterval',3,null,26,'DTT01','Y',0,null,null,'N',24757,'no','24757:38:3');
INSERT INTO TBLMRADIUSDICPARAMDETAIL (DICTIONARYPARAMETERDETAILID,PARENTDETAILID,DICTIONARYID,ALIAS,NAME,VENDORPARAMETERID,PREDEFINEDVALUES,RADIUSRFCDICTIONARYPARAMETERID,DATATYPEID,VENDORPARAMETEROVERIDDEN,DICTIONARYNUMBER,USAGETYPE,NETWORKFILTERSUPPORT,AVPAIR,VENDORID,HASTAG,ATTRIBUTEID) VALUES(282,278,3,'default','TimeIntervalAfterTarriffSwitchUpdate',4,null,26,'DTT01','Y',0,null,null,'N',24757,'no','24757:38:4');
INSERT INTO TBLMRADIUSDICPARAMDETAIL (DICTIONARYPARAMETERDETAILID,PARENTDETAILID,DICTIONARYID,ALIAS,NAME,VENDORPARAMETERID,PREDEFINEDVALUES,RADIUSRFCDICTIONARYPARAMETERID,DATATYPEID,VENDORPARAMETEROVERIDDEN,DICTIONARYNUMBER,USAGETYPE,NETWORKFILTERSUPPORT,AVPAIR,VENDORID,HASTAG,ATTRIBUTEID) VALUES(283,null,3,'default','Active-Time',39,null,26,'DTT01','Y',0,null,null,'N',24757,'no','24757:39');
INSERT INTO TBLMRADIUSDICPARAMDETAIL (DICTIONARYPARAMETERDETAILID,PARENTDETAILID,DICTIONARYID,ALIAS,NAME,VENDORPARAMETERID,PREDEFINEDVALUES,RADIUSRFCDICTIONARYPARAMETERID,DATATYPEID,VENDORPARAMETEROVERIDDEN,DICTIONARYNUMBER,USAGETYPE,NETWORKFILTERSUPPORT,AVPAIR,VENDORID,HASTAG,ATTRIBUTEID) VALUES(284,null,3,'default','DHCP-RK',40,null,26,'DTT10','Y',0,null,null,'N',24757,'no','24757:40');
INSERT INTO TBLMRADIUSDICPARAMDETAIL (DICTIONARYPARAMETERDETAILID,PARENTDETAILID,DICTIONARYID,ALIAS,NAME,VENDORPARAMETERID,PREDEFINEDVALUES,RADIUSRFCDICTIONARYPARAMETERID,DATATYPEID,VENDORPARAMETEROVERIDDEN,DICTIONARYNUMBER,USAGETYPE,NETWORKFILTERSUPPORT,AVPAIR,VENDORID,HASTAG,ATTRIBUTEID) VALUES(285,null,3,'default','DHCP-RK-Key-ID',41,null,26,'DTT01','Y',0,null,null,'N',24757,'no','24757:41');
INSERT INTO TBLMRADIUSDICPARAMDETAIL (DICTIONARYPARAMETERDETAILID,PARENTDETAILID,DICTIONARYID,ALIAS,NAME,VENDORPARAMETERID,PREDEFINEDVALUES,RADIUSRFCDICTIONARYPARAMETERID,DATATYPEID,VENDORPARAMETEROVERIDDEN,DICTIONARYNUMBER,USAGETYPE,NETWORKFILTERSUPPORT,AVPAIR,VENDORID,HASTAG,ATTRIBUTEID) VALUES(286,null,3,'default','DHCP-RK-Lifetime',42,null,26,'DTT01','Y',0,null,null,'N',24757,'no','24757:42');
INSERT INTO TBLMRADIUSDICPARAMDETAIL (DICTIONARYPARAMETERDETAILID,PARENTDETAILID,DICTIONARYID,ALIAS,NAME,VENDORPARAMETERID,PREDEFINEDVALUES,RADIUSRFCDICTIONARYPARAMETERID,DATATYPEID,VENDORPARAMETEROVERIDDEN,DICTIONARYNUMBER,USAGETYPE,NETWORKFILTERSUPPORT,AVPAIR,VENDORID,HASTAG,ATTRIBUTEID) VALUES(287,null,3,'default','DHCPMSG-Server-IP',43,null,26,'DTT07','Y',0,null,null,'N',24757,'no','24757:43');
INSERT INTO TBLMRADIUSDICPARAMDETAIL (DICTIONARYPARAMETERDETAILID,PARENTDETAILID,DICTIONARYID,ALIAS,NAME,VENDORPARAMETERID,PREDEFINEDVALUES,RADIUSRFCDICTIONARYPARAMETERID,DATATYPEID,VENDORPARAMETEROVERIDDEN,DICTIONARYNUMBER,USAGETYPE,NETWORKFILTERSUPPORT,AVPAIR,VENDORID,HASTAG,ATTRIBUTEID) VALUES(288,null,3,'default','Idle-Mode-Transition',44,null,26,'DTT38','Y',0,null,null,'N',24757,'no','24757:44');
INSERT INTO TBLMRADIUSDICPARAMDETAIL (DICTIONARYPARAMETERDETAILID,PARENTDETAILID,DICTIONARYID,ALIAS,NAME,VENDORPARAMETERID,PREDEFINEDVALUES,RADIUSRFCDICTIONARYPARAMETERID,DATATYPEID,VENDORPARAMETEROVERIDDEN,DICTIONARYNUMBER,USAGETYPE,NETWORKFILTERSUPPORT,AVPAIR,VENDORID,HASTAG,ATTRIBUTEID) VALUES(289,null,3,'default','NAP-ID',45,null,26,'DTT10','Y',0,null,null,'N',24757,'no','24757:45');
INSERT INTO TBLMRADIUSDICPARAMDETAIL (DICTIONARYPARAMETERDETAILID,PARENTDETAILID,DICTIONARYID,ALIAS,NAME,VENDORPARAMETERID,PREDEFINEDVALUES,RADIUSRFCDICTIONARYPARAMETERID,DATATYPEID,VENDORPARAMETEROVERIDDEN,DICTIONARYNUMBER,USAGETYPE,NETWORKFILTERSUPPORT,AVPAIR,VENDORID,HASTAG,ATTRIBUTEID) VALUES(290,null,3,'default','BS-ID',46,null,26,'DTT10','Y',0,null,null,'N',24757,'no','24757:46');
INSERT INTO TBLMRADIUSDICPARAMDETAIL (DICTIONARYPARAMETERDETAILID,PARENTDETAILID,DICTIONARYID,ALIAS,NAME,VENDORPARAMETERID,PREDEFINEDVALUES,RADIUSRFCDICTIONARYPARAMETERID,DATATYPEID,VENDORPARAMETEROVERIDDEN,DICTIONARYNUMBER,USAGETYPE,NETWORKFILTERSUPPORT,AVPAIR,VENDORID,HASTAG,ATTRIBUTEID) VALUES(291,null,3,'default','Location',47,null,26,'DTT10','Y',0,null,null,'N',24757,'no','24757:47');
INSERT INTO TBLMRADIUSDICPARAMDETAIL (DICTIONARYPARAMETERDETAILID,PARENTDETAILID,DICTIONARYID,ALIAS,NAME,VENDORPARAMETERID,PREDEFINEDVALUES,RADIUSRFCDICTIONARYPARAMETERID,DATATYPEID,VENDORPARAMETEROVERIDDEN,DICTIONARYNUMBER,USAGETYPE,NETWORKFILTERSUPPORT,AVPAIR,VENDORID,HASTAG,ATTRIBUTEID) VALUES(292,null,3,'default','Acct-Input-Packets-Gigaword',48,null,26,'DTT01','Y',0,null,null,'N',24757,'no','24757:48');
INSERT INTO TBLMRADIUSDICPARAMDETAIL (DICTIONARYPARAMETERDETAILID,PARENTDETAILID,DICTIONARYID,ALIAS,NAME,VENDORPARAMETERID,PREDEFINEDVALUES,RADIUSRFCDICTIONARYPARAMETERID,DATATYPEID,VENDORPARAMETEROVERIDDEN,DICTIONARYNUMBER,USAGETYPE,NETWORKFILTERSUPPORT,AVPAIR,VENDORID,HASTAG,ATTRIBUTEID) VALUES(293,null,3,'default','Acct-Output-Packets Gigaword',49,null,26,'DTT01','Y',0,null,null,'N',24757,'no','24757:49');
INSERT INTO TBLMRADIUSDICPARAMDETAIL (DICTIONARYPARAMETERDETAILID,PARENTDETAILID,DICTIONARYID,ALIAS,NAME,VENDORPARAMETERID,PREDEFINEDVALUES,RADIUSRFCDICTIONARYPARAMETERID,DATATYPEID,VENDORPARAMETEROVERIDDEN,DICTIONARYNUMBER,USAGETYPE,NETWORKFILTERSUPPORT,AVPAIR,VENDORID,HASTAG,ATTRIBUTEID) VALUES(294,null,3,'default','Uplink Flow Description',50,null,26,'DTT03','Y',0,null,null,'N',24757,'no','24757:50');
INSERT INTO TBLMRADIUSDICPARAMDETAIL (DICTIONARYPARAMETERDETAILID,PARENTDETAILID,DICTIONARYID,ALIAS,NAME,VENDORPARAMETERID,PREDEFINEDVALUES,RADIUSRFCDICTIONARYPARAMETERID,DATATYPEID,VENDORPARAMETEROVERIDDEN,DICTIONARYNUMBER,USAGETYPE,NETWORKFILTERSUPPORT,AVPAIR,VENDORID,HASTAG,ATTRIBUTEID) VALUES(295,null,3,'default','BU-CoA-Ipv6',51,null,26,'DTT07','Y',0,null,null,'N',24757,'no','24757:51');
INSERT INTO TBLMRADIUSDICPARAMDETAIL (DICTIONARYPARAMETERDETAILID,PARENTDETAILID,DICTIONARYID,ALIAS,NAME,VENDORPARAMETERID,PREDEFINEDVALUES,RADIUSRFCDICTIONARYPARAMETERID,DATATYPEID,VENDORPARAMETEROVERIDDEN,DICTIONARYNUMBER,USAGETYPE,NETWORKFILTERSUPPORT,AVPAIR,VENDORID,HASTAG,ATTRIBUTEID) VALUES(296,null,3,'default','DNS',52,null,26,'DTT07','Y',0,null,null,'N',24757,'no','24757:52');
INSERT INTO TBLMRADIUSDICPARAMDETAIL (DICTIONARYPARAMETERDETAILID,PARENTDETAILID,DICTIONARYID,ALIAS,NAME,VENDORPARAMETERID,PREDEFINEDVALUES,RADIUSRFCDICTIONARYPARAMETERID,DATATYPEID,VENDORPARAMETEROVERIDDEN,DICTIONARYNUMBER,USAGETYPE,NETWORKFILTERSUPPORT,AVPAIR,VENDORID,HASTAG,ATTRIBUTEID) VALUES(297,null,3,'default','Hotline-Profile-ID',53,null,26,'DTT03','Y',0,null,null,'N',24757,'no','24757:53');
INSERT INTO TBLMRADIUSDICPARAMDETAIL (DICTIONARYPARAMETERDETAILID,PARENTDETAILID,DICTIONARYID,ALIAS,NAME,VENDORPARAMETERID,PREDEFINEDVALUES,RADIUSRFCDICTIONARYPARAMETERID,DATATYPEID,VENDORPARAMETEROVERIDDEN,DICTIONARYNUMBER,USAGETYPE,NETWORKFILTERSUPPORT,AVPAIR,VENDORID,HASTAG,ATTRIBUTEID) VALUES(298,null,3,'default','HTTP-Redirection-Rule',54,null,26,'DTT03','Y',0,null,null,'N',24757,'no','24757:54');
INSERT INTO TBLMRADIUSDICPARAMDETAIL (DICTIONARYPARAMETERDETAILID,PARENTDETAILID,DICTIONARYID,ALIAS,NAME,VENDORPARAMETERID,PREDEFINEDVALUES,RADIUSRFCDICTIONARYPARAMETERID,DATATYPEID,VENDORPARAMETEROVERIDDEN,DICTIONARYNUMBER,USAGETYPE,NETWORKFILTERSUPPORT,AVPAIR,VENDORID,HASTAG,ATTRIBUTEID) VALUES(299,null,3,'default','IP-Redireciton-Rule',55,null,26,'DTT03','Y',0,null,null,'N',24757,'no','24757:55');
INSERT INTO TBLMRADIUSDICPARAMDETAIL (DICTIONARYPARAMETERDETAILID,PARENTDETAILID,DICTIONARYID,ALIAS,NAME,VENDORPARAMETERID,PREDEFINEDVALUES,RADIUSRFCDICTIONARYPARAMETERID,DATATYPEID,VENDORPARAMETEROVERIDDEN,DICTIONARYNUMBER,USAGETYPE,NETWORKFILTERSUPPORT,AVPAIR,VENDORID,HASTAG,ATTRIBUTEID) VALUES(300,null,3,'default','Hotline-Session-Timer',56,null,26,'DTT01','Y',0,null,null,'N',24757,'no','24757:56');
INSERT INTO TBLMRADIUSDICPARAMDETAIL (DICTIONARYPARAMETERDETAILID,PARENTDETAILID,DICTIONARYID,ALIAS,NAME,VENDORPARAMETERID,PREDEFINEDVALUES,RADIUSRFCDICTIONARYPARAMETERID,DATATYPEID,VENDORPARAMETEROVERIDDEN,DICTIONARYNUMBER,USAGETYPE,NETWORKFILTERSUPPORT,AVPAIR,VENDORID,HASTAG,ATTRIBUTEID) VALUES(301,null,3,'default','NSP-ID',57,null,26,'DTT10','Y',0,null,null,'N',24757,'no','24757:57');
INSERT INTO TBLMRADIUSDICPARAMDETAIL (DICTIONARYPARAMETERDETAILID,PARENTDETAILID,DICTIONARYID,ALIAS,NAME,VENDORPARAMETERID,PREDEFINEDVALUES,RADIUSRFCDICTIONARYPARAMETERID,DATATYPEID,VENDORPARAMETEROVERIDDEN,DICTIONARYNUMBER,USAGETYPE,NETWORKFILTERSUPPORT,AVPAIR,VENDORID,HASTAG,ATTRIBUTEID) VALUES(302,null,3,'default','HA-RK-Key-Requested',58,null,26,'DTT01','Y',0,null,null,'N',24757,'no','24757:58');
INSERT INTO TBLMRADIUSDICPARAMDETAIL (DICTIONARYPARAMETERDETAILID,PARENTDETAILID,DICTIONARYID,ALIAS,NAME,VENDORPARAMETERID,PREDEFINEDVALUES,RADIUSRFCDICTIONARYPARAMETERID,DATATYPEID,VENDORPARAMETEROVERIDDEN,DICTIONARYNUMBER,USAGETYPE,NETWORKFILTERSUPPORT,AVPAIR,VENDORID,HASTAG,ATTRIBUTEID) VALUES(303,null,3,'default','Count-Type',59,null,26,'DTT38','Y',0,null,null,'N',24757,'no','24757:59');
INSERT INTO TBLMRADIUSDICPARAMDETAIL (DICTIONARYPARAMETERDETAILID,PARENTDETAILID,DICTIONARYID,ALIAS,NAME,VENDORPARAMETERID,PREDEFINEDVALUES,RADIUSRFCDICTIONARYPARAMETERID,DATATYPEID,VENDORPARAMETEROVERIDDEN,DICTIONARYNUMBER,USAGETYPE,NETWORKFILTERSUPPORT,AVPAIR,VENDORID,HASTAG,ATTRIBUTEID) VALUES(304,null,3,'default','WiMAX-DM-Action-Code',60,null,26,'DTT01','Y',0,null,null,'N',24757,'no','24757:60');
INSERT INTO TBLMRADIUSDICPARAMDETAIL (DICTIONARYPARAMETERDETAILID,PARENTDETAILID,DICTIONARYID,ALIAS,NAME,VENDORPARAMETERID,PREDEFINEDVALUES,RADIUSRFCDICTIONARYPARAMETERID,DATATYPEID,VENDORPARAMETEROVERIDDEN,DICTIONARYNUMBER,USAGETYPE,NETWORKFILTERSUPPORT,AVPAIR,VENDORID,HASTAG,ATTRIBUTEID) VALUES(305,null,3,'default','FA-RK-SPI',61,null,26,'DTT01','Y',0,null,null,'N',24757,'no','24757:61');
INSERT INTO TBLMRADIUSDICPARAMDETAIL (DICTIONARYPARAMETERDETAILID,PARENTDETAILID,DICTIONARYID,ALIAS,NAME,VENDORPARAMETERID,PREDEFINEDVALUES,RADIUSRFCDICTIONARYPARAMETERID,DATATYPEID,VENDORPARAMETEROVERIDDEN,DICTIONARYNUMBER,USAGETYPE,NETWORKFILTERSUPPORT,AVPAIR,VENDORID,HASTAG,ATTRIBUTEID) VALUES(306,null,3,'default','Downlink Flow Description',62,null,26,'DTT03','Y',0,null,null,'N',24757,'no','24757:62');
INSERT INTO TBLMRADIUSDICPARAMDETAIL (DICTIONARYPARAMETERDETAILID,PARENTDETAILID,DICTIONARYID,ALIAS,NAME,VENDORPARAMETERID,PREDEFINEDVALUES,RADIUSRFCDICTIONARYPARAMETERID,DATATYPEID,VENDORPARAMETEROVERIDDEN,DICTIONARYNUMBER,USAGETYPE,NETWORKFILTERSUPPORT,AVPAIR,VENDORID,HASTAG,ATTRIBUTEID) VALUES(307,null,3,'default','Downlink Granted-QoS',63,null,26,'DTT10','Y',0,null,null,'N',24757,'no','24757:63');
INSERT INTO TBLMRADIUSDICPARAMDETAIL (DICTIONARYPARAMETERDETAILID,PARENTDETAILID,DICTIONARYID,ALIAS,NAME,VENDORPARAMETERID,PREDEFINEDVALUES,RADIUSRFCDICTIONARYPARAMETERID,DATATYPEID,VENDORPARAMETEROVERIDDEN,DICTIONARYNUMBER,USAGETYPE,NETWORKFILTERSUPPORT,AVPAIR,VENDORID,HASTAG,ATTRIBUTEID) VALUES(308,null,3,'default','vHA-IP-MIP4',64,null,26,'DTT07','Y',0,null,null,'N',24757,'no','24757:64');
INSERT INTO TBLMRADIUSDICPARAMDETAIL (DICTIONARYPARAMETERDETAILID,PARENTDETAILID,DICTIONARYID,ALIAS,NAME,VENDORPARAMETERID,PREDEFINEDVALUES,RADIUSRFCDICTIONARYPARAMETERID,DATATYPEID,VENDORPARAMETEROVERIDDEN,DICTIONARYNUMBER,USAGETYPE,NETWORKFILTERSUPPORT,AVPAIR,VENDORID,HASTAG,ATTRIBUTEID) VALUES(309,null,3,'default','vHA-IP-MIP6',65,null,26,'DTT07','Y',0,null,null,'N',24757,'no','24757:65');
INSERT INTO TBLMRADIUSDICPARAMDETAIL (DICTIONARYPARAMETERDETAILID,PARENTDETAILID,DICTIONARYID,ALIAS,NAME,VENDORPARAMETERID,PREDEFINEDVALUES,RADIUSRFCDICTIONARYPARAMETERID,DATATYPEID,VENDORPARAMETEROVERIDDEN,DICTIONARYNUMBER,USAGETYPE,NETWORKFILTERSUPPORT,AVPAIR,VENDORID,HASTAG,ATTRIBUTEID) VALUES(310,null,3,'default','MN-vHA-MIP4-KEY',66,null,26,'DTT10','Y',0,null,null,'N',24757,'no','24757:66');
INSERT INTO TBLMRADIUSDICPARAMDETAIL (DICTIONARYPARAMETERDETAILID,PARENTDETAILID,DICTIONARYID,ALIAS,NAME,VENDORPARAMETERID,PREDEFINEDVALUES,RADIUSRFCDICTIONARYPARAMETERID,DATATYPEID,VENDORPARAMETEROVERIDDEN,DICTIONARYNUMBER,USAGETYPE,NETWORKFILTERSUPPORT,AVPAIR,VENDORID,HASTAG,ATTRIBUTEID) VALUES(311,null,3,'default','vHA-RK-KEY',67,null,26,'DTT10','Y',0,null,null,'N',24757,'no','24757:67');
INSERT INTO TBLMRADIUSDICPARAMDETAIL (DICTIONARYPARAMETERDETAILID,PARENTDETAILID,DICTIONARYID,ALIAS,NAME,VENDORPARAMETERID,PREDEFINEDVALUES,RADIUSRFCDICTIONARYPARAMETERID,DATATYPEID,VENDORPARAMETEROVERIDDEN,DICTIONARYNUMBER,USAGETYPE,NETWORKFILTERSUPPORT,AVPAIR,VENDORID,HASTAG,ATTRIBUTEID) VALUES(312,null,3,'default','vHA-RK-SPI',68,null,26,'DTT01','Y',0,null,null,'N',24757,'no','24757:68');
INSERT INTO TBLMRADIUSDICPARAMDETAIL (DICTIONARYPARAMETERDETAILID,PARENTDETAILID,DICTIONARYID,ALIAS,NAME,VENDORPARAMETERID,PREDEFINEDVALUES,RADIUSRFCDICTIONARYPARAMETERID,DATATYPEID,VENDORPARAMETEROVERIDDEN,DICTIONARYNUMBER,USAGETYPE,NETWORKFILTERSUPPORT,AVPAIR,VENDORID,HASTAG,ATTRIBUTEID) VALUES(313,null,3,'default','vHA-RK-Lifetime',69,null,26,'DTT01','Y',0,null,null,'N',24757,'no','24757:69');

commit;




--<Diameter Dictionary>--

INSERT INTO TBLMDIAMETERDICTIONARY (DICTIONARYID,VENDORNAME,APPLICATIONNAME,DESCRIPTION,MODALNUMBER,EDITABLE,SYSTEMGENERATED,DICTIONARYNUMBER,COMMONSTATUSID,LASTMODIFIEDDATE,LASTMODIFIEDBYSTAFFID,CREATEDATE,CREATEDBYSTAFFID,STATUSCHANGEDDATE,VENDORID,APPLICATIONID) VALUES(1,'base','base','Base Dictionary','2','Y','N',0,'CST01',to_timestamp('22-DEC-11 03.55.29.584000000 PM','DD-MON-RR HH.MI.SS.FF AM'),1,to_timestamp('22-DEC-11 03.55.29.584000000 PM','DD-MON-RR HH.MI.SS.FF AM'),1,to_timestamp('22-DEC-11 03.55.29.584000000 PM','DD-MON-RR HH.MI.SS.FF AM'),0,0);
INSERT INTO TBLMDIAMETERDICTIONARY (DICTIONARYID,VENDORNAME,APPLICATIONNAME,DESCRIPTION,MODALNUMBER,EDITABLE,SYSTEMGENERATED,DICTIONARYNUMBER,COMMONSTATUSID,LASTMODIFIEDDATE,LASTMODIFIEDBYSTAFFID,CREATEDATE,CREATEDBYSTAFFID,STATUSCHANGEDDATE,VENDORID,APPLICATIONID) VALUES(2,'base','base','Credit-Control Dictionary','2','Y','N',0,'CST01',to_timestamp('22-DEC-11 04.01.14.144000000 PM','DD-MON-RR HH.MI.SS.FF AM'),1,to_timestamp('22-DEC-11 04.01.14.144000000 PM','DD-MON-RR HH.MI.SS.FF AM'),1,to_timestamp('22-DEC-11 04.01.14.144000000 PM','DD-MON-RR HH.MI.SS.FF AM'),0,4);
commit;
--<Base Dictionary>--

   --<Param>--
INSERT INTO TBLMDIAMETERDICPARAMDETAIL (PARAMETERDETAILID,DICTIONARYID,ALIAS,NAME,VENDORPARAMETERID,PREDEFINEDVALUES,DATATYPEID,VENDORPARAMETEROVERIDDEN,DICTIONARYNUMBER,NETWORKFILTERSUPPORT,VENDORID,DESCRIPTION,ENCRYPTION,MANDATORY,PROTECTED,ATTRIBUTEID) VALUES(1,1,'default','Called-Station-Id',30,null,'DTT20','N',0,null,0,null,'yes','yes','yes','0:30');
INSERT INTO TBLMDIAMETERDICPARAMDETAIL (PARAMETERDETAILID,DICTIONARYID,ALIAS,NAME,VENDORPARAMETERID,PREDEFINEDVALUES,DATATYPEID,VENDORPARAMETEROVERIDDEN,DICTIONARYNUMBER,NETWORKFILTERSUPPORT,VENDORID,DESCRIPTION,ENCRYPTION,MANDATORY,PROTECTED,ATTRIBUTEID) VALUES(2,1,'default','Calling-Station-Id',31,null,'DTT20','N',0,null,0,null,'yes','yes','yes','0:31');
INSERT INTO TBLMDIAMETERDICPARAMDETAIL (PARAMETERDETAILID,DICTIONARYID,ALIAS,NAME,VENDORPARAMETERID,PREDEFINEDVALUES,DATATYPEID,VENDORPARAMETEROVERIDDEN,DICTIONARYNUMBER,NETWORKFILTERSUPPORT,VENDORID,DESCRIPTION,ENCRYPTION,MANDATORY,PROTECTED,ATTRIBUTEID) VALUES(3,1,'default','Acct-Interim-Interval',85,null,'DTT34','N',0,null,0,null,'yes','yes','yes','0:85');
INSERT INTO TBLMDIAMETERDICPARAMDETAIL (PARAMETERDETAILID,DICTIONARYID,ALIAS,NAME,VENDORPARAMETERID,PREDEFINEDVALUES,DATATYPEID,VENDORPARAMETEROVERIDDEN,DICTIONARYNUMBER,NETWORKFILTERSUPPORT,VENDORID,DESCRIPTION,ENCRYPTION,MANDATORY,PROTECTED,ATTRIBUTEID) VALUES(4,1,'default','Accounting-Realtime-Required',483,'DELIVER_AND_GRANT:1,GRANT_AND_STORE:2,GRANT_AND_LOSE:3','DTT16','N',0,null,0,null,'yes','yes','yes','0:483');
INSERT INTO TBLMDIAMETERDICPARAMDETAIL (PARAMETERDETAILID,DICTIONARYID,ALIAS,NAME,VENDORPARAMETERID,PREDEFINEDVALUES,DATATYPEID,VENDORPARAMETEROVERIDDEN,DICTIONARYNUMBER,NETWORKFILTERSUPPORT,VENDORID,DESCRIPTION,ENCRYPTION,MANDATORY,PROTECTED,ATTRIBUTEID) VALUES(5,1,'default','Acct-Multi-Session-Id',50,null,'DTT33','N',0,null,0,null,'yes','yes','yes','0:50');
INSERT INTO TBLMDIAMETERDICPARAMDETAIL (PARAMETERDETAILID,DICTIONARYID,ALIAS,NAME,VENDORPARAMETERID,PREDEFINEDVALUES,DATATYPEID,VENDORPARAMETEROVERIDDEN,DICTIONARYNUMBER,NETWORKFILTERSUPPORT,VENDORID,DESCRIPTION,ENCRYPTION,MANDATORY,PROTECTED,ATTRIBUTEID) VALUES(6,1,'default','Accounting-Record-Number',485,null,'DTT34','N',0,null,0,null,'yes','yes','yes','0:485');
INSERT INTO TBLMDIAMETERDICPARAMDETAIL (PARAMETERDETAILID,DICTIONARYID,ALIAS,NAME,VENDORPARAMETERID,PREDEFINEDVALUES,DATATYPEID,VENDORPARAMETEROVERIDDEN,DICTIONARYNUMBER,NETWORKFILTERSUPPORT,VENDORID,DESCRIPTION,ENCRYPTION,MANDATORY,PROTECTED,ATTRIBUTEID) VALUES(7,1,'default','Accounting-Record-Type',480,'EVENT_RECORD:1,START_RECORD:2,INTERIM_RECORD:3,STOP_RECORD:4','DTT16','N',0,null,0,null,'yes','yes','yes','0:480');
INSERT INTO TBLMDIAMETERDICPARAMDETAIL (PARAMETERDETAILID,DICTIONARYID,ALIAS,NAME,VENDORPARAMETERID,PREDEFINEDVALUES,DATATYPEID,VENDORPARAMETEROVERIDDEN,DICTIONARYNUMBER,NETWORKFILTERSUPPORT,VENDORID,DESCRIPTION,ENCRYPTION,MANDATORY,PROTECTED,ATTRIBUTEID) VALUES(8,1,'default','Accounting-Session-Id',44,null,'DTT33','N',0,null,0,null,'yes','yes','yes','0:44');
INSERT INTO TBLMDIAMETERDICPARAMDETAIL (PARAMETERDETAILID,DICTIONARYID,ALIAS,NAME,VENDORPARAMETERID,PREDEFINEDVALUES,DATATYPEID,VENDORPARAMETEROVERIDDEN,DICTIONARYNUMBER,NETWORKFILTERSUPPORT,VENDORID,DESCRIPTION,ENCRYPTION,MANDATORY,PROTECTED,ATTRIBUTEID) VALUES(9,1,'default','Accounting-Sub-Session-Id',287,null,'DTT14','N',0,null,0,null,'yes','yes','yes','0:287');
INSERT INTO TBLMDIAMETERDICPARAMDETAIL (PARAMETERDETAILID,DICTIONARYID,ALIAS,NAME,VENDORPARAMETERID,PREDEFINEDVALUES,DATATYPEID,VENDORPARAMETEROVERIDDEN,DICTIONARYNUMBER,NETWORKFILTERSUPPORT,VENDORID,DESCRIPTION,ENCRYPTION,MANDATORY,PROTECTED,ATTRIBUTEID) VALUES(10,1,'default','Acct-Application-Id',259,null,'DTT34','N',0,null,0,null,'no','yes','yes','0:259');
INSERT INTO TBLMDIAMETERDICPARAMDETAIL (PARAMETERDETAILID,DICTIONARYID,ALIAS,NAME,VENDORPARAMETERID,PREDEFINEDVALUES,DATATYPEID,VENDORPARAMETEROVERIDDEN,DICTIONARYNUMBER,NETWORKFILTERSUPPORT,VENDORID,DESCRIPTION,ENCRYPTION,MANDATORY,PROTECTED,ATTRIBUTEID) VALUES(11,1,'default','Auth-Application-Id',258,null,'DTT34','N',0,null,0,null,'no','yes','yes','0:258');
INSERT INTO TBLMDIAMETERDICPARAMDETAIL (PARAMETERDETAILID,DICTIONARYID,ALIAS,NAME,VENDORPARAMETERID,PREDEFINEDVALUES,DATATYPEID,VENDORPARAMETEROVERIDDEN,DICTIONARYNUMBER,NETWORKFILTERSUPPORT,VENDORID,DESCRIPTION,ENCRYPTION,MANDATORY,PROTECTED,ATTRIBUTEID) VALUES(12,1,'default','Auth-Request-Type',274,'AUTHENTICATE_ONLY:1,AUTHORIZE_ONLY:2,AUTHORIZE_AUTHENTICATE:3','DTT16','N',0,null,0,null,'no','yes','yes','0:274');
INSERT INTO TBLMDIAMETERDICPARAMDETAIL (PARAMETERDETAILID,DICTIONARYID,ALIAS,NAME,VENDORPARAMETERID,PREDEFINEDVALUES,DATATYPEID,VENDORPARAMETEROVERIDDEN,DICTIONARYNUMBER,NETWORKFILTERSUPPORT,VENDORID,DESCRIPTION,ENCRYPTION,MANDATORY,PROTECTED,ATTRIBUTEID) VALUES(13,1,'default','Authorization-Lifetime',291,null,'DTT34','N',0,null,0,null,'no','yes','yes','0:291');
INSERT INTO TBLMDIAMETERDICPARAMDETAIL (PARAMETERDETAILID,DICTIONARYID,ALIAS,NAME,VENDORPARAMETERID,PREDEFINEDVALUES,DATATYPEID,VENDORPARAMETEROVERIDDEN,DICTIONARYNUMBER,NETWORKFILTERSUPPORT,VENDORID,DESCRIPTION,ENCRYPTION,MANDATORY,PROTECTED,ATTRIBUTEID) VALUES(14,1,'default','Auth-Grace-Period',276,null,'DTT34','N',0,null,0,null,'no','yes','yes','0:276');
INSERT INTO TBLMDIAMETERDICPARAMDETAIL (PARAMETERDETAILID,DICTIONARYID,ALIAS,NAME,VENDORPARAMETERID,PREDEFINEDVALUES,DATATYPEID,VENDORPARAMETEROVERIDDEN,DICTIONARYNUMBER,NETWORKFILTERSUPPORT,VENDORID,DESCRIPTION,ENCRYPTION,MANDATORY,PROTECTED,ATTRIBUTEID) VALUES(15,1,'default','Auth-Session-State',277,'STATE_MAINTAINED:0,NO_STATE_MAINTAINED:1','DTT16','N',0,null,0,null,'no','yes','yes','0:277');
INSERT INTO TBLMDIAMETERDICPARAMDETAIL (PARAMETERDETAILID,DICTIONARYID,ALIAS,NAME,VENDORPARAMETERID,PREDEFINEDVALUES,DATATYPEID,VENDORPARAMETEROVERIDDEN,DICTIONARYNUMBER,NETWORKFILTERSUPPORT,VENDORID,DESCRIPTION,ENCRYPTION,MANDATORY,PROTECTED,ATTRIBUTEID) VALUES(16,1,'default','Re-Auth-Request-Type',285,'AUTHORIZE_ONLY:0,AUTHORIZE_AUTHENTICATE:1','DTT16','N',0,null,0,null,'no','yes','yes','0:285');
INSERT INTO TBLMDIAMETERDICPARAMDETAIL (PARAMETERDETAILID,DICTIONARYID,ALIAS,NAME,VENDORPARAMETERID,PREDEFINEDVALUES,DATATYPEID,VENDORPARAMETEROVERIDDEN,DICTIONARYNUMBER,NETWORKFILTERSUPPORT,VENDORID,DESCRIPTION,ENCRYPTION,MANDATORY,PROTECTED,ATTRIBUTEID) VALUES(17,1,'default','Class',25,null,'DTT33','N',0,null,0,null,'yes','yes','yes','0:25');
INSERT INTO TBLMDIAMETERDICPARAMDETAIL (PARAMETERDETAILID,DICTIONARYID,ALIAS,NAME,VENDORPARAMETERID,PREDEFINEDVALUES,DATATYPEID,VENDORPARAMETEROVERIDDEN,DICTIONARYNUMBER,NETWORKFILTERSUPPORT,VENDORID,DESCRIPTION,ENCRYPTION,MANDATORY,PROTECTED,ATTRIBUTEID) VALUES(18,1,'default','Destination-Host',293,null,'DTT25','N',0,null,0,null,'no','yes','yes','0:293');
INSERT INTO TBLMDIAMETERDICPARAMDETAIL (PARAMETERDETAILID,DICTIONARYID,ALIAS,NAME,VENDORPARAMETERID,PREDEFINEDVALUES,DATATYPEID,VENDORPARAMETEROVERIDDEN,DICTIONARYNUMBER,NETWORKFILTERSUPPORT,VENDORID,DESCRIPTION,ENCRYPTION,MANDATORY,PROTECTED,ATTRIBUTEID) VALUES(19,1,'default','Destination-Realm',283,null,'DTT25','N',0,null,0,null,'no','yes','yes','0:283');
INSERT INTO TBLMDIAMETERDICPARAMDETAIL (PARAMETERDETAILID,DICTIONARYID,ALIAS,NAME,VENDORPARAMETERID,PREDEFINEDVALUES,DATATYPEID,VENDORPARAMETEROVERIDDEN,DICTIONARYNUMBER,NETWORKFILTERSUPPORT,VENDORID,DESCRIPTION,ENCRYPTION,MANDATORY,PROTECTED,ATTRIBUTEID) VALUES(20,1,'default','Disconnect-Cause',273,'REBOOTING:0,BUSY:1,DO_NOT_WANT_TO_TALK_TO_YOU:2','DTT16','N',0,null,0,null,'no','yes','yes','0:273');
INSERT INTO TBLMDIAMETERDICPARAMDETAIL (PARAMETERDETAILID,DICTIONARYID,ALIAS,NAME,VENDORPARAMETERID,PREDEFINEDVALUES,DATATYPEID,VENDORPARAMETEROVERIDDEN,DICTIONARYNUMBER,NETWORKFILTERSUPPORT,VENDORID,DESCRIPTION,ENCRYPTION,MANDATORY,PROTECTED,ATTRIBUTEID) VALUES(21,1,'default','E2E-Sequence AVP',300,null,'DTT12','N',0,null,0,null,'yes','yes','yes','0:300');
INSERT INTO TBLMDIAMETERDICPARAMDETAIL (PARAMETERDETAILID,DICTIONARYID,ALIAS,NAME,VENDORPARAMETERID,PREDEFINEDVALUES,DATATYPEID,VENDORPARAMETEROVERIDDEN,DICTIONARYNUMBER,NETWORKFILTERSUPPORT,VENDORID,DESCRIPTION,ENCRYPTION,MANDATORY,PROTECTED,ATTRIBUTEID) VALUES(22,1,'default','Error-Message',281,null,'DTT33','N',0,null,0,null,'no','no','yes','0:281');
INSERT INTO TBLMDIAMETERDICPARAMDETAIL (PARAMETERDETAILID,DICTIONARYID,ALIAS,NAME,VENDORPARAMETERID,PREDEFINEDVALUES,DATATYPEID,VENDORPARAMETEROVERIDDEN,DICTIONARYNUMBER,NETWORKFILTERSUPPORT,VENDORID,DESCRIPTION,ENCRYPTION,MANDATORY,PROTECTED,ATTRIBUTEID) VALUES(23,1,'default','Error-Reporting-Host',294,null,'DTT25','N',0,null,0,null,'no','no','yes','0:294');
INSERT INTO TBLMDIAMETERDICPARAMDETAIL (PARAMETERDETAILID,DICTIONARYID,ALIAS,NAME,VENDORPARAMETERID,PREDEFINEDVALUES,DATATYPEID,VENDORPARAMETEROVERIDDEN,DICTIONARYNUMBER,NETWORKFILTERSUPPORT,VENDORID,DESCRIPTION,ENCRYPTION,MANDATORY,PROTECTED,ATTRIBUTEID) VALUES(24,1,'default','Event-Timestamp',55,null,'DTT21','N',0,null,0,null,'no','yes','yes','0:55');
INSERT INTO TBLMDIAMETERDICPARAMDETAIL (PARAMETERDETAILID,DICTIONARYID,ALIAS,NAME,VENDORPARAMETERID,PREDEFINEDVALUES,DATATYPEID,VENDORPARAMETEROVERIDDEN,DICTIONARYNUMBER,NETWORKFILTERSUPPORT,VENDORID,DESCRIPTION,ENCRYPTION,MANDATORY,PROTECTED,ATTRIBUTEID) VALUES(25,1,'default','Experimental-Result',297,null,'DTT12','N',0,null,0,null,'no','yes','yes','0:297');
INSERT INTO TBLMDIAMETERDICPARAMDETAIL (PARAMETERDETAILID,DICTIONARYID,ALIAS,NAME,VENDORPARAMETERID,PREDEFINEDVALUES,DATATYPEID,VENDORPARAMETEROVERIDDEN,DICTIONARYNUMBER,NETWORKFILTERSUPPORT,VENDORID,DESCRIPTION,ENCRYPTION,MANDATORY,PROTECTED,ATTRIBUTEID) VALUES(26,1,'default','Experimental-Result-Code',298,null,'DTT34','N',0,null,0,null,'no','yes','yes','0:298');
INSERT INTO TBLMDIAMETERDICPARAMDETAIL (PARAMETERDETAILID,DICTIONARYID,ALIAS,NAME,VENDORPARAMETERID,PREDEFINEDVALUES,DATATYPEID,VENDORPARAMETEROVERIDDEN,DICTIONARYNUMBER,NETWORKFILTERSUPPORT,VENDORID,DESCRIPTION,ENCRYPTION,MANDATORY,PROTECTED,ATTRIBUTEID) VALUES(27,1,'default','Failed-AVP',279,null,'DTT12','N',0,null,0,null,'no','yes','yes','0:279');
INSERT INTO TBLMDIAMETERDICPARAMDETAIL (PARAMETERDETAILID,DICTIONARYID,ALIAS,NAME,VENDORPARAMETERID,PREDEFINEDVALUES,DATATYPEID,VENDORPARAMETEROVERIDDEN,DICTIONARYNUMBER,NETWORKFILTERSUPPORT,VENDORID,DESCRIPTION,ENCRYPTION,MANDATORY,PROTECTED,ATTRIBUTEID) VALUES(28,1,'default','Firmware-Revision',267,null,'DTT34','N',0,null,0,null,'no','no','no','0:267');
INSERT INTO TBLMDIAMETERDICPARAMDETAIL (PARAMETERDETAILID,DICTIONARYID,ALIAS,NAME,VENDORPARAMETERID,PREDEFINEDVALUES,DATATYPEID,VENDORPARAMETEROVERIDDEN,DICTIONARYNUMBER,NETWORKFILTERSUPPORT,VENDORID,DESCRIPTION,ENCRYPTION,MANDATORY,PROTECTED,ATTRIBUTEID) VALUES(29,1,'default','Host-IP-Address',257,null,'DTT29','N',0,null,0,null,'no','yes','yes','0:257');
INSERT INTO TBLMDIAMETERDICPARAMDETAIL (PARAMETERDETAILID,DICTIONARYID,ALIAS,NAME,VENDORPARAMETERID,PREDEFINEDVALUES,DATATYPEID,VENDORPARAMETEROVERIDDEN,DICTIONARYNUMBER,NETWORKFILTERSUPPORT,VENDORID,DESCRIPTION,ENCRYPTION,MANDATORY,PROTECTED,ATTRIBUTEID) VALUES(30,1,'default','Inband-Security-Id',299,'NO_INBAND_SECURITY:0,TLS:1','DTT34','N',0,null,0,null,'no','yes','yes','0:299');
INSERT INTO TBLMDIAMETERDICPARAMDETAIL (PARAMETERDETAILID,DICTIONARYID,ALIAS,NAME,VENDORPARAMETERID,PREDEFINEDVALUES,DATATYPEID,VENDORPARAMETEROVERIDDEN,DICTIONARYNUMBER,NETWORKFILTERSUPPORT,VENDORID,DESCRIPTION,ENCRYPTION,MANDATORY,PROTECTED,ATTRIBUTEID) VALUES(31,1,'default','Multi-Round-Time-Out',272,null,'DTT34','N',0,null,0,null,'yes','yes','yes','0:272');
INSERT INTO TBLMDIAMETERDICPARAMDETAIL (PARAMETERDETAILID,DICTIONARYID,ALIAS,NAME,VENDORPARAMETERID,PREDEFINEDVALUES,DATATYPEID,VENDORPARAMETEROVERIDDEN,DICTIONARYNUMBER,NETWORKFILTERSUPPORT,VENDORID,DESCRIPTION,ENCRYPTION,MANDATORY,PROTECTED,ATTRIBUTEID) VALUES(32,1,'default','Origin-Host',264,null,'DTT25','N',0,null,0,null,'no','yes','yes','0:264');
INSERT INTO TBLMDIAMETERDICPARAMDETAIL (PARAMETERDETAILID,DICTIONARYID,ALIAS,NAME,VENDORPARAMETERID,PREDEFINEDVALUES,DATATYPEID,VENDORPARAMETEROVERIDDEN,DICTIONARYNUMBER,NETWORKFILTERSUPPORT,VENDORID,DESCRIPTION,ENCRYPTION,MANDATORY,PROTECTED,ATTRIBUTEID) VALUES(33,1,'default','Origin-Realm',296,null,'DTT25','N',0,null,0,null,'no','yes','yes','0:296');
INSERT INTO TBLMDIAMETERDICPARAMDETAIL (PARAMETERDETAILID,DICTIONARYID,ALIAS,NAME,VENDORPARAMETERID,PREDEFINEDVALUES,DATATYPEID,VENDORPARAMETEROVERIDDEN,DICTIONARYNUMBER,NETWORKFILTERSUPPORT,VENDORID,DESCRIPTION,ENCRYPTION,MANDATORY,PROTECTED,ATTRIBUTEID) VALUES(34,1,'default','Origin-State-Id',278,null,'DTT34','N',0,null,0,null,'no','yes','yes','0:278');
INSERT INTO TBLMDIAMETERDICPARAMDETAIL (PARAMETERDETAILID,DICTIONARYID,ALIAS,NAME,VENDORPARAMETERID,PREDEFINEDVALUES,DATATYPEID,VENDORPARAMETEROVERIDDEN,DICTIONARYNUMBER,NETWORKFILTERSUPPORT,VENDORID,DESCRIPTION,ENCRYPTION,MANDATORY,PROTECTED,ATTRIBUTEID) VALUES(35,1,'default','Product-Name',269,null,'DTT33','N',0,null,0,null,'no','no','no','0:269');
INSERT INTO TBLMDIAMETERDICPARAMDETAIL (PARAMETERDETAILID,DICTIONARYID,ALIAS,NAME,VENDORPARAMETERID,PREDEFINEDVALUES,DATATYPEID,VENDORPARAMETEROVERIDDEN,DICTIONARYNUMBER,NETWORKFILTERSUPPORT,VENDORID,DESCRIPTION,ENCRYPTION,MANDATORY,PROTECTED,ATTRIBUTEID) VALUES(36,1,'default','Proxy-Host',280,null,'DTT25','N',0,null,0,null,'no','yes','no','0:280');
INSERT INTO TBLMDIAMETERDICPARAMDETAIL (PARAMETERDETAILID,DICTIONARYID,ALIAS,NAME,VENDORPARAMETERID,PREDEFINEDVALUES,DATATYPEID,VENDORPARAMETEROVERIDDEN,DICTIONARYNUMBER,NETWORKFILTERSUPPORT,VENDORID,DESCRIPTION,ENCRYPTION,MANDATORY,PROTECTED,ATTRIBUTEID) VALUES(37,1,'default','Proxy-Info',284,null,'DTT12','N',0,null,0,null,'no','yes','no','0:284');
INSERT INTO TBLMDIAMETERDICPARAMDETAIL (PARAMETERDETAILID,DICTIONARYID,ALIAS,NAME,VENDORPARAMETERID,PREDEFINEDVALUES,DATATYPEID,VENDORPARAMETEROVERIDDEN,DICTIONARYNUMBER,NETWORKFILTERSUPPORT,VENDORID,DESCRIPTION,ENCRYPTION,MANDATORY,PROTECTED,ATTRIBUTEID) VALUES(38,1,'default','Proxy-State',33,null,'DTT13','N',0,null,0,null,'no','yes','no','0:33');
INSERT INTO TBLMDIAMETERDICPARAMDETAIL (PARAMETERDETAILID,DICTIONARYID,ALIAS,NAME,VENDORPARAMETERID,PREDEFINEDVALUES,DATATYPEID,VENDORPARAMETEROVERIDDEN,DICTIONARYNUMBER,NETWORKFILTERSUPPORT,VENDORID,DESCRIPTION,ENCRYPTION,MANDATORY,PROTECTED,ATTRIBUTEID) VALUES(39,1,'default','Redirect-Host',292,null,'DTT28','N',0,null,0,null,'no','yes','yes','0:292');
INSERT INTO TBLMDIAMETERDICPARAMDETAIL (PARAMETERDETAILID,DICTIONARYID,ALIAS,NAME,VENDORPARAMETERID,PREDEFINEDVALUES,DATATYPEID,VENDORPARAMETEROVERIDDEN,DICTIONARYNUMBER,NETWORKFILTERSUPPORT,VENDORID,DESCRIPTION,ENCRYPTION,MANDATORY,PROTECTED,ATTRIBUTEID) VALUES(40,1,'default','Redirect-Host-Usage',261,'DONT_CACHE:0,ALL_SESSION:1,ALL_REALM:2,REALM_AND_APPLICATION:3,ALL_APPLICATION:4,ALL_HOST:5,ALL_USER:6','DTT16','N',0,null,0,null,'no','yes','yes','0:261');
INSERT INTO TBLMDIAMETERDICPARAMDETAIL (PARAMETERDETAILID,DICTIONARYID,ALIAS,NAME,VENDORPARAMETERID,PREDEFINEDVALUES,DATATYPEID,VENDORPARAMETEROVERIDDEN,DICTIONARYNUMBER,NETWORKFILTERSUPPORT,VENDORID,DESCRIPTION,ENCRYPTION,MANDATORY,PROTECTED,ATTRIBUTEID) VALUES(41,1,'default','Redirect-Max-Cache-Time',262,null,'DTT34','N',0,null,0,null,'no','yes','yes','0:262');
INSERT INTO TBLMDIAMETERDICPARAMDETAIL (PARAMETERDETAILID,DICTIONARYID,ALIAS,NAME,VENDORPARAMETERID,PREDEFINEDVALUES,DATATYPEID,VENDORPARAMETEROVERIDDEN,DICTIONARYNUMBER,NETWORKFILTERSUPPORT,VENDORID,DESCRIPTION,ENCRYPTION,MANDATORY,PROTECTED,ATTRIBUTEID) VALUES(42,1,'default','Result-Code',268,'DIAMETER_MULTI_ROUND_AUTH:1001,DIAMETER_SUCCESS:2001,DIAMETER_LIMITED_SUCCESS:2002,DIAMETER_COMMAND_UNSUPPORTED:3001,DIAMETER_UNABLE_TO_DELIVER:3002,DIAMETER_REALM_NOT_SERVED:3003,DIAMETER_TOO_BUSY:3004,DIAMETER_LOOP_DETECTED:3005,DIAMETER_REDIRECT_INDICATION:3006,DIAMETER_APPLICATION_UNSUPPORTED:3007,DIAMETER_INVALID_HDR_BITS:3008,DIAMETER_INVALID_AVP_BITS:3009,DIAMETER_UNKNOWN_PEER:3010,DIAMETER_AUTHENTICATION_REJECTED:4001,DIAMETER_OUT_OF_SPACE:4002,ELECTION_LOST:4003,DIAMETER_AVP_UNSUPPORTED:5001,DIAMETER_UNKNOWN_SESSION_ID:5002,DIAMETER_AUTHORIZATION_REJECTED:5003,DIAMETER_INVALID_AVP_VALUE:5004,DIAMETER_MISSING_AVP:5005,DIAMETER_RESOURCES_EXCEEDED:5006,DIAMETER_CONTRADICTING_AVPS:5007,DIAMETER_AVP_NOT_ALLOWED:5008,DIAMETER_AVP_OCCURS_TOO_MANY_TIMES:5009,DIAMETER_NO_COMMON_APPLICATION:5010,DIAMETER_UNSUPPORTED_VERSION:5011,DIAMETER_UNABLE_TO_COMPLY:5012,DIAMETER_INVALID_BIT_IN_HEADER:5013,DIAMETER_INVALID_AVP_LENGTH:5014,DIAMETER_INVALID_MESSAGE_LENGTH:5015,DIAMETER_INVALID_AVP_BIT_COMBO:5016,DIAMETER_NO_COMMON_SECURITY:5017','DTT34','N',0,null,0,null,'no','yes','yes','0:268');
INSERT INTO TBLMDIAMETERDICPARAMDETAIL (PARAMETERDETAILID,DICTIONARYID,ALIAS,NAME,VENDORPARAMETERID,PREDEFINEDVALUES,DATATYPEID,VENDORPARAMETEROVERIDDEN,DICTIONARYNUMBER,NETWORKFILTERSUPPORT,VENDORID,DESCRIPTION,ENCRYPTION,MANDATORY,PROTECTED,ATTRIBUTEID) VALUES(43,1,'default','Route-Record',282,null,'DTT25','N',0,null,0,null,'no','yes','no','0:282');
INSERT INTO TBLMDIAMETERDICPARAMDETAIL (PARAMETERDETAILID,DICTIONARYID,ALIAS,NAME,VENDORPARAMETERID,PREDEFINEDVALUES,DATATYPEID,VENDORPARAMETEROVERIDDEN,DICTIONARYNUMBER,NETWORKFILTERSUPPORT,VENDORID,DESCRIPTION,ENCRYPTION,MANDATORY,PROTECTED,ATTRIBUTEID) VALUES(44,1,'default','Session-Id',263,null,'DTT33','N',0,null,0,null,'yes','yes','yes','0:263');
INSERT INTO TBLMDIAMETERDICPARAMDETAIL (PARAMETERDETAILID,DICTIONARYID,ALIAS,NAME,VENDORPARAMETERID,PREDEFINEDVALUES,DATATYPEID,VENDORPARAMETEROVERIDDEN,DICTIONARYNUMBER,NETWORKFILTERSUPPORT,VENDORID,DESCRIPTION,ENCRYPTION,MANDATORY,PROTECTED,ATTRIBUTEID) VALUES(45,1,'default','Session-Timeout',27,null,'DTT34','N',0,null,0,null,'no','yes','yes','0:27');
INSERT INTO TBLMDIAMETERDICPARAMDETAIL (PARAMETERDETAILID,DICTIONARYID,ALIAS,NAME,VENDORPARAMETERID,PREDEFINEDVALUES,DATATYPEID,VENDORPARAMETEROVERIDDEN,DICTIONARYNUMBER,NETWORKFILTERSUPPORT,VENDORID,DESCRIPTION,ENCRYPTION,MANDATORY,PROTECTED,ATTRIBUTEID) VALUES(46,1,'default','Session-Binding',270,'RE_AUTH:1,STR:2,ACCOUNTING:4','DTT34','N',0,null,0,null,'yes','yes','yes','0:270');
INSERT INTO TBLMDIAMETERDICPARAMDETAIL (PARAMETERDETAILID,DICTIONARYID,ALIAS,NAME,VENDORPARAMETERID,PREDEFINEDVALUES,DATATYPEID,VENDORPARAMETEROVERIDDEN,DICTIONARYNUMBER,NETWORKFILTERSUPPORT,VENDORID,DESCRIPTION,ENCRYPTION,MANDATORY,PROTECTED,ATTRIBUTEID) VALUES(47,1,'default','Session-Server-Failover',271,'REFUSE_SERVICE:0,TRY_AGAIN:1,ALLOW_SERVICE:2,TRY_AGAIN_ALLOW_SERVICE:3','DTT16','N',0,null,0,null,'yes','yes','yes','0:271');
INSERT INTO TBLMDIAMETERDICPARAMDETAIL (PARAMETERDETAILID,DICTIONARYID,ALIAS,NAME,VENDORPARAMETERID,PREDEFINEDVALUES,DATATYPEID,VENDORPARAMETEROVERIDDEN,DICTIONARYNUMBER,NETWORKFILTERSUPPORT,VENDORID,DESCRIPTION,ENCRYPTION,MANDATORY,PROTECTED,ATTRIBUTEID) VALUES(48,1,'default','Supported-Vendor-Id',265,null,'DTT34','N',0,null,0,null,'no','yes','yes','0:265');
INSERT INTO TBLMDIAMETERDICPARAMDETAIL (PARAMETERDETAILID,DICTIONARYID,ALIAS,NAME,VENDORPARAMETERID,PREDEFINEDVALUES,DATATYPEID,VENDORPARAMETEROVERIDDEN,DICTIONARYNUMBER,NETWORKFILTERSUPPORT,VENDORID,DESCRIPTION,ENCRYPTION,MANDATORY,PROTECTED,ATTRIBUTEID) VALUES(49,1,'default','Termination-Cause',295,'DIAMETER_LOGOUT:1,DIAMETER_SERVICE_NOT_PROVIDED:2,DIAMETER_BAD_ANSWER:3,DIAMETER_ADMINISTRATIVE:4,DIAMETER_LINK_BROKEN:5,DIAMETER_AUTH_EXPIRED:6,DIAMETER_USER_MOVED:7,DIAMETER_SESSION_TIMEOUT:8','DTT16','N',0,null,0,null,'no','yes','yes','0:295');
INSERT INTO TBLMDIAMETERDICPARAMDETAIL (PARAMETERDETAILID,DICTIONARYID,ALIAS,NAME,VENDORPARAMETERID,PREDEFINEDVALUES,DATATYPEID,VENDORPARAMETEROVERIDDEN,DICTIONARYNUMBER,NETWORKFILTERSUPPORT,VENDORID,DESCRIPTION,ENCRYPTION,MANDATORY,PROTECTED,ATTRIBUTEID) VALUES(50,1,'default','User-Name',1,null,'DTT33','N',0,null,0,null,'yes','yes','yes','0:1');
INSERT INTO TBLMDIAMETERDICPARAMDETAIL (PARAMETERDETAILID,DICTIONARYID,ALIAS,NAME,VENDORPARAMETERID,PREDEFINEDVALUES,DATATYPEID,VENDORPARAMETEROVERIDDEN,DICTIONARYNUMBER,NETWORKFILTERSUPPORT,VENDORID,DESCRIPTION,ENCRYPTION,MANDATORY,PROTECTED,ATTRIBUTEID) VALUES(51,1,'default','User-Password',2,null,'DTT33','N',0,null,0,null,'yes','yes','yes','0:2');
INSERT INTO TBLMDIAMETERDICPARAMDETAIL (PARAMETERDETAILID,DICTIONARYID,ALIAS,NAME,VENDORPARAMETERID,PREDEFINEDVALUES,DATATYPEID,VENDORPARAMETEROVERIDDEN,DICTIONARYNUMBER,NETWORKFILTERSUPPORT,VENDORID,DESCRIPTION,ENCRYPTION,MANDATORY,PROTECTED,ATTRIBUTEID) VALUES(52,1,'default','Vendor-Id',266,null,'DTT34','N',0,null,0,null,'no','yes','yes','0:266');
INSERT INTO TBLMDIAMETERDICPARAMDETAIL (PARAMETERDETAILID,DICTIONARYID,ALIAS,NAME,VENDORPARAMETERID,PREDEFINEDVALUES,DATATYPEID,VENDORPARAMETEROVERIDDEN,DICTIONARYNUMBER,NETWORKFILTERSUPPORT,VENDORID,DESCRIPTION,ENCRYPTION,MANDATORY,PROTECTED,ATTRIBUTEID) VALUES(53,1,'default','Vendor-Specific-Application-Id',260,null,'DTT12','N',0,null,0,null,'no','yes','yes','0:260');
INSERT INTO TBLMDIAMETERDICPARAMDETAIL (PARAMETERDETAILID,DICTIONARYID,ALIAS,NAME,VENDORPARAMETERID,PREDEFINEDVALUES,DATATYPEID,VENDORPARAMETEROVERIDDEN,DICTIONARYNUMBER,NETWORKFILTERSUPPORT,VENDORID,DESCRIPTION,ENCRYPTION,MANDATORY,PROTECTED,ATTRIBUTEID) VALUES(54,1,'default','Framed-MTU',12,null,'DTT34','N',0,null,0,null,'yes','yes','yes','0:12');
commit;
--<Grouped Attribute>--
INSERT INTO TBLMDIAMETERGROUPEDATTRIBUTE (GROUPEDATTRID,ATTRIBUTERULEID,PARAMETERDETAILID,ATTRIBUTEID,VENDORID,NAME,MAXIMUM,MINIMUM,DIAMETERDICID,GROUPEDATTRIBUTETYPE) VALUES(1,null,27,-1,-1,'attribute','* ','1 ',1,'O');
INSERT INTO TBLMDIAMETERGROUPEDATTRIBUTE (GROUPEDATTRID,ATTRIBUTERULEID,PARAMETERDETAILID,ATTRIBUTEID,VENDORID,NAME,MAXIMUM,MINIMUM,DIAMETERDICID,GROUPEDATTRIBUTETYPE) VALUES(2,36,37,280,0,'Proxy-Host','1 ','1 ',1,'R');
INSERT INTO TBLMDIAMETERGROUPEDATTRIBUTE (GROUPEDATTRID,ATTRIBUTERULEID,PARAMETERDETAILID,ATTRIBUTEID,VENDORID,NAME,MAXIMUM,MINIMUM,DIAMETERDICID,GROUPEDATTRIBUTETYPE) VALUES(3,38,37,33,0,'Proxy-State','* ','1 ',1,'R');
INSERT INTO TBLMDIAMETERGROUPEDATTRIBUTE (GROUPEDATTRID,ATTRIBUTERULEID,PARAMETERDETAILID,ATTRIBUTEID,VENDORID,NAME,MAXIMUM,MINIMUM,DIAMETERDICID,GROUPEDATTRIBUTETYPE) VALUES(4,null,37,-1,-1,'attribute','* ','1 ',1,'O');
INSERT INTO TBLMDIAMETERGROUPEDATTRIBUTE (GROUPEDATTRID,ATTRIBUTERULEID,PARAMETERDETAILID,ATTRIBUTEID,VENDORID,NAME,MAXIMUM,MINIMUM,DIAMETERDICID,GROUPEDATTRIBUTETYPE) VALUES(5,52,53,266,0,'Vendor-Id','1 ','1 ',1,'F');
INSERT INTO TBLMDIAMETERGROUPEDATTRIBUTE (GROUPEDATTRID,ATTRIBUTERULEID,PARAMETERDETAILID,ATTRIBUTEID,VENDORID,NAME,MAXIMUM,MINIMUM,DIAMETERDICID,GROUPEDATTRIBUTETYPE) VALUES(6,11,53,258,0,'Auth-Application-Id','1 ','0 ',1,'R');
commit;


--<Credit-Control Dictionary>--

 --<Param>--
INSERT INTO TBLMDIAMETERDICPARAMDETAIL (PARAMETERDETAILID,DICTIONARYID,ALIAS,NAME,VENDORPARAMETERID,PREDEFINEDVALUES,DATATYPEID,VENDORPARAMETEROVERIDDEN,DICTIONARYNUMBER,NETWORKFILTERSUPPORT,VENDORID,DESCRIPTION,ENCRYPTION,MANDATORY,PROTECTED,ATTRIBUTEID) VALUES(55,2,'default','CC-Correlation-Id',411,null,'DTT33','N',0,null,0,null,'yes','no','yes','0:411');
INSERT INTO TBLMDIAMETERDICPARAMDETAIL (PARAMETERDETAILID,DICTIONARYID,ALIAS,NAME,VENDORPARAMETERID,PREDEFINEDVALUES,DATATYPEID,VENDORPARAMETEROVERIDDEN,DICTIONARYNUMBER,NETWORKFILTERSUPPORT,VENDORID,DESCRIPTION,ENCRYPTION,MANDATORY,PROTECTED,ATTRIBUTEID) VALUES(56,2,'default','CC-Input-Octets',412,null,'DTT14','N',0,null,0,null,'yes','yes','yes','0:412');
INSERT INTO TBLMDIAMETERDICPARAMDETAIL (PARAMETERDETAILID,DICTIONARYID,ALIAS,NAME,VENDORPARAMETERID,PREDEFINEDVALUES,DATATYPEID,VENDORPARAMETEROVERIDDEN,DICTIONARYNUMBER,NETWORKFILTERSUPPORT,VENDORID,DESCRIPTION,ENCRYPTION,MANDATORY,PROTECTED,ATTRIBUTEID) VALUES(57,2,'default','CC-Money',413,null,'DTT12','N',0,null,0,null,'yes','yes','yes','0:413');
INSERT INTO TBLMDIAMETERDICPARAMDETAIL (PARAMETERDETAILID,DICTIONARYID,ALIAS,NAME,VENDORPARAMETERID,PREDEFINEDVALUES,DATATYPEID,VENDORPARAMETEROVERIDDEN,DICTIONARYNUMBER,NETWORKFILTERSUPPORT,VENDORID,DESCRIPTION,ENCRYPTION,MANDATORY,PROTECTED,ATTRIBUTEID) VALUES(58,2,'default','CC-Output-Octets',414,null,'DTT14','N',0,null,0,null,'yes','yes','yes','0:414');
INSERT INTO TBLMDIAMETERDICPARAMDETAIL (PARAMETERDETAILID,DICTIONARYID,ALIAS,NAME,VENDORPARAMETERID,PREDEFINEDVALUES,DATATYPEID,VENDORPARAMETEROVERIDDEN,DICTIONARYNUMBER,NETWORKFILTERSUPPORT,VENDORID,DESCRIPTION,ENCRYPTION,MANDATORY,PROTECTED,ATTRIBUTEID) VALUES(59,2,'default','CC-Request-Number',415,null,'DTT34','N',0,null,0,null,'yes','yes','yes','0:415');
INSERT INTO TBLMDIAMETERDICPARAMDETAIL (PARAMETERDETAILID,DICTIONARYID,ALIAS,NAME,VENDORPARAMETERID,PREDEFINEDVALUES,DATATYPEID,VENDORPARAMETEROVERIDDEN,DICTIONARYNUMBER,NETWORKFILTERSUPPORT,VENDORID,DESCRIPTION,ENCRYPTION,MANDATORY,PROTECTED,ATTRIBUTEID) VALUES(60,2,'default','CC-Request-Type',416,'INITIAL_REQUEST:1,UPDATE_REQUEST:2,TERMINATION_REQUEST:3,EVENT_REQUEST:4','DTT16','N',0,null,0,null,'yes','yes','yes','0:416');
INSERT INTO TBLMDIAMETERDICPARAMDETAIL (PARAMETERDETAILID,DICTIONARYID,ALIAS,NAME,VENDORPARAMETERID,PREDEFINEDVALUES,DATATYPEID,VENDORPARAMETEROVERIDDEN,DICTIONARYNUMBER,NETWORKFILTERSUPPORT,VENDORID,DESCRIPTION,ENCRYPTION,MANDATORY,PROTECTED,ATTRIBUTEID) VALUES(61,2,'default','CC-Service-Specific-Units',417,null,'DTT14','N',0,null,0,null,'yes','yes','yes','0:417');
INSERT INTO TBLMDIAMETERDICPARAMDETAIL (PARAMETERDETAILID,DICTIONARYID,ALIAS,NAME,VENDORPARAMETERID,PREDEFINEDVALUES,DATATYPEID,VENDORPARAMETEROVERIDDEN,DICTIONARYNUMBER,NETWORKFILTERSUPPORT,VENDORID,DESCRIPTION,ENCRYPTION,MANDATORY,PROTECTED,ATTRIBUTEID) VALUES(62,2,'default','CC-Session-Failover',418,'FAILOVER_NOT_SUPPORTED:0,FAILOVER_SUPPORTED:1','DTT16','N',0,null,0,null,'yes','yes','yes','0:418');
INSERT INTO TBLMDIAMETERDICPARAMDETAIL (PARAMETERDETAILID,DICTIONARYID,ALIAS,NAME,VENDORPARAMETERID,PREDEFINEDVALUES,DATATYPEID,VENDORPARAMETEROVERIDDEN,DICTIONARYNUMBER,NETWORKFILTERSUPPORT,VENDORID,DESCRIPTION,ENCRYPTION,MANDATORY,PROTECTED,ATTRIBUTEID) VALUES(63,2,'default','CC-Sub-Session-Id',419,null,'DTT14','N',0,null,0,null,'yes','yes','yes','0:419');
INSERT INTO TBLMDIAMETERDICPARAMDETAIL (PARAMETERDETAILID,DICTIONARYID,ALIAS,NAME,VENDORPARAMETERID,PREDEFINEDVALUES,DATATYPEID,VENDORPARAMETEROVERIDDEN,DICTIONARYNUMBER,NETWORKFILTERSUPPORT,VENDORID,DESCRIPTION,ENCRYPTION,MANDATORY,PROTECTED,ATTRIBUTEID) VALUES(64,2,'default','CC-Time',420,null,'DTT34','N',0,null,0,null,'yes','yes','yes','0:420');
INSERT INTO TBLMDIAMETERDICPARAMDETAIL (PARAMETERDETAILID,DICTIONARYID,ALIAS,NAME,VENDORPARAMETERID,PREDEFINEDVALUES,DATATYPEID,VENDORPARAMETEROVERIDDEN,DICTIONARYNUMBER,NETWORKFILTERSUPPORT,VENDORID,DESCRIPTION,ENCRYPTION,MANDATORY,PROTECTED,ATTRIBUTEID) VALUES(65,2,'default','CC-Total-Octets',421,null,'DTT14','N',0,null,0,null,'yes','yes','yes','0:421');
INSERT INTO TBLMDIAMETERDICPARAMDETAIL (PARAMETERDETAILID,DICTIONARYID,ALIAS,NAME,VENDORPARAMETERID,PREDEFINEDVALUES,DATATYPEID,VENDORPARAMETEROVERIDDEN,DICTIONARYNUMBER,NETWORKFILTERSUPPORT,VENDORID,DESCRIPTION,ENCRYPTION,MANDATORY,PROTECTED,ATTRIBUTEID) VALUES(66,2,'default','CC-Unit-Type',454,'TIME:0,MONEY:1,TOTAL-OCTETS:2,INPUT-OCTETS:3,OUTPUT-OCTETS:4,SERVICE-SPECIFIC-UNITS:5','DTT16','N',0,null,0,null,'yes','yes','yes','0:454');
INSERT INTO TBLMDIAMETERDICPARAMDETAIL (PARAMETERDETAILID,DICTIONARYID,ALIAS,NAME,VENDORPARAMETERID,PREDEFINEDVALUES,DATATYPEID,VENDORPARAMETEROVERIDDEN,DICTIONARYNUMBER,NETWORKFILTERSUPPORT,VENDORID,DESCRIPTION,ENCRYPTION,MANDATORY,PROTECTED,ATTRIBUTEID) VALUES(67,2,'default','Check-Balance-Result',422,'ENOUGH_CREDIT:0,NO_CREDIT:1','DTT16','N',0,null,0,null,'yes','yes','yes','0:422');
INSERT INTO TBLMDIAMETERDICPARAMDETAIL (PARAMETERDETAILID,DICTIONARYID,ALIAS,NAME,VENDORPARAMETERID,PREDEFINEDVALUES,DATATYPEID,VENDORPARAMETEROVERIDDEN,DICTIONARYNUMBER,NETWORKFILTERSUPPORT,VENDORID,DESCRIPTION,ENCRYPTION,MANDATORY,PROTECTED,ATTRIBUTEID) VALUES(68,2,'default','Cost-Information',423,null,'DTT12','N',0,null,0,null,'yes','yes','yes','0:423');
INSERT INTO TBLMDIAMETERDICPARAMDETAIL (PARAMETERDETAILID,DICTIONARYID,ALIAS,NAME,VENDORPARAMETERID,PREDEFINEDVALUES,DATATYPEID,VENDORPARAMETEROVERIDDEN,DICTIONARYNUMBER,NETWORKFILTERSUPPORT,VENDORID,DESCRIPTION,ENCRYPTION,MANDATORY,PROTECTED,ATTRIBUTEID) VALUES(69,2,'default','Cost-Unit',424,null,'DTT33','N',0,null,0,null,'yes','yes','yes','0:424');
INSERT INTO TBLMDIAMETERDICPARAMDETAIL (PARAMETERDETAILID,DICTIONARYID,ALIAS,NAME,VENDORPARAMETERID,PREDEFINEDVALUES,DATATYPEID,VENDORPARAMETEROVERIDDEN,DICTIONARYNUMBER,NETWORKFILTERSUPPORT,VENDORID,DESCRIPTION,ENCRYPTION,MANDATORY,PROTECTED,ATTRIBUTEID) VALUES(70,2,'default','Credit-Control',426,'CREDIT_AUTHORIZATION:0,RE_AUTHORIZATION:1','DTT16','N',0,null,0,null,'yes','yes','yes','0:426');
INSERT INTO TBLMDIAMETERDICPARAMDETAIL (PARAMETERDETAILID,DICTIONARYID,ALIAS,NAME,VENDORPARAMETERID,PREDEFINEDVALUES,DATATYPEID,VENDORPARAMETEROVERIDDEN,DICTIONARYNUMBER,NETWORKFILTERSUPPORT,VENDORID,DESCRIPTION,ENCRYPTION,MANDATORY,PROTECTED,ATTRIBUTEID) VALUES(71,2,'default','Credit-Control-Failure-Handling',427,'TERMINATE:0,CONTINUE:1,RETRY_AND_TERMINATE:2','DTT16','N',0,null,0,null,'yes','yes','yes','0:427');
INSERT INTO TBLMDIAMETERDICPARAMDETAIL (PARAMETERDETAILID,DICTIONARYID,ALIAS,NAME,VENDORPARAMETERID,PREDEFINEDVALUES,DATATYPEID,VENDORPARAMETEROVERIDDEN,DICTIONARYNUMBER,NETWORKFILTERSUPPORT,VENDORID,DESCRIPTION,ENCRYPTION,MANDATORY,PROTECTED,ATTRIBUTEID) VALUES(72,2,'default','Currency-Code',425,null,'DTT34','N',0,null,0,null,'yes','yes','yes','0:425');
INSERT INTO TBLMDIAMETERDICPARAMDETAIL (PARAMETERDETAILID,DICTIONARYID,ALIAS,NAME,VENDORPARAMETERID,PREDEFINEDVALUES,DATATYPEID,VENDORPARAMETEROVERIDDEN,DICTIONARYNUMBER,NETWORKFILTERSUPPORT,VENDORID,DESCRIPTION,ENCRYPTION,MANDATORY,PROTECTED,ATTRIBUTEID) VALUES(73,2,'default','Direct-Debiting-Failure-Handling',428,'TERMINATE_OR_BUFFER:0,CONTINUE:1','DTT16','N',0,null,0,null,'yes','yes','yes','0:428');
INSERT INTO TBLMDIAMETERDICPARAMDETAIL (PARAMETERDETAILID,DICTIONARYID,ALIAS,NAME,VENDORPARAMETERID,PREDEFINEDVALUES,DATATYPEID,VENDORPARAMETEROVERIDDEN,DICTIONARYNUMBER,NETWORKFILTERSUPPORT,VENDORID,DESCRIPTION,ENCRYPTION,MANDATORY,PROTECTED,ATTRIBUTEID) VALUES(74,2,'default','Exponent',429,null,'DTT18','N',0,null,0,null,'yes','yes','yes','0:429');
INSERT INTO TBLMDIAMETERDICPARAMDETAIL (PARAMETERDETAILID,DICTIONARYID,ALIAS,NAME,VENDORPARAMETERID,PREDEFINEDVALUES,DATATYPEID,VENDORPARAMETEROVERIDDEN,DICTIONARYNUMBER,NETWORKFILTERSUPPORT,VENDORID,DESCRIPTION,ENCRYPTION,MANDATORY,PROTECTED,ATTRIBUTEID) VALUES(75,2,'default','Final-Unit-Action',449,'TERMINATE:0,REDIRECT:1,RESTRICT_ACCESS:2','DTT16','N',0,null,0,null,'yes','yes','yes','0:449');
INSERT INTO TBLMDIAMETERDICPARAMDETAIL (PARAMETERDETAILID,DICTIONARYID,ALIAS,NAME,VENDORPARAMETERID,PREDEFINEDVALUES,DATATYPEID,VENDORPARAMETEROVERIDDEN,DICTIONARYNUMBER,NETWORKFILTERSUPPORT,VENDORID,DESCRIPTION,ENCRYPTION,MANDATORY,PROTECTED,ATTRIBUTEID) VALUES(76,2,'default','Final-Unit-Indication',430,null,'DTT12','N',0,null,0,null,'no','no','no','0:430');
INSERT INTO TBLMDIAMETERDICPARAMDETAIL (PARAMETERDETAILID,DICTIONARYID,ALIAS,NAME,VENDORPARAMETERID,PREDEFINEDVALUES,DATATYPEID,VENDORPARAMETEROVERIDDEN,DICTIONARYNUMBER,NETWORKFILTERSUPPORT,VENDORID,DESCRIPTION,ENCRYPTION,MANDATORY,PROTECTED,ATTRIBUTEID) VALUES(77,2,'default','Granted-Service-Unit',431,null,'DTT12','N',0,null,0,null,'yes','yes','yes','0:431');
INSERT INTO TBLMDIAMETERDICPARAMDETAIL (PARAMETERDETAILID,DICTIONARYID,ALIAS,NAME,VENDORPARAMETERID,PREDEFINEDVALUES,DATATYPEID,VENDORPARAMETEROVERIDDEN,DICTIONARYNUMBER,NETWORKFILTERSUPPORT,VENDORID,DESCRIPTION,ENCRYPTION,MANDATORY,PROTECTED,ATTRIBUTEID) VALUES(78,2,'default','G-S-U-Pool-Identifier',453,null,'DTT34','N',0,null,0,null,'yes','yes','yes','0:453');
INSERT INTO TBLMDIAMETERDICPARAMDETAIL (PARAMETERDETAILID,DICTIONARYID,ALIAS,NAME,VENDORPARAMETERID,PREDEFINEDVALUES,DATATYPEID,VENDORPARAMETEROVERIDDEN,DICTIONARYNUMBER,NETWORKFILTERSUPPORT,VENDORID,DESCRIPTION,ENCRYPTION,MANDATORY,PROTECTED,ATTRIBUTEID) VALUES(79,2,'default','G-S-U-Pool-Reference',457,null,'DTT12','N',0,null,0,null,'yes','yes','yes','0:457');
INSERT INTO TBLMDIAMETERDICPARAMDETAIL (PARAMETERDETAILID,DICTIONARYID,ALIAS,NAME,VENDORPARAMETERID,PREDEFINEDVALUES,DATATYPEID,VENDORPARAMETEROVERIDDEN,DICTIONARYNUMBER,NETWORKFILTERSUPPORT,VENDORID,DESCRIPTION,ENCRYPTION,MANDATORY,PROTECTED,ATTRIBUTEID) VALUES(80,2,'default','Multiple-Services-Credit-Control',456,null,'DTT12','N',0,null,0,null,'yes','yes','yes','0:456');
INSERT INTO TBLMDIAMETERDICPARAMDETAIL (PARAMETERDETAILID,DICTIONARYID,ALIAS,NAME,VENDORPARAMETERID,PREDEFINEDVALUES,DATATYPEID,VENDORPARAMETEROVERIDDEN,DICTIONARYNUMBER,NETWORKFILTERSUPPORT,VENDORID,DESCRIPTION,ENCRYPTION,MANDATORY,PROTECTED,ATTRIBUTEID) VALUES(81,2,'default','Multiple-Services-Indicator',455,'DIRECT_DEBITING:0,REFUND_ACCOUNT:1,CHECK_BALANCE:2,PRICE_ENQUIRY:3','DTT16','N',0,null,0,null,'yes','yes','yes','0:455');
INSERT INTO TBLMDIAMETERDICPARAMDETAIL (PARAMETERDETAILID,DICTIONARYID,ALIAS,NAME,VENDORPARAMETERID,PREDEFINEDVALUES,DATATYPEID,VENDORPARAMETEROVERIDDEN,DICTIONARYNUMBER,NETWORKFILTERSUPPORT,VENDORID,DESCRIPTION,ENCRYPTION,MANDATORY,PROTECTED,ATTRIBUTEID) VALUES(82,2,'default','Rating-Group',432,null,'DTT34','N',0,null,0,null,'yes','yes','yes','0:432');
INSERT INTO TBLMDIAMETERDICPARAMDETAIL (PARAMETERDETAILID,DICTIONARYID,ALIAS,NAME,VENDORPARAMETERID,PREDEFINEDVALUES,DATATYPEID,VENDORPARAMETEROVERIDDEN,DICTIONARYNUMBER,NETWORKFILTERSUPPORT,VENDORID,DESCRIPTION,ENCRYPTION,MANDATORY,PROTECTED,ATTRIBUTEID) VALUES(83,2,'default','Redirect-Address-Type',433,'IPv4 Address:0,IPv6 Address:1,URL:2,SIP URI:3','DTT16','N',0,null,0,null,'yes','yes','yes','0:433');
INSERT INTO TBLMDIAMETERDICPARAMDETAIL (PARAMETERDETAILID,DICTIONARYID,ALIAS,NAME,VENDORPARAMETERID,PREDEFINEDVALUES,DATATYPEID,VENDORPARAMETEROVERIDDEN,DICTIONARYNUMBER,NETWORKFILTERSUPPORT,VENDORID,DESCRIPTION,ENCRYPTION,MANDATORY,PROTECTED,ATTRIBUTEID) VALUES(84,2,'default','Redirect-Server',434,null,'DTT12','N',0,null,0,null,'yes','yes','yes','0:434');
INSERT INTO TBLMDIAMETERDICPARAMDETAIL (PARAMETERDETAILID,DICTIONARYID,ALIAS,NAME,VENDORPARAMETERID,PREDEFINEDVALUES,DATATYPEID,VENDORPARAMETEROVERIDDEN,DICTIONARYNUMBER,NETWORKFILTERSUPPORT,VENDORID,DESCRIPTION,ENCRYPTION,MANDATORY,PROTECTED,ATTRIBUTEID) VALUES(85,2,'default','Redirect-Server-Address',435,null,'DTT33','N',0,null,0,null,'yes','yes','yes','0:435');
INSERT INTO TBLMDIAMETERDICPARAMDETAIL (PARAMETERDETAILID,DICTIONARYID,ALIAS,NAME,VENDORPARAMETERID,PREDEFINEDVALUES,DATATYPEID,VENDORPARAMETEROVERIDDEN,DICTIONARYNUMBER,NETWORKFILTERSUPPORT,VENDORID,DESCRIPTION,ENCRYPTION,MANDATORY,PROTECTED,ATTRIBUTEID) VALUES(86,2,'default','Requested-Action',436,'DIRECT_DEBITING:0,REFUND_ACCOUNT:1,CHECK_BALANCE:2,PRICE_ENQUIRY:3','DTT16','N',0,null,0,null,'yes','yes','yes','0:436');
INSERT INTO TBLMDIAMETERDICPARAMDETAIL (PARAMETERDETAILID,DICTIONARYID,ALIAS,NAME,VENDORPARAMETERID,PREDEFINEDVALUES,DATATYPEID,VENDORPARAMETEROVERIDDEN,DICTIONARYNUMBER,NETWORKFILTERSUPPORT,VENDORID,DESCRIPTION,ENCRYPTION,MANDATORY,PROTECTED,ATTRIBUTEID) VALUES(87,2,'default','Requested-Service-Unit',437,null,'DTT12','N',0,null,0,null,'yes','yes','yes','0:437');
INSERT INTO TBLMDIAMETERDICPARAMDETAIL (PARAMETERDETAILID,DICTIONARYID,ALIAS,NAME,VENDORPARAMETERID,PREDEFINEDVALUES,DATATYPEID,VENDORPARAMETEROVERIDDEN,DICTIONARYNUMBER,NETWORKFILTERSUPPORT,VENDORID,DESCRIPTION,ENCRYPTION,MANDATORY,PROTECTED,ATTRIBUTEID) VALUES(88,2,'default','Restriction-Filter-Rule',438,null,'DTT19','N',0,null,0,null,'yes','yes','yes','0:438');
INSERT INTO TBLMDIAMETERDICPARAMDETAIL (PARAMETERDETAILID,DICTIONARYID,ALIAS,NAME,VENDORPARAMETERID,PREDEFINEDVALUES,DATATYPEID,VENDORPARAMETEROVERIDDEN,DICTIONARYNUMBER,NETWORKFILTERSUPPORT,VENDORID,DESCRIPTION,ENCRYPTION,MANDATORY,PROTECTED,ATTRIBUTEID) VALUES(89,2,'default','Service-Context-Id',461,null,'DTT33','N',0,null,0,null,'yes','yes','yes','0:461');
INSERT INTO TBLMDIAMETERDICPARAMDETAIL (PARAMETERDETAILID,DICTIONARYID,ALIAS,NAME,VENDORPARAMETERID,PREDEFINEDVALUES,DATATYPEID,VENDORPARAMETEROVERIDDEN,DICTIONARYNUMBER,NETWORKFILTERSUPPORT,VENDORID,DESCRIPTION,ENCRYPTION,MANDATORY,PROTECTED,ATTRIBUTEID) VALUES(90,2,'default','Service-Identifier',439,null,'DTT34','N',0,null,0,null,'yes','yes','yes','0:439');
INSERT INTO TBLMDIAMETERDICPARAMDETAIL (PARAMETERDETAILID,DICTIONARYID,ALIAS,NAME,VENDORPARAMETERID,PREDEFINEDVALUES,DATATYPEID,VENDORPARAMETEROVERIDDEN,DICTIONARYNUMBER,NETWORKFILTERSUPPORT,VENDORID,DESCRIPTION,ENCRYPTION,MANDATORY,PROTECTED,ATTRIBUTEID) VALUES(91,2,'default','Service-Parameter-Info',440,null,'DTT12','N',0,null,0,null,'yes','no','yes','0:440');
INSERT INTO TBLMDIAMETERDICPARAMDETAIL (PARAMETERDETAILID,DICTIONARYID,ALIAS,NAME,VENDORPARAMETERID,PREDEFINEDVALUES,DATATYPEID,VENDORPARAMETEROVERIDDEN,DICTIONARYNUMBER,NETWORKFILTERSUPPORT,VENDORID,DESCRIPTION,ENCRYPTION,MANDATORY,PROTECTED,ATTRIBUTEID) VALUES(92,2,'default','Service-Parameter-Type',441,null,'DTT34','N',0,null,0,null,'yes','no','yes','0:441');
INSERT INTO TBLMDIAMETERDICPARAMDETAIL (PARAMETERDETAILID,DICTIONARYID,ALIAS,NAME,VENDORPARAMETERID,PREDEFINEDVALUES,DATATYPEID,VENDORPARAMETEROVERIDDEN,DICTIONARYNUMBER,NETWORKFILTERSUPPORT,VENDORID,DESCRIPTION,ENCRYPTION,MANDATORY,PROTECTED,ATTRIBUTEID) VALUES(93,2,'default','Service-Parameter-Value',442,null,'DTT13','N',0,null,0,null,'yes','no','yes','0:442');
INSERT INTO TBLMDIAMETERDICPARAMDETAIL (PARAMETERDETAILID,DICTIONARYID,ALIAS,NAME,VENDORPARAMETERID,PREDEFINEDVALUES,DATATYPEID,VENDORPARAMETEROVERIDDEN,DICTIONARYNUMBER,NETWORKFILTERSUPPORT,VENDORID,DESCRIPTION,ENCRYPTION,MANDATORY,PROTECTED,ATTRIBUTEID) VALUES(94,2,'default','Subscription-Id',443,null,'DTT12','N',0,null,0,null,'yes','yes','yes','0:443');
INSERT INTO TBLMDIAMETERDICPARAMDETAIL (PARAMETERDETAILID,DICTIONARYID,ALIAS,NAME,VENDORPARAMETERID,PREDEFINEDVALUES,DATATYPEID,VENDORPARAMETEROVERIDDEN,DICTIONARYNUMBER,NETWORKFILTERSUPPORT,VENDORID,DESCRIPTION,ENCRYPTION,MANDATORY,PROTECTED,ATTRIBUTEID) VALUES(95,2,'default','Subscription-Id-Data',444,null,'DTT33','N',0,null,0,null,'yes','yes','yes','0:444');
INSERT INTO TBLMDIAMETERDICPARAMDETAIL (PARAMETERDETAILID,DICTIONARYID,ALIAS,NAME,VENDORPARAMETERID,PREDEFINEDVALUES,DATATYPEID,VENDORPARAMETEROVERIDDEN,DICTIONARYNUMBER,NETWORKFILTERSUPPORT,VENDORID,DESCRIPTION,ENCRYPTION,MANDATORY,PROTECTED,ATTRIBUTEID) VALUES(96,2,'default','Subscription-Id-Type',450,'END_USER_E164:0,END_USER_IMSI:1,END_USER_SIP_URI:2,END_USER_NAI:3,END_USER_PRIVATE:4','DTT16','N',0,null,0,null,'yes','yes','yes','0:450');
INSERT INTO TBLMDIAMETERDICPARAMDETAIL (PARAMETERDETAILID,DICTIONARYID,ALIAS,NAME,VENDORPARAMETERID,PREDEFINEDVALUES,DATATYPEID,VENDORPARAMETEROVERIDDEN,DICTIONARYNUMBER,NETWORKFILTERSUPPORT,VENDORID,DESCRIPTION,ENCRYPTION,MANDATORY,PROTECTED,ATTRIBUTEID) VALUES(97,2,'default','Tariff-Change-Usage',452,'UNIT_BEFORE_TARIFF_CHANGE:0,UNIT_AFTER_TARIFF_CHANGE:1,UNIT_INDETERMINATE:2','DTT16','N',0,null,0,null,'yes','yes','yes','0:452');
INSERT INTO TBLMDIAMETERDICPARAMDETAIL (PARAMETERDETAILID,DICTIONARYID,ALIAS,NAME,VENDORPARAMETERID,PREDEFINEDVALUES,DATATYPEID,VENDORPARAMETEROVERIDDEN,DICTIONARYNUMBER,NETWORKFILTERSUPPORT,VENDORID,DESCRIPTION,ENCRYPTION,MANDATORY,PROTECTED,ATTRIBUTEID) VALUES(98,2,'default','Tariff-Time-Change',451,null,'DTT21','N',0,null,0,null,'yes','yes','yes','0:451');
INSERT INTO TBLMDIAMETERDICPARAMDETAIL (PARAMETERDETAILID,DICTIONARYID,ALIAS,NAME,VENDORPARAMETERID,PREDEFINEDVALUES,DATATYPEID,VENDORPARAMETEROVERIDDEN,DICTIONARYNUMBER,NETWORKFILTERSUPPORT,VENDORID,DESCRIPTION,ENCRYPTION,MANDATORY,PROTECTED,ATTRIBUTEID) VALUES(99,2,'default','Unit-Value',445,null,'DTT12','N',0,null,0,null,'yes','yes','yes','0:445');
INSERT INTO TBLMDIAMETERDICPARAMDETAIL (PARAMETERDETAILID,DICTIONARYID,ALIAS,NAME,VENDORPARAMETERID,PREDEFINEDVALUES,DATATYPEID,VENDORPARAMETEROVERIDDEN,DICTIONARYNUMBER,NETWORKFILTERSUPPORT,VENDORID,DESCRIPTION,ENCRYPTION,MANDATORY,PROTECTED,ATTRIBUTEID) VALUES(100,2,'default','Used-Service-Unit',446,null,'DTT12','N',0,null,0,null,'yes','yes','yes','0:446');
INSERT INTO TBLMDIAMETERDICPARAMDETAIL (PARAMETERDETAILID,DICTIONARYID,ALIAS,NAME,VENDORPARAMETERID,PREDEFINEDVALUES,DATATYPEID,VENDORPARAMETEROVERIDDEN,DICTIONARYNUMBER,NETWORKFILTERSUPPORT,VENDORID,DESCRIPTION,ENCRYPTION,MANDATORY,PROTECTED,ATTRIBUTEID) VALUES(101,2,'default','User-Equipment-Info',458,null,'DTT41','N',0,null,0,null,'yes','yes','no','0:458');
INSERT INTO TBLMDIAMETERDICPARAMDETAIL (PARAMETERDETAILID,DICTIONARYID,ALIAS,NAME,VENDORPARAMETERID,PREDEFINEDVALUES,DATATYPEID,VENDORPARAMETEROVERIDDEN,DICTIONARYNUMBER,NETWORKFILTERSUPPORT,VENDORID,DESCRIPTION,ENCRYPTION,MANDATORY,PROTECTED,ATTRIBUTEID) VALUES(102,2,'default','User-Equipment-Info-Type',459,'IMEISV:0,MAC:1,EUI64:2,MODIFIED_EUI64:3','DTT16','N',0,null,0,null,'yes','no','yes','0:459');
INSERT INTO TBLMDIAMETERDICPARAMDETAIL (PARAMETERDETAILID,DICTIONARYID,ALIAS,NAME,VENDORPARAMETERID,PREDEFINEDVALUES,DATATYPEID,VENDORPARAMETEROVERIDDEN,DICTIONARYNUMBER,NETWORKFILTERSUPPORT,VENDORID,DESCRIPTION,ENCRYPTION,MANDATORY,PROTECTED,ATTRIBUTEID) VALUES(103,2,'default','User-Equipment-Info-Value',460,null,'DTT42','N',0,null,0,null,'yes','yes','no','0:460');
INSERT INTO TBLMDIAMETERDICPARAMDETAIL (PARAMETERDETAILID,DICTIONARYID,ALIAS,NAME,VENDORPARAMETERID,PREDEFINEDVALUES,DATATYPEID,VENDORPARAMETEROVERIDDEN,DICTIONARYNUMBER,NETWORKFILTERSUPPORT,VENDORID,DESCRIPTION,ENCRYPTION,MANDATORY,PROTECTED,ATTRIBUTEID) VALUES(104,2,'default','Value-Digits',447,null,'DTT30','N',0,null,0,null,'yes','yes','yes','0:447');
INSERT INTO TBLMDIAMETERDICPARAMDETAIL (PARAMETERDETAILID,DICTIONARYID,ALIAS,NAME,VENDORPARAMETERID,PREDEFINEDVALUES,DATATYPEID,VENDORPARAMETEROVERIDDEN,DICTIONARYNUMBER,NETWORKFILTERSUPPORT,VENDORID,DESCRIPTION,ENCRYPTION,MANDATORY,PROTECTED,ATTRIBUTEID) VALUES(105,2,'default','Validity-Time',448,null,'DTT34','N',0,null,0,null,'yes','yes','yes','0:448');
commit;
--<Grouped Attribute>--
INSERT INTO TBLMDIAMETERGROUPEDATTRIBUTE (GROUPEDATTRID,ATTRIBUTERULEID,PARAMETERDETAILID,ATTRIBUTEID,VENDORID,NAME,MAXIMUM,MINIMUM,DIAMETERDICID,GROUPEDATTRIBUTETYPE) VALUES(7,99,57,445,0,'Unit-Value','1 ','1 ',2,'R');
INSERT INTO TBLMDIAMETERGROUPEDATTRIBUTE (GROUPEDATTRID,ATTRIBUTERULEID,PARAMETERDETAILID,ATTRIBUTEID,VENDORID,NAME,MAXIMUM,MINIMUM,DIAMETERDICID,GROUPEDATTRIBUTETYPE) VALUES(8,72,57,425,0,'Currency-Code','1 ','0 ',2,'O');
INSERT INTO TBLMDIAMETERGROUPEDATTRIBUTE (GROUPEDATTRID,ATTRIBUTERULEID,PARAMETERDETAILID,ATTRIBUTEID,VENDORID,NAME,MAXIMUM,MINIMUM,DIAMETERDICID,GROUPEDATTRIBUTETYPE) VALUES(9,99,68,445,0,'Unit-Value','1 ','1 ',2,'R');
INSERT INTO TBLMDIAMETERGROUPEDATTRIBUTE (GROUPEDATTRID,ATTRIBUTERULEID,PARAMETERDETAILID,ATTRIBUTEID,VENDORID,NAME,MAXIMUM,MINIMUM,DIAMETERDICID,GROUPEDATTRIBUTETYPE) VALUES(10,72,68,425,0,'Currency-Code','1 ','1 ',2,'R');
INSERT INTO TBLMDIAMETERGROUPEDATTRIBUTE (GROUPEDATTRID,ATTRIBUTERULEID,PARAMETERDETAILID,ATTRIBUTEID,VENDORID,NAME,MAXIMUM,MINIMUM,DIAMETERDICID,GROUPEDATTRIBUTETYPE) VALUES(11,69,68,424,0,'Cost-Unit','1 ','0 ',2,'O');
INSERT INTO TBLMDIAMETERGROUPEDATTRIBUTE (GROUPEDATTRID,ATTRIBUTERULEID,PARAMETERDETAILID,ATTRIBUTEID,VENDORID,NAME,MAXIMUM,MINIMUM,DIAMETERDICID,GROUPEDATTRIBUTETYPE) VALUES(12,75,76,449,0,'Final-Unit-Action','1 ','1 ',2,'R');
INSERT INTO TBLMDIAMETERGROUPEDATTRIBUTE (GROUPEDATTRID,ATTRIBUTERULEID,PARAMETERDETAILID,ATTRIBUTEID,VENDORID,NAME,MAXIMUM,MINIMUM,DIAMETERDICID,GROUPEDATTRIBUTETYPE) VALUES(13,88,76,438,0,'Restriction-Filter-Rule','* ','0 ',2,'O');
INSERT INTO TBLMDIAMETERGROUPEDATTRIBUTE (GROUPEDATTRID,ATTRIBUTERULEID,PARAMETERDETAILID,ATTRIBUTEID,VENDORID,NAME,MAXIMUM,MINIMUM,DIAMETERDICID,GROUPEDATTRIBUTETYPE) VALUES(14,84,76,434,0,'Redirect-Server','* ','0 ',2,'O');
INSERT INTO TBLMDIAMETERGROUPEDATTRIBUTE (GROUPEDATTRID,ATTRIBUTERULEID,PARAMETERDETAILID,ATTRIBUTEID,VENDORID,NAME,MAXIMUM,MINIMUM,DIAMETERDICID,GROUPEDATTRIBUTETYPE) VALUES(15,65,77,421,0,'CC-Total-Octets','1 ','0 ',2,'O');
INSERT INTO TBLMDIAMETERGROUPEDATTRIBUTE (GROUPEDATTRID,ATTRIBUTERULEID,PARAMETERDETAILID,ATTRIBUTEID,VENDORID,NAME,MAXIMUM,MINIMUM,DIAMETERDICID,GROUPEDATTRIBUTETYPE) VALUES(16,61,77,417,0,'CC-Service-Specific-Units','1 ','0 ',2,'O');
INSERT INTO TBLMDIAMETERGROUPEDATTRIBUTE (GROUPEDATTRID,ATTRIBUTERULEID,PARAMETERDETAILID,ATTRIBUTEID,VENDORID,NAME,MAXIMUM,MINIMUM,DIAMETERDICID,GROUPEDATTRIBUTETYPE) VALUES(17,64,77,420,0,'CC-Time','1 ','0 ',2,'O');
INSERT INTO TBLMDIAMETERGROUPEDATTRIBUTE (GROUPEDATTRID,ATTRIBUTERULEID,PARAMETERDETAILID,ATTRIBUTEID,VENDORID,NAME,MAXIMUM,MINIMUM,DIAMETERDICID,GROUPEDATTRIBUTETYPE) VALUES(18,98,77,451,0,'Tariff-Time-Change','1 ','0 ',2,'O');
INSERT INTO TBLMDIAMETERGROUPEDATTRIBUTE (GROUPEDATTRID,ATTRIBUTERULEID,PARAMETERDETAILID,ATTRIBUTEID,VENDORID,NAME,MAXIMUM,MINIMUM,DIAMETERDICID,GROUPEDATTRIBUTETYPE) VALUES(19,null,77,-1,-1,'attribute','* ','0 ',2,'O');
INSERT INTO TBLMDIAMETERGROUPEDATTRIBUTE (GROUPEDATTRID,ATTRIBUTERULEID,PARAMETERDETAILID,ATTRIBUTEID,VENDORID,NAME,MAXIMUM,MINIMUM,DIAMETERDICID,GROUPEDATTRIBUTETYPE) VALUES(20,56,77,412,0,'CC-Input-Octets','1 ','0 ',2,'O');
INSERT INTO TBLMDIAMETERGROUPEDATTRIBUTE (GROUPEDATTRID,ATTRIBUTERULEID,PARAMETERDETAILID,ATTRIBUTEID,VENDORID,NAME,MAXIMUM,MINIMUM,DIAMETERDICID,GROUPEDATTRIBUTETYPE) VALUES(21,58,77,414,0,'CC-Output-Octets','1 ','0 ',2,'O');
INSERT INTO TBLMDIAMETERGROUPEDATTRIBUTE (GROUPEDATTRID,ATTRIBUTERULEID,PARAMETERDETAILID,ATTRIBUTEID,VENDORID,NAME,MAXIMUM,MINIMUM,DIAMETERDICID,GROUPEDATTRIBUTETYPE) VALUES(22,57,77,413,0,'CC-Money','1 ','0 ',2,'O');
INSERT INTO TBLMDIAMETERGROUPEDATTRIBUTE (GROUPEDATTRID,ATTRIBUTERULEID,PARAMETERDETAILID,ATTRIBUTEID,VENDORID,NAME,MAXIMUM,MINIMUM,DIAMETERDICID,GROUPEDATTRIBUTETYPE) VALUES(23,99,79,445,0,'Unit-Value','1 ','1 ',2,'R');
INSERT INTO TBLMDIAMETERGROUPEDATTRIBUTE (GROUPEDATTRID,ATTRIBUTERULEID,PARAMETERDETAILID,ATTRIBUTEID,VENDORID,NAME,MAXIMUM,MINIMUM,DIAMETERDICID,GROUPEDATTRIBUTETYPE) VALUES(24,66,79,454,0,'CC-Unit-Type','1 ','1 ',2,'R');
INSERT INTO TBLMDIAMETERGROUPEDATTRIBUTE (GROUPEDATTRID,ATTRIBUTERULEID,PARAMETERDETAILID,ATTRIBUTEID,VENDORID,NAME,MAXIMUM,MINIMUM,DIAMETERDICID,GROUPEDATTRIBUTETYPE) VALUES(25,78,79,453,0,'G-S-U-Pool-Identifier','1 ','1 ',2,'R');
INSERT INTO TBLMDIAMETERGROUPEDATTRIBUTE (GROUPEDATTRID,ATTRIBUTERULEID,PARAMETERDETAILID,ATTRIBUTEID,VENDORID,NAME,MAXIMUM,MINIMUM,DIAMETERDICID,GROUPEDATTRIBUTETYPE) VALUES(26,79,80,457,0,'G-S-U-Pool-Reference','* ','0 ',2,'O');
INSERT INTO TBLMDIAMETERGROUPEDATTRIBUTE (GROUPEDATTRID,ATTRIBUTERULEID,PARAMETERDETAILID,ATTRIBUTEID,VENDORID,NAME,MAXIMUM,MINIMUM,DIAMETERDICID,GROUPEDATTRIBUTETYPE) VALUES(27,105,80,448,0,'Validity-Time','1 ','0 ',2,'O');
INSERT INTO TBLMDIAMETERGROUPEDATTRIBUTE (GROUPEDATTRID,ATTRIBUTERULEID,PARAMETERDETAILID,ATTRIBUTEID,VENDORID,NAME,MAXIMUM,MINIMUM,DIAMETERDICID,GROUPEDATTRIBUTETYPE) VALUES(28,97,80,452,0,'Tariff-Change-Usage','1 ','0 ',2,'O');
INSERT INTO TBLMDIAMETERGROUPEDATTRIBUTE (GROUPEDATTRID,ATTRIBUTERULEID,PARAMETERDETAILID,ATTRIBUTEID,VENDORID,NAME,MAXIMUM,MINIMUM,DIAMETERDICID,GROUPEDATTRIBUTETYPE) VALUES(29,87,80,437,0,'Requested-Service-Unit','1 ','0 ',2,'O');
INSERT INTO TBLMDIAMETERGROUPEDATTRIBUTE (GROUPEDATTRID,ATTRIBUTERULEID,PARAMETERDETAILID,ATTRIBUTEID,VENDORID,NAME,MAXIMUM,MINIMUM,DIAMETERDICID,GROUPEDATTRIBUTETYPE) VALUES(30,82,80,432,0,'Rating-Group','1 ','0 ',2,'O');
INSERT INTO TBLMDIAMETERGROUPEDATTRIBUTE (GROUPEDATTRID,ATTRIBUTERULEID,PARAMETERDETAILID,ATTRIBUTEID,VENDORID,NAME,MAXIMUM,MINIMUM,DIAMETERDICID,GROUPEDATTRIBUTETYPE) VALUES(31,90,80,439,0,'Service-Identifier','* ','0 ',2,'O');
INSERT INTO TBLMDIAMETERGROUPEDATTRIBUTE (GROUPEDATTRID,ATTRIBUTERULEID,PARAMETERDETAILID,ATTRIBUTEID,VENDORID,NAME,MAXIMUM,MINIMUM,DIAMETERDICID,GROUPEDATTRIBUTETYPE) VALUES(32,77,80,431,0,'Granted-Service-Unit','1 ','0 ',2,'O');
INSERT INTO TBLMDIAMETERGROUPEDATTRIBUTE (GROUPEDATTRID,ATTRIBUTERULEID,PARAMETERDETAILID,ATTRIBUTEID,VENDORID,NAME,MAXIMUM,MINIMUM,DIAMETERDICID,GROUPEDATTRIBUTETYPE) VALUES(33,null,80,-1,-1,'attribute','* ','0 ',2,'O');
INSERT INTO TBLMDIAMETERGROUPEDATTRIBUTE (GROUPEDATTRID,ATTRIBUTERULEID,PARAMETERDETAILID,ATTRIBUTEID,VENDORID,NAME,MAXIMUM,MINIMUM,DIAMETERDICID,GROUPEDATTRIBUTETYPE) VALUES(34,100,80,446,0,'Used-Service-Unit','* ','0 ',2,'O');
INSERT INTO TBLMDIAMETERGROUPEDATTRIBUTE (GROUPEDATTRID,ATTRIBUTERULEID,PARAMETERDETAILID,ATTRIBUTEID,VENDORID,NAME,MAXIMUM,MINIMUM,DIAMETERDICID,GROUPEDATTRIBUTETYPE) VALUES(35,76,80,430,0,'Final-Unit-Indication','1 ','0 ',2,'O');
INSERT INTO TBLMDIAMETERGROUPEDATTRIBUTE (GROUPEDATTRID,ATTRIBUTERULEID,PARAMETERDETAILID,ATTRIBUTEID,VENDORID,NAME,MAXIMUM,MINIMUM,DIAMETERDICID,GROUPEDATTRIBUTETYPE) VALUES(36,83,84,433,0,'Redirect-Address-Type','1 ','1 ',2,'R');
INSERT INTO TBLMDIAMETERGROUPEDATTRIBUTE (GROUPEDATTRID,ATTRIBUTERULEID,PARAMETERDETAILID,ATTRIBUTEID,VENDORID,NAME,MAXIMUM,MINIMUM,DIAMETERDICID,GROUPEDATTRIBUTETYPE) VALUES(37,85,84,435,0,'Redirect-Server-Address','1 ','1 ',2,'R');
INSERT INTO TBLMDIAMETERGROUPEDATTRIBUTE (GROUPEDATTRID,ATTRIBUTERULEID,PARAMETERDETAILID,ATTRIBUTEID,VENDORID,NAME,MAXIMUM,MINIMUM,DIAMETERDICID,GROUPEDATTRIBUTETYPE) VALUES(38,65,87,421,0,'CC-Total-Octets','1 ','0 ',2,'O');
INSERT INTO TBLMDIAMETERGROUPEDATTRIBUTE (GROUPEDATTRID,ATTRIBUTERULEID,PARAMETERDETAILID,ATTRIBUTEID,VENDORID,NAME,MAXIMUM,MINIMUM,DIAMETERDICID,GROUPEDATTRIBUTETYPE) VALUES(39,61,87,417,0,'CC-Service-Specific-Units','1 ','0 ',2,'O');
INSERT INTO TBLMDIAMETERGROUPEDATTRIBUTE (GROUPEDATTRID,ATTRIBUTERULEID,PARAMETERDETAILID,ATTRIBUTEID,VENDORID,NAME,MAXIMUM,MINIMUM,DIAMETERDICID,GROUPEDATTRIBUTETYPE) VALUES(40,64,87,420,0,'CC-Time','1 ','0 ',2,'O');
INSERT INTO TBLMDIAMETERGROUPEDATTRIBUTE (GROUPEDATTRID,ATTRIBUTERULEID,PARAMETERDETAILID,ATTRIBUTEID,VENDORID,NAME,MAXIMUM,MINIMUM,DIAMETERDICID,GROUPEDATTRIBUTETYPE) VALUES(41,null,87,-1,-1,'attribute','* ','0 ',2,'O');
INSERT INTO TBLMDIAMETERGROUPEDATTRIBUTE (GROUPEDATTRID,ATTRIBUTERULEID,PARAMETERDETAILID,ATTRIBUTEID,VENDORID,NAME,MAXIMUM,MINIMUM,DIAMETERDICID,GROUPEDATTRIBUTETYPE) VALUES(42,56,87,412,0,'CC-Input-Octets','1 ','0 ',2,'O');
INSERT INTO TBLMDIAMETERGROUPEDATTRIBUTE (GROUPEDATTRID,ATTRIBUTERULEID,PARAMETERDETAILID,ATTRIBUTEID,VENDORID,NAME,MAXIMUM,MINIMUM,DIAMETERDICID,GROUPEDATTRIBUTETYPE) VALUES(43,58,87,414,0,'CC-Output-Octets','1 ','0 ',2,'O');
INSERT INTO TBLMDIAMETERGROUPEDATTRIBUTE (GROUPEDATTRID,ATTRIBUTERULEID,PARAMETERDETAILID,ATTRIBUTEID,VENDORID,NAME,MAXIMUM,MINIMUM,DIAMETERDICID,GROUPEDATTRIBUTETYPE) VALUES(44,57,87,413,0,'CC-Money','1 ','0 ',2,'O');
INSERT INTO TBLMDIAMETERGROUPEDATTRIBUTE (GROUPEDATTRID,ATTRIBUTERULEID,PARAMETERDETAILID,ATTRIBUTEID,VENDORID,NAME,MAXIMUM,MINIMUM,DIAMETERDICID,GROUPEDATTRIBUTETYPE) VALUES(45,92,91,441,0,'Service-Parameter-Type','1 ','1 ',2,'R');
INSERT INTO TBLMDIAMETERGROUPEDATTRIBUTE (GROUPEDATTRID,ATTRIBUTERULEID,PARAMETERDETAILID,ATTRIBUTEID,VENDORID,NAME,MAXIMUM,MINIMUM,DIAMETERDICID,GROUPEDATTRIBUTETYPE) VALUES(46,93,91,442,0,'Service-Parameter-Value','1 ','1 ',2,'R');
INSERT INTO TBLMDIAMETERGROUPEDATTRIBUTE (GROUPEDATTRID,ATTRIBUTERULEID,PARAMETERDETAILID,ATTRIBUTEID,VENDORID,NAME,MAXIMUM,MINIMUM,DIAMETERDICID,GROUPEDATTRIBUTETYPE) VALUES(47,95,94,444,0,'Subscription-Id-Data','1 ','1 ',2,'R');
INSERT INTO TBLMDIAMETERGROUPEDATTRIBUTE (GROUPEDATTRID,ATTRIBUTERULEID,PARAMETERDETAILID,ATTRIBUTEID,VENDORID,NAME,MAXIMUM,MINIMUM,DIAMETERDICID,GROUPEDATTRIBUTETYPE) VALUES(48,96,94,450,0,'Subscription-Id-Type','1 ','1 ',2,'R');
INSERT INTO TBLMDIAMETERGROUPEDATTRIBUTE (GROUPEDATTRID,ATTRIBUTERULEID,PARAMETERDETAILID,ATTRIBUTEID,VENDORID,NAME,MAXIMUM,MINIMUM,DIAMETERDICID,GROUPEDATTRIBUTETYPE) VALUES(49,104,99,447,0,'Value-Digits','1 ','1 ',2,'R');
INSERT INTO TBLMDIAMETERGROUPEDATTRIBUTE (GROUPEDATTRID,ATTRIBUTERULEID,PARAMETERDETAILID,ATTRIBUTEID,VENDORID,NAME,MAXIMUM,MINIMUM,DIAMETERDICID,GROUPEDATTRIBUTETYPE) VALUES(50,74,99,429,0,'Exponent','1 ','0 ',2,'O');
INSERT INTO TBLMDIAMETERGROUPEDATTRIBUTE (GROUPEDATTRID,ATTRIBUTERULEID,PARAMETERDETAILID,ATTRIBUTEID,VENDORID,NAME,MAXIMUM,MINIMUM,DIAMETERDICID,GROUPEDATTRIBUTETYPE) VALUES(51,65,100,421,0,'CC-Total-Octets','1 ','0 ',2,'O');
INSERT INTO TBLMDIAMETERGROUPEDATTRIBUTE (GROUPEDATTRID,ATTRIBUTERULEID,PARAMETERDETAILID,ATTRIBUTEID,VENDORID,NAME,MAXIMUM,MINIMUM,DIAMETERDICID,GROUPEDATTRIBUTETYPE) VALUES(52,97,100,452,0,'Tariff-Change-Usage','1 ','0 ',2,'O');
INSERT INTO TBLMDIAMETERGROUPEDATTRIBUTE (GROUPEDATTRID,ATTRIBUTERULEID,PARAMETERDETAILID,ATTRIBUTEID,VENDORID,NAME,MAXIMUM,MINIMUM,DIAMETERDICID,GROUPEDATTRIBUTETYPE) VALUES(53,61,100,417,0,'CC-Service-Specific-Units','1 ','0 ',2,'O');
INSERT INTO TBLMDIAMETERGROUPEDATTRIBUTE (GROUPEDATTRID,ATTRIBUTERULEID,PARAMETERDETAILID,ATTRIBUTEID,VENDORID,NAME,MAXIMUM,MINIMUM,DIAMETERDICID,GROUPEDATTRIBUTETYPE) VALUES(54,64,100,420,0,'CC-Time','1 ','0 ',2,'O');
INSERT INTO TBLMDIAMETERGROUPEDATTRIBUTE (GROUPEDATTRID,ATTRIBUTERULEID,PARAMETERDETAILID,ATTRIBUTEID,VENDORID,NAME,MAXIMUM,MINIMUM,DIAMETERDICID,GROUPEDATTRIBUTETYPE) VALUES(55,null,100,-1,-1,'attribute','* ','0 ',2,'O');
INSERT INTO TBLMDIAMETERGROUPEDATTRIBUTE (GROUPEDATTRID,ATTRIBUTERULEID,PARAMETERDETAILID,ATTRIBUTEID,VENDORID,NAME,MAXIMUM,MINIMUM,DIAMETERDICID,GROUPEDATTRIBUTETYPE) VALUES(56,56,100,412,0,'CC-Input-Octets','1 ','0 ',2,'O');
INSERT INTO TBLMDIAMETERGROUPEDATTRIBUTE (GROUPEDATTRID,ATTRIBUTERULEID,PARAMETERDETAILID,ATTRIBUTEID,VENDORID,NAME,MAXIMUM,MINIMUM,DIAMETERDICID,GROUPEDATTRIBUTETYPE) VALUES(57,58,100,414,0,'CC-Output-Octets','1 ','0 ',2,'O');
INSERT INTO TBLMDIAMETERGROUPEDATTRIBUTE (GROUPEDATTRID,ATTRIBUTERULEID,PARAMETERDETAILID,ATTRIBUTEID,VENDORID,NAME,MAXIMUM,MINIMUM,DIAMETERDICID,GROUPEDATTRIBUTETYPE) VALUES(58,57,100,413,0,'CC-Money','1 ','0 ',2,'O');
commit;


---------------------------------------------
-----End Dictioanry Data
---------------------------------------------



INSERT INTO TBLMDATABASEDS (DATABASEDSID,NAME,CONNECTIONURL,USERNAME,PASSWORD,MINIMUMPOOL,MAXIMUMPOOL,LASTMODIFIEDBYSTAFFID,CREATEDBYSTAFFID,LASTMODIFIEDDATE,CREATEDATE,STATUSCHECKDURATION,TIMEOUT)
VALUES (1,'DefaultDatabaseDatasource','jdbc:oracle:thin:@127.0.0.1:1521:orcl','netvertex','fqZ4hqZ}hKZ8',2,10,1,1,null,null,120,1000);


--for BIS model
INSERT INTO TBLMBISMODEL(BUSINESSMODELID,ALIAS,NAME,SYSTEMGENERATED,STATUS,DESCRIPTION,FREEZEPROFILE) VALUES
('BM000014','ROUTING_MANAGEMENT','Routing Management','N','E','Routing Management','E');

--bis module
INSERT INTO TBLMBISMODULE(BUSINESSMODULEID,ALIAS,NAME,SYSTEMGENERATED,STATUS,BISMODULETYPEID,DESCRIPTION,FREEZEPROFILE) VALUES
('BMO00035','NETWORK_MANAGEMENT','Network Management','N','E','BTY00001','Network Management','E');

INSERT INTO TBLMBISMODULE(BUSINESSMODULEID,ALIAS,NAME,SYSTEMGENERATED,STATUS,BISMODULETYPEID,DESCRIPTION,FREEZEPROFILE) VALUES
('BMO00036','MCCMNCGROUP_MANAGEMENT','MCCMNC Group Management','N' ,'E','BTY00001','MCCMNC Group Management','E');

INSERT INTO TBLMBISMODULE(BUSINESSMODULEID,ALIAS,NAME,SYSTEMGENERATED,STATUS,BISMODULETYPEID,DESCRIPTION,FREEZEPROFILE) VALUES
('BMO00037','ROUTING_TABLE_MANAGEMENT','Routing Table Management','N' ,'E','BTY00001','Routing Table Management','E');

INSERT INTO TBLMBISMODULE(BUSINESSMODULEID,ALIAS,NAME,SYSTEMGENERATED,STATUS,BISMODULETYPEID,DESCRIPTION,FREEZEPROFILE) VALUES
('BMO00038','CUSTOMIZED_MENU_MANAGAMENT','Customized Menu Management','N' ,'E','BTY00001','Customized Menu Management','E');


-- Subbis Modue
INSERT INTO TBLMSUBBISMODULE(SUBBUSINESSMODULEID,ALIAS,NAME,SYSTEMGENERATED,STATUS,SUBBISMODULETYPEID,DESCRIPTION,FREEZEPROFILE) VALUES
('SBM00080','CREATE_NETWORK','Create Network','N','E','STY00001','Create Network','E');

INSERT INTO TBLMSUBBISMODULE(SUBBUSINESSMODULEID,ALIAS,NAME,SYSTEMGENERATED,STATUS,SUBBISMODULETYPEID,DESCRIPTION,FREEZEPROFILE) VALUES
('SBM00081','SEARCH_NETWORK','Search Network','N','E','STY00001','Search Network','E');





INSERT INTO TBLMSUBBISMODULE(SUBBUSINESSMODULEID,ALIAS,NAME,SYSTEMGENERATED,STATUS,SUBBISMODULETYPEID,DESCRIPTION,FREEZEPROFILE) VALUES
('SBM00082','Create_MCCMNC_Group','Create MCCMNC Group','N','E','STY00001','Create MCCMNC Group','E');

INSERT INTO TBLMSUBBISMODULE(SUBBUSINESSMODULEID,ALIAS,NAME,SYSTEMGENERATED,STATUS,SUBBISMODULETYPEID,DESCRIPTION,FREEZEPROFILE) VALUES
('SBM00083','Search_MCCMNC_Group','Search MCCMNC Group','N','E','STY00001','Search MCCMNC Group','E');

INSERT INTO TBLMSUBBISMODULE(SUBBUSINESSMODULEID,ALIAS,NAME,SYSTEMGENERATED,STATUS,SUBBISMODULETYPEID,DESCRIPTION,FREEZEPROFILE) VALUES
('SBM00084','CREATE_ROUTING_ENTRY','Create Routing Entry','N','E','STY00001','Create Routing Entry','E');

INSERT INTO TBLMSUBBISMODULE(SUBBUSINESSMODULEID,ALIAS,NAME,SYSTEMGENERATED,STATUS,SUBBISMODULETYPEID,DESCRIPTION,FREEZEPROFILE) VALUES
('SBM00085','SEARCH_ROUTING_ENTRY','Search Routing Entry','N','E','STY00001','Search Routing Entry','E');

INSERT INTO TBLMSUBBISMODULE(SUBBUSINESSMODULEID,ALIAS,NAME,SYSTEMGENERATED,STATUS,SUBBISMODULETYPEID,DESCRIPTION,FREEZEPROFILE) VALUES
('SBM00086','CREATE_CUSTOMIZED_MENU','Create Customized Menu','N','E','STY00001','Create Customized Menu','E');

INSERT INTO TBLMSUBBISMODULE(SUBBUSINESSMODULEID,ALIAS,NAME,SYSTEMGENERATED,STATUS,SUBBISMODULETYPEID,DESCRIPTION,FREEZEPROFILE) VALUES
('SBM00087','SEARCH_CUSTOMIZED_MENU','Search Customized Menu','N','E','STY00001','Search Customized Menu','E');

INSERT INTO TBLMSUBBISMODULE (SUBBUSINESSMODULEID,ALIAS,NAME,SYSTEMGENERATED,STATUS,SUBBISMODULETYPEID,DESCRIPTION,FREEZEPROFILE) 
VALUES ('SBM00106','VIEW_DDF_TABLE','View DDF Table','N','E','STY00001','View DDF Table','E');

INSERT INTO TBLMSUBBISMODULE (SUBBUSINESSMODULEID,ALIAS,NAME,SYSTEMGENERATED,STATUS,SUBBISMODULETYPEID,DESCRIPTION,FREEZEPROFILE) 
VALUES ('SBM00107','UPDATE_DDF_TABLE','Update DDF Table','N','E','STY00001','Update DDF Table','E');


INSERT INTO TBLTBISMODELMODULEREL(BUSINESSMODELID,BUSINESSMODULEID,STATUS) values
('BM000014','BMO00035','E');
INSERT INTO TBLTBISMODELMODULEREL(BUSINESSMODELID,BUSINESSMODULEID,STATUS) values
('BM000014','BMO00036','E');

INSERT INTO TBLTBISMODELMODULEREL(BUSINESSMODELID,BUSINESSMODULEID,STATUS) VALUES
('BM000014','BMO00037','E');

INSERT INTO TBLTBISMODELMODULEREL(BUSINESSMODELID,BUSINESSMODULEID,STATUS) VALUES
('BM000004','BMO00038','E');

INSERT INTO TBLTBISMODELMODULEREL(BUSINESSMODELID,BUSINESSMODULEID,STATUS) VALUES
('BM000004','BMO00040','E');

INSERT INTO TBLTBISMODELMODULEREL(BUSINESSMODELID,BUSINESSMODULEID,STATUS) VALUES
('BM000005','BMO00041','E');

--busmodule sub bis module relation

INSERT INTO TBLTBISMODULESUBBISMODULEREL(BUSINESSMODULEID,SUBBUSINESSMODULEID,STATUS)
values('BMO00035','SBM00080','E');

INSERT INTO TBLTBISMODULESUBBISMODULEREL(BUSINESSMODULEID,SUBBUSINESSMODULEID,STATUS)
values('BMO00035','SBM00081','E');

INSERT INTO TBLTBISMODULESUBBISMODULEREL( BUSINESSMODULEID,SUBBUSINESSMODULEID,STATUS)
values('BMO00036','SBM00082','E');
INSERT INTO TBLTBISMODULESUBBISMODULEREL(BUSINESSMODULEID,SUBBUSINESSMODULEID,STATUS)
values('BMO00036','SBM00083','E');

INSERT INTO TBLTBISMODULESUBBISMODULEREL(BUSINESSMODULEID,SUBBUSINESSMODULEID,STATUS)
VALUES('BMO00037','SBM00084','E');
INSERT INTO TBLTBISMODULESUBBISMODULEREL(BUSINESSMODULEID,SUBBUSINESSMODULEID,STATUS)
VALUES('BMO00037','SBM00085','E');

INSERT INTO TBLTBISMODULESUBBISMODULEREL(BUSINESSMODULEID,SUBBUSINESSMODULEID,STATUS)
VALUES('BMO00038','SBM00086','E');
INSERT INTO TBLTBISMODULESUBBISMODULEREL(BUSINESSMODULEID,SUBBUSINESSMODULEID,STATUS)
VALUES('BMO00038','SBM00087','E');

INSERT INTO TBLTBISMODULESUBBISMODULEREL (BUSINESSMODULEID,SUBBUSINESSMODULEID,STATUS) VALUES('BMO00049','SBM00106','E');
INSERT INTO TBLTBISMODULESUBBISMODULEREL (BUSINESSMODULEID,SUBBUSINESSMODULEID,STATUS) VALUES('BMO00049','SBM00107','E');

--sub bis module action relation
INSERT INTO TBLTSUBBISMODULEACTIONREL (ACTIONID,SUBBUSINESSMODULEID,STATUS) VALUES ('ACN00318','SBM00080','E');
INSERT INTO TBLTSUBBISMODULEACTIONREL (ACTIONID,SUBBUSINESSMODULEID,STATUS) VALUES ('ACN00319','SBM00081','E');
INSERT INTO TBLTSUBBISMODULEACTIONREL (ACTIONID,SUBBUSINESSMODULEID,STATUS) VALUES ('ACN00320','SBM00081','E');
INSERT INTO TBLTSUBBISMODULEACTIONREL (ACTIONID,SUBBUSINESSMODULEID,STATUS) VALUES ('ACN00321','SBM00081','E');
INSERT INTO TBLTSUBBISMODULEACTIONREL (ACTIONID,SUBBUSINESSMODULEID,STATUS) VALUES ('ACN00322','SBM00081','E');
INSERT INTO TBLTSUBBISMODULEACTIONREL (ACTIONID,SUBBUSINESSMODULEID,STATUS) VALUES ('ACN00323','SBM00082','E');
INSERT INTO TBLTSUBBISMODULEACTIONREL (ACTIONID,SUBBUSINESSMODULEID,STATUS) VALUES ('ACN00324','SBM00083','E');
INSERT INTO TBLTSUBBISMODULEACTIONREL (ACTIONID,SUBBUSINESSMODULEID,STATUS) VALUES ('ACN00325','SBM00083','E');
INSERT INTO TBLTSUBBISMODULEACTIONREL (ACTIONID,SUBBUSINESSMODULEID,STATUS) VALUES ('ACN00326','SBM00083','E');
INSERT INTO TBLTSUBBISMODULEACTIONREL (ACTIONID,SUBBUSINESSMODULEID,STATUS) VALUES ('ACN00327','SBM00083','E');

INSERT INTO TBLTSUBBISMODULEACTIONREL (ACTIONID,SUBBUSINESSMODULEID,STATUS) VALUES ('ACN00328','SBM00084','E');
INSERT INTO TBLTSUBBISMODULEACTIONREL (ACTIONID,SUBBUSINESSMODULEID,STATUS) VALUES ('ACN00329','SBM00085','E');
INSERT INTO TBLTSUBBISMODULEACTIONREL (ACTIONID,SUBBUSINESSMODULEID,STATUS) VALUES ('ACN00330','SBM00085','E');
INSERT INTO TBLTSUBBISMODULEACTIONREL (ACTIONID,SUBBUSINESSMODULEID,STATUS) VALUES ('ACN00331','SBM00085','E');
INSERT INTO TBLTSUBBISMODULEACTIONREL (ACTIONID,SUBBUSINESSMODULEID,STATUS) VALUES ('ACN00332','SBM00085','E');
INSERT INTO TBLTSUBBISMODULEACTIONREL (ACTIONID,SUBBUSINESSMODULEID,STATUS) VALUES ('ACN00333','SBM00085','E');

INSERT INTO TBLTSUBBISMODULEACTIONREL (ACTIONID,SUBBUSINESSMODULEID,STATUS) VALUES ('ACN00334','SBM00086','E');
INSERT INTO TBLTSUBBISMODULEACTIONREL (ACTIONID,SUBBUSINESSMODULEID,STATUS) VALUES ('ACN00335','SBM00087','E');
INSERT INTO TBLTSUBBISMODULEACTIONREL (ACTIONID,SUBBUSINESSMODULEID,STATUS) VALUES ('ACN00336','SBM00087','E');
INSERT INTO TBLTSUBBISMODULEACTIONREL (ACTIONID,SUBBUSINESSMODULEID,STATUS) VALUES ('ACN00337','SBM00087','E');
INSERT INTO TBLTSUBBISMODULEACTIONREL (ACTIONID,SUBBUSINESSMODULEID,STATUS) VALUES ('ACN00338','SBM00087','E');
COMMIT;


-- INSERT FOR TBLM_GROUP 
INSERT INTO TBLM_GROUP(ID,NAME,DESCRIPTION,CREATEDATE,CREATEDBYSTAFFID,LASTMODIFIEDDATE,LASTMODIFIEDBYSTAFFID) values('1','DefaultGroup','created by super admin',CURRENT_TIMESTAMP,1,NULL,NULL);
 
INSERT INTO TBLM_STAFF_GROUP_ROLE_REL (STAFFID,GROUPID,ROLEID) VALUES(1,'1',1);
COMMIT;

--ACCESS RIGHTS OF POLICY DESIGNER TO Admin Role
INSERT INTO TBLM_ROLE_MODULE_ACTIONS_REL (ROLEID,MODULE_NAME,ACTIONS) VALUES (1,'DATAPKG','CREATE,DELETE,EXPORT,IMPORT,UPDATE,UPDATE_BASIC_DETAIL,');
INSERT INTO TBLM_ROLE_MODULE_ACTIONS_REL (ROLEID,MODULE_NAME,ACTIONS) VALUES (1,'QUOTAPROFILE','CREATE,DELETE,UPDATE,');
INSERT INTO TBLM_ROLE_MODULE_ACTIONS_REL (ROLEID,MODULE_NAME,ACTIONS) VALUES (1,'QOSPROFILE','CREATE,DELETE,MANAGEORDER,UPDATE,UPDATE_BASIC_DETAIL,');
INSERT INTO TBLM_ROLE_MODULE_ACTIONS_REL (ROLEID,MODULE_NAME,ACTIONS) VALUES (1,'PCCRULE','CREATE,DELETE,UPDATE,');
INSERT INTO TBLM_ROLE_MODULE_ACTIONS_REL (ROLEID,MODULE_NAME,ACTIONS) VALUES (1,'NOTIFICATION','CREATE,DELETE,UPDATE,');
INSERT INTO TBLM_ROLE_MODULE_ACTIONS_REL (ROLEID,MODULE_NAME,ACTIONS) VALUES (1,'SUBSCRIBER','CREATE,DELETE,UPDATE,CREATE_SUBSCRIBER,VIEW_SUBSCRIBER,DELETE_SUBSCRIBER,UPDATE_SUBSCRIBER,PURGE_SUBSCRIBER,RESTORE_SUBSCRIBER,SUBSCRIBE_ADDON,UNSUBSCRIBE_ADDON,VIEW_DELETED_SUBSCRIBER,VIEW_SUBSCRIPTION,');
INSERT INTO TBLM_ROLE_MODULE_ACTIONS_REL (ROLEID,MODULE_NAME,ACTIONS) VALUES (1,'NOTIFICATIONTEMPLATE','CREATE,DELETE,UPDATE,');
INSERT INTO TBLM_ROLE_MODULE_ACTIONS_REL (ROLEID,MODULE_NAME,ACTIONS) VALUES (1,'IMSPKG','CREATE,DELETE,EXPORT,IMPORT,UPDATE,UPDATE_BASIC_DETAIL,');
INSERT INTO TBLM_ROLE_MODULE_ACTIONS_REL (ROLEID,MODULE_NAME,ACTIONS) VALUES (1,'IMSPKGSERVICE','CREATE,DELETE,UPDATE,');
INSERT INTO TBLM_ROLE_MODULE_ACTIONS_REL (ROLEID,MODULE_NAME,ACTIONS) VALUES (1,'GLOBALPCCRULE','CREATE,DELETE,EXPORT,IMPORT,UPDATE,');
INSERT INTO TBLM_ROLE_MODULE_ACTIONS_REL (ROLEID,MODULE_NAME,ACTIONS) VALUES (1,'EMERGENCYPKG','CREATE,DELETE,MANAGEORDER,UPDATE,IMPORT,EXPORT,UPDATE_BASIC_DETAIL,');
INSERT INTO TBLM_ROLE_MODULE_ACTIONS_REL (ROLEID,MODULE_NAME,ACTIONS) VALUES (1,'EMERGENCYQOSPROFILE','CREATE,DELETE,MANAGEORDER,UPDATE,UPDATE_BASIC_DETAIL,');
INSERT INTO TBLM_ROLE_MODULE_ACTIONS_REL (ROLEID,MODULE_NAME,ACTIONS) VALUES (1,'EMERGENCYPCCRULE','CREATE,DELETE,UPDATE,');
INSERT INTO TBLM_ROLE_MODULE_ACTIONS_REL (ROLEID,MODULE_NAME,ACTIONS) VALUES (1,'PROMOTIONALPKG','CREATE,DELETE,MANAGEORDER,UPDATE,IMPORT,EXPORT,UPDATE_BASIC_DETAIL,');
INSERT INTO TBLM_ROLE_MODULE_ACTIONS_REL (ROLEID,MODULE_NAME,ACTIONS) VALUES (1,'PROMOTIONALQOSPROFILE','CREATE,DELETE,MANAGEORDER,UPDATE,UPDATE_BASIC_DETAIL,');
INSERT INTO TBLM_ROLE_MODULE_ACTIONS_REL (ROLEID,MODULE_NAME,ACTIONS) VALUES (1,'PROMOTIONALQUOTAPROFILE','CREATE,DELETE,UPDATE,');
INSERT INTO TBLM_ROLE_MODULE_ACTIONS_REL (ROLEID,MODULE_NAME,ACTIONS) VALUES (1,'PROMOTIONALNOTIFICATION','CREATE,DELETE,UPDATE,');
INSERT INTO TBLM_ROLE_MODULE_ACTIONS_REL (ROLEID,MODULE_NAME,ACTIONS) VALUES (1,'PROMOTIONALPCCRULE','CREATE,DELETE,UPDATE,');
INSERT INTO TBLM_ROLE_MODULE_ACTIONS_REL (ROLEID,MODULE_NAME,ACTIONS) VALUES(1,'RATINGGROUP','CREATE,DELETE,EXPORT,IMPORT,UPDATE,');
INSERT INTO TBLM_ROLE_MODULE_ACTIONS_REL (ROLEID,MODULE_NAME,ACTIONS) VALUES (1,'CHARGINGRULEBASENAME','CREATE,DELETE,EXPORT,IMPORT,UPDATE,');
INSERT INTO TBLM_ROLE_MODULE_ACTIONS_REL (ROLEID,MODULE_NAME,ACTIONS) VALUES (1,'SUBSCRIBERSESSION','REAUTH,DELETE,DISCONNECT,SEARCH,');
--ACCESS RIGHTS OF POLICY DESIGNER TO Support
INSERT INTO TBLM_ROLE_MODULE_ACTIONS_REL (ROLEID,MODULE_NAME,ACTIONS) VALUES (2,'SUBSCRIBER','VIEW_SUBSCRIBER,VIEW_DELETED_SUBSCRIBER,VIEW_SUBSCRIPTION,');

INSERT INTO TBLM_ROLE_MODULE_ACTIONS_REL (ROLEID,MODULE_NAME,ACTIONS) VALUES (2,'SUBSCRIBERSESSION','REAUTH,DELETE,DISCONNECT,SEARCH,');


--ACCESS RIGHTS OF POLICY DESIGNER TO Operator Role
INSERT INTO TBLM_ROLE_MODULE_ACTIONS_REL (ROLEID,MODULE_NAME,ACTIONS) VALUES (3,'DATAPKG','UPDATE,UPDATE_BASIC_DETAIL,');
INSERT INTO TBLM_ROLE_MODULE_ACTIONS_REL (ROLEID,MODULE_NAME,ACTIONS) VALUES (3,'QUOTAPROFILE','UPDATE,');
INSERT INTO TBLM_ROLE_MODULE_ACTIONS_REL (ROLEID,MODULE_NAME,ACTIONS) VALUES (3,'QOSPROFILE','UPDATE,UPDATE_BASIC_DETAIL,');
INSERT INTO TBLM_ROLE_MODULE_ACTIONS_REL (ROLEID,MODULE_NAME,ACTIONS) VALUES (3,'PCCRULE','UPDATE,');
INSERT INTO TBLM_ROLE_MODULE_ACTIONS_REL (ROLEID,MODULE_NAME,ACTIONS) VALUES (3,'NOTIFICATION','UPDATE,');
INSERT INTO TBLM_ROLE_MODULE_ACTIONS_REL (ROLEID,MODULE_NAME,ACTIONS) VALUES (3,'SUBSCRIBER','UPDATE,VIEW_SUBSCRIBER,UPDATE_SUBSCRIBER,VIEW_DELETED_SUBSCRIBER,VIEW_SUBSCRIPTION,');
INSERT INTO TBLM_ROLE_MODULE_ACTIONS_REL (ROLEID,MODULE_NAME,ACTIONS) VALUES (3,'NOTIFICATIONTEMPLATE','UPDATE,');
INSERT INTO TBLM_ROLE_MODULE_ACTIONS_REL (ROLEID,MODULE_NAME,ACTIONS) VALUES (3,'IMSPKG','UPDATE,UPDATE_BASIC_DETAIL,');
INSERT INTO TBLM_ROLE_MODULE_ACTIONS_REL (ROLEID,MODULE_NAME,ACTIONS) VALUES (3,'IMSPKGSERVICE','UPDATE,');
INSERT INTO TBLM_ROLE_MODULE_ACTIONS_REL (ROLEID,MODULE_NAME,ACTIONS) VALUES (3,'GLOBALPCCRULE','UPDATE,');
INSERT INTO TBLM_ROLE_MODULE_ACTIONS_REL (ROLEID,MODULE_NAME,ACTIONS) VALUES (3,'EMERGENCYPKG','UPDATE,UPDATE_BASIC_DETAIL,');
INSERT INTO TBLM_ROLE_MODULE_ACTIONS_REL (ROLEID,MODULE_NAME,ACTIONS) VALUES (3,'EMERGENCYQOSPROFILE','UPDATE,UPDATE_BASIC_DETAIL,');
INSERT INTO TBLM_ROLE_MODULE_ACTIONS_REL (ROLEID,MODULE_NAME,ACTIONS) VALUES (3,'EMERGENCYPCCRULE','UPDATE,');
INSERT INTO TBLM_ROLE_MODULE_ACTIONS_REL (ROLEID,MODULE_NAME,ACTIONS) VALUES (3,'PROMOTIONALPKG','UPDATE,UPDATE_BASIC_DETAIL,');
INSERT INTO TBLM_ROLE_MODULE_ACTIONS_REL (ROLEID,MODULE_NAME,ACTIONS) VALUES (3,'PROMOTIONALQOSPROFILE','UPDATE,UPDATE_BASIC_DETAIL,');
INSERT INTO TBLM_ROLE_MODULE_ACTIONS_REL (ROLEID,MODULE_NAME,ACTIONS) VALUES (3,'PROMOTIONALQUOTAPROFILE','UPDATE,');
INSERT INTO TBLM_ROLE_MODULE_ACTIONS_REL (ROLEID,MODULE_NAME,ACTIONS) VALUES (3,'PROMOTIONALNOTIFICATION','UPDATE,');
INSERT INTO TBLM_ROLE_MODULE_ACTIONS_REL (ROLEID,MODULE_NAME,ACTIONS) VALUES (3,'PROMOTIONALPCCRULE','UPDATE,');
INSERT INTO TBLM_ROLE_MODULE_ACTIONS_REL (ROLEID,MODULE_NAME,ACTIONS) VALUES (3,'RATINGGROUP','UPDATE,');

INSERT INTO TBLM_ROLE_MODULE_ACTIONS_REL (ROLEID,MODULE_NAME,ACTIONS) VALUES (3,'CHARGINGRULEBASENAME','UPDATE,');
INSERT INTO TBLM_ROLE_MODULE_ACTIONS_REL (ROLEID,MODULE_NAME,ACTIONS) VALUES (3,'SUBSCRIBERSESSION','REAUTH,DELETE,DISCONNECT,SEARCH,');


COMMIT;

-- FOR SERVER INSTANCE GROUP 
INSERT INTO TBLM_SERVER_INSTANCE_GROUP(ID,NAME,ACCESS_GROUPS,ORDER_NO,CREATED_DATE,CREATED_BY_STAFF_ID)values('1','DefaultGroup','1',1,CURRENT_TIMESTAMP,1);

---Tunning parameters----
CREATE INDEX IDX_NOTICATIONQUEUE_SELECT ON TBLMNOTIFICATIONQUEUE (EMAILSTATUS,SMSSTATUS,SERVERINSTANCEID);

CREATE INDEX IDXUQ_CORESESS_SID ON TBLM_SESSION (SUBSCRIBERIDENTITY) INITRANS 100;
CREATE INDEX IDXUQ_CORESESS_IPV6TYPE ON TBLM_SESSION (SESSIONIPV6) INITRANS 100;
CREATE INDEX IDXUQ_CORESESS_IPV4TYPE ON TBLM_SESSION (SESSIONIPV4) INITRANS 100;
CREATE INDEX IDX_SY_SESSIONID ON TBLM_SESSION(SYSESSIONID) INITRANS 100;


--- INDEX IDX_IBER_STATUS is used list deleted subscriber operation
CREATE INDEX IDX_TBLM_SUBSCRIBER_STATUS ON TBLM_SUBSCRIBER(STATUS);

--TBLM_PASSWORD_ENCRYPT_STATUS is used to encrypt all the password of entered table
CREATE TABLE TBLM_PASSWORD_ENCRYPT_STATUS
(
  MODULE VARCHAR(4000),
  STATUS VARCHAR(20) DEFAULT 'PENDING',
  SM_INSTANCE_ID VARCHAR (36),
  MODIFIED_DATE TIMESTAMP
);
INSERT INTO TBLM_PASSWORD_ENCRYPT_STATUS(MODULE,STATUS)VALUES ('TBLMNETCONFIGURATIONVALUES','COMPLETED');
INSERT INTO TBLM_PASSWORD_ENCRYPT_STATUS(MODULE,STATUS)VALUES ('TBLMDATABASEDS','COMPLETED');
INSERT INTO TBLM_PASSWORD_ENCRYPT_STATUS(MODULE,STATUS)VALUES ('TBLMLDAPDS','COMPLETED');
INSERT INTO TBLM_PASSWORD_ENCRYPT_STATUS(MODULE,STATUS)VALUES ('TBLMCSVDRIVER','COMPLETED');
COMMIT;

CREATE TABLE TBLMNOTIFICATIONHISTORY
( NOTIFICATIONID        NUMERIC,
  TOEMAILADDRESS	VARCHAR(256),
  TOSMSADDRESS		VARCHAR(256),
  EMAILSUBJECT		VARCHAR(256),
  EMAILDATA		VARCHAR(4000),
  SMSDATA		VARCHAR(4000),
  EMAILSTATUS		VARCHAR(128),
  SMSSTATUS		VARCHAR(128),
  SOURCEID		VARCHAR(256),
  PCRFRESPONSE  		BLOB,
  SERVERINSTANCEID 	VARCHAR(7),
  VALIDITYDATE 		TIMESTAMP,
  NOTIFICATIONRECIPIENT NUMERIC,
  SUBSCRIBERIDENTITY VARCHAR(256),
  TIMESTAMP         TIMESTAMP
);

-- FK Index
create index IDXR3_MDDFTABLE ON TBLM_DDF_TABLE (CREATEDBYSTAFFID);
create index IDXR2_MTACDETAIL ON TBLMTACDETAIL (MODIFIEDBYSTAFFID);
create index IDXR2_MROUTINGENTRYGATEWAY ON TBLMROUTINGENTRYGATEWAYREL (GATEWAYID);
create index IDXR1_MROUTINGENTRY ON TBLMROUTINGENTRY (MCCMNCGROUPID);
create index IDXR2_MROLE ON TBLMROLE (LASTMODIFIEDBYSTAFFID);
create index IDXR1_MRADIUSDICTIONARY ON TBLMRADIUSDICTIONARY (CREATEDBYSTAFFID);
create index IDXR1_MPROFILEPCCRULEMAPPI ON TBLMPROFILEPCCRULEMAPPINGREL (PROFILEID);
create index IDXR2_MPCRFPOLICYGATEWAYRE ON TBLMPCRFPOLICYGATEWAYREL (GATEWAYID);
create index IDXR2_MPCRFPOLICYCDRDRIVER ON TBLMPCRFPOLICYCDRDRIVERREL (DRIVERINSTANCEID);
create index IDXR1_MNETWORK ON TBLMNETWORK (OPERATORID);
create index IDXR1_MNETSERVICETYPE ON TBLMNETSERVICETYPE (NETSERVERTYPEID);
create index IDXR1_MNETSERVERINSTANCECO ON TBLMNETSERVERINSTANCECONFMAP (CONFIGINSTANCEID);
create index IDXR1_MNETCONFIGPARAMVALUE ON TBLMNETCONFIGPARAMVALUEPOOL (PARAMETERID,NETCONFIGID);
create index IDXR1_MLDAPSPINTERFACE ON TBLMLDAPSPINTERFACE (DRIVERINSTANCEID);
create index IDXR1_MLACAREAREL ON TBLMLACAREAREL (AREAID);
create index IDXR2_MGATEWAYPROFILE ON TBLMGATEWAYPROFILE (LASTMODIFIEDBYSTAFFID);
create index IDXR1_MGATEWAYGROOVYSCRIPT ON TBLMGATEWAYGROOVYSCRIPT (PROFILEID);
create index IDXR3_MGATEWAY ON TBLMGATEWAY (MODIFIEDBYSTAFFID);
create index IDXR1_MDBSPINTERFACE ON TBLMDBSPINTERFACE (DRIVERINSTANCEID);
create index IDXR2_MDBSPINTERFACE ON TBLMDBSPINTERFACE (DATABASEDSID);
create index IDXR1_MDBFIELDMAP ON TBLMDBFIELDMAP (DBSPINTERFACEID);
create index IDXR1_MALERTLISTENERINSTAN ON TBLMALERTLISTENERINSTANCE (TYPEID);
create index IDXR2_MALERTLISTENERINSTAN ON TBLMALERTLISTENERINSTANCE (MODIFIEDBYSTAFFID);
create index IDXR1_SDRIVERTYPE ON TBLSDRIVERTYPE (SERVICETYPEID);
create index IDXR1_SBRANDOPERATORREL ON TBLSBRANDOPERATORREL (OPERATORID);
create index IDXR2_MDDFSPRREL ON TBLM_DDF_SPR_REL (DDF_TABLE_ID);
create index IDXR1_MSESSIONFIELDMAPPING ON TBLMSESSIONFIELDMAPPING (SESSIONCONFID);
create index IDXR2_MSESSIONCONFIGURATIO ON TBLMSESSIONCONFIGURATION (DATASOURCEID);
create index IDXR1_MRADIUSDICPARAMDETAI ON TBLMRADIUSDICPARAMDETAIL (DICTIONARYID);
create index IDXR1_MNETSERVICECONFIGMAP ON TBLMNETSERVICECONFIGMAP (NETCONFIGID);
create index IDXR1_MNETCONFIGURATIONINS ON TBLMNETCONFIGURATIONINSTANCE (CONFIGID);
create index IDXR2_MLDAPSPINTERFACE ON TBLMLDAPSPINTERFACE (LDAPDSID);
create index IDXR1_MLDAPBASEDNDETAIL ON TBLMLDAPBASEDNDETAIL (LDAPDSID);
create index IDXR2_MDIAMETERDICTIONARY ON TBLMDIAMETERDICTIONARY (LASTMODIFIEDBYSTAFFID);
create index IDXR1_MAREA ON TBLMAREA (NETWORKID);
create index IDXR1_SALERTTYPE ON TBLSALERTTYPE (PARENTID);
create index IDXR3_MSPR ON TBLM_SPR (MODIFIED_BY_STAFF_ID);
create index IDXR1_MUSERFILESPRDRIVER ON TBLMUSERFILESPRDRIVER (DRIVERINSTANCEID);
create index IDXR2_MPCRFSERVICEPOLICY ON TBLMPCRFSERVICEPOLICY (MODIFIEDBYSTAFFID);
create index IDXR_MMMCCMNCGROUP ON TBLMMCCMNCGROUP (BRANDID);
create index IDXR1_MMCCMNCCODEGROUPREL ON TBLMMCCMNCCODEGROUPREL (MCCMNCGROUPID);
create index IDXR2_MLACAREAREL ON TBLMLACAREAREL (LACINFOID);
create index IDXR2_MDIAMETERGROUPEDATTR ON TBLMDIAMETERGROUPEDATTRIBUTE (ATTRIBUTERULEID);
create index IDXR2_MSPR ON TBLM_SPR (DRIVER_INSTANCE_ID);
create index IDXR1_MSTAFF ON TBLMSTAFF (LASTMODIFIEDBYSTAFFID);
create index IDXR3_MSESSIONCONFIGURATIO ON TBLMSESSIONCONFIGURATION (SECONDARYDATASOURCEID);
create index IDXR1_MROLE ON TBLMROLE (CREATEDBYSTAFFID);
create index IDXR3_MNETWORK ON TBLMNETWORK (BRANDID);
create index IDXR1_MNETCONFIGURATIONVAL ON TBLMNETCONFIGURATIONVALUES (PARAMETERID,NETCONFIGID);
create index IDXR2_MNETCONFIGURATIONPAR ON TBLMNETCONFIGURATIONPARAMETER (STARTUPMODE);
create index IDXR1_MDIAMETERGROUPEDATTR ON TBLMDIAMETERGROUPEDATTRIBUTE (PARAMETERDETAILID);
create index IDXR1_MDIAMETERDICPARAMDET ON TBLMDIAMETERDICPARAMDETAIL (DICTIONARYID);
create index IDXR1_MDBCDRDRIVER ON TBLMDBCDRDRIVER (DATABASEDSID);
create index IDXR1_MCSVSTRIPMAPPING ON TBLMCSVSTRIPMAPPING (CSVDRIVERID);
create index IDXR_MMCITY ON TBLMCITY (REGIONID);
create index IDXR3_MALERTLISTENERINSTAN ON TBLMALERTLISTENERINSTANCE (CREATEDBYSTAFFID);
create index IDXR1_MDDFSPRREL ON TBLM_DDF_SPR_REL (SPR_ID);
create index IDXR1_MTRAPLISTENER ON TBLMTRAPLISTENER (INSTANCEID);
create index IDXR1_MTACDETAIL ON TBLMTACDETAIL (CREATEDBYSTAFFID);
create index IDXR1_MSYSTEMPARAMETERVALU ON TBLMSYSTEMPARAMETERVALUEPOOL (PARAMETERID);
create index IDXR1_MSTANDARDMASTER ON TBLMSTANDARDMASTER (MASTERTYPEID);
create index IDXR1_MSESSIONDBFIELDMAPPI ON TBLMSESSIONDBFIELDMAPPING (PROFILEID);
create index IDXR2_MRADIUSDICPARAMDETAI ON TBLMRADIUSDICPARAMDETAIL (PARENTDETAILID);
create index IDXR1_MPCCRULEATTRMAPPING ON TBLMPCCRULEATTRMAPPING (PCCRULEMAPPINGID);
create index IDXR2_MNETCONFIGURATIONVAL ON TBLMNETCONFIGURATIONVALUES (CONFIGINSTANCEID);
create index IDXR1_MGATEWAYPROFILE ON TBLMGATEWAYPROFILE (VENDORID);
create index IDXR4_MGATEWAY ON TBLMGATEWAY (CREATEDBYSTAFFID);
create index IDXR1_MDIAMETERDICTIONARY ON TBLMDIAMETERDICTIONARY (CREATEDBYSTAFFID);
create index IDXR1_MBICEATEMPLATE ON TBLMBICEATEMPLATE (MODIFIEDBYSTAFFID);
create index IDXR1_TSYSTEMAUDIT ON TBLTSYSTEMAUDIT (SYSTEMUSERID);
create index IDXR2_MNETSERVERGROUPREL ON TBLM_NET_SERVER_GROUP_REL (NETSERVER_INSTANCE_ID);
create index IDXR1_MSUBBISMODULETYPE ON TBLMSUBBISMODULETYPE (BISMODULETYPEID);
create index IDXR1_MSUBBISMODULE ON TBLMSUBBISMODULE (SUBBISMODULETYPEID);
create index IDXR2_MPROFILEPCCRULEMAPPI ON TBLMPROFILEPCCRULEMAPPINGREL (PCCRULEMAPPINGID);
create index IDXR3_MPCRFSERVICEPOLICY ON TBLMPCRFSERVICEPOLICY (CREATEDBYSTAFFID);
create index IDXR1_MPACKETMAPPING ON TBLMPACKETMAPPING (MODIFIEDBYSTAFFID);
create index IDXR2_MNETSERVERINSTANCECO ON TBLMNETSERVERINSTANCECONFMAP (NETSERVERID);
create index IDXR1_MLDAPFIELDMAP ON TBLMLDAPFIELDMAP (LDAPSPINTERFACEID);
create index IDXR2_MLACINFO ON TBLMLACINFO (NETWORKID);
create index IDXR1_MGATEWAYPROFILEPACKE ON TBLMGATEWAYPROFILEPACKETMAP (PROFILEID);
create index IDXR3_MGATEWAYPROFILE ON TBLMGATEWAYPROFILE (CREATEDBYSTAFFID);
create index IDXR1_MFILELISTENER ON TBLMFILELISTENER (INSTANCEID);
create index IDXR2_MDIAMETERGATEWAY ON TBLMDIAMETERGATEWAY (ALTERNATEHOSTID);
create index IDXR2_MACTION ON TBLMACTION (PARENTACTIONID);
create index IDXR3_MACTION ON TBLMACTION (ACTIONTYPEID);
create index IDXR4_MSPR ON TBLM_SPR (CREATED_BY_STAFF_ID);
create index IDXR2_MDDFTABLE ON TBLM_DDF_TABLE (MODIFIEDBYSTAFFID);
create index IDXR1_MWIFISSIDINFO ON TBLMWIFISSIDINFO (AREAID);
create index IDXR1_MSESSIONCONFIGURATIO ON TBLMSESSIONCONFIGURATION (MODIFIEDBYSTAFFID);
create index IDXR1_MROUTINGENTRYGATEWAY ON TBLMROUTINGENTRYGATEWAYREL (ROUTINGID);
create index IDXR_MMREGION ON TBLMREGION (COUNTRYID);
create index IDXR2_MNETWORK ON TBLMNETWORK (COUNTRYID);
create index IDXR2_MNETSERVICEINSTANCEC ON TBLMNETSERVICEINSTANCECONFMAP (NETSERVICEID);
create index IDXR2_MGATEWAYPROFILEPACKE ON TBLMGATEWAYPROFILEPACKETMAP (PACKETMAPID);
create index IDXR1_MGATEWAY ON TBLMGATEWAY (PROFILEID);
create index IDXR1_MDRIVERINSTANCE ON TBLMDRIVERINSTANCE (DRIVERTYPEID);
create index IDXR1_MDBCDRFIELDMAPPING ON TBLMDBCDRFIELDMAPPING (DBCDRDRIVERID);
create index IDXR1_MBISMODULE ON TBLMBISMODULE (BISMODULETYPEID);
create index IDXR1_MBICEASUBKEY ON TBLMBICEASUBKEY (BICEAID);
create index IDXR_MMAREA ON TBLMAREA (CITYID);
create index IDXR2_MALERTLISTENERREL ON TBLMALERTLISTENERREL (ALERTTYPEID);
create index IDXR1_SEVENT ON TBLSEVENT (EVENTCATEGORYID);
create index IDXR1_MSPR ON TBLM_SPR (DATABASE_DS_ID);
create index IDXR1_MDDFTABLE ON TBLM_DDF_TABLE (DEFAULT_SPR_ID);
create index IDXR1_MROLEACTIONREL ON TBLMROLEACTIONREL (ACTIONID);
create index IDXR2_MRADIUSDICTIONARY ON TBLMRADIUSDICTIONARY (LASTMODIFIEDBYSTAFFID);
create index IDXR2_MPACKETMAPPING ON TBLMPACKETMAPPING (CREATEDBYSTAFFID);
create index IDXR1_MNETSERVICEINSTANCEC ON TBLMNETSERVICEINSTANCECONFMAP (CONFIGINSTANCEID);
create index IDXR1_MNETSERVICEINSTANCE ON TBLMNETSERVICEINSTANCE (NETSERVERID);
create index IDXR1_MNETSERVERINSTANCE ON TBLMNETSERVERINSTANCE (NETSERVERTYPEID);
create index IDXR1_MNETSERVERCONFIGMAP ON TBLMNETSERVERCONFIGMAP (NETCONFIGID);
create index IDXR1_MNETCONFIGURATIONPAR ON TBLMNETCONFIGURATIONPARAMETER (PARENTPARAMETERID,CONFIGID);
create index IDXR3_MNETCONFIGURATIONPAR ON TBLMNETCONFIGURATIONPARAMETER (CONFIGID);
create index IDXR4_MGATEWAYPROFILE ON TBLMGATEWAYPROFILE (SERVERCERTIFICATEID);
create index IDXR2_MGATEWAY ON TBLMGATEWAY (LOCATIONID);
create index IDXR2_MDBCDRDRIVER ON TBLMDBCDRDRIVER (DRIVERINSTANCEID);
create index IDXR1_MCSVDRIVERFIELDMAP ON TBLMCSVDRIVERFIELDMAP (CSVDRIVERID);
create index IDXR1_MCSVDRIVER ON TBLMCSVDRIVER (DRIVERINSTANCEID);
create index IDXR2_MBICEATEMPLATE ON TBLMBICEATEMPLATE (CREATEDBYSTAFFID);
create index IDXR1_MATTRIBUTEMAPPING ON TBLMATTRIBUTEMAPPING (PACKETMAPID);
create index IDXR1_MACTION ON TBLMACTION (SCREENID);