--Country Data
INSERT INTO TBLSCOUNTRY (COUNTRYID,NAME,CODE) VALUES (1,'Afghanistan','AF');
INSERT INTO TBLSCOUNTRY (COUNTRYID,NAME,CODE) VALUES (2,'Albania','AL');
INSERT INTO TBLSCOUNTRY (COUNTRYID,NAME,CODE) VALUES (3,'Antarctica','AQ');
INSERT INTO TBLSCOUNTRY (COUNTRYID,NAME,CODE) VALUES (4,'Algeria','DZ');
INSERT INTO TBLSCOUNTRY (COUNTRYID,NAME,CODE) VALUES (5,'American Samoa','AS');
INSERT INTO TBLSCOUNTRY (COUNTRYID,NAME,CODE) VALUES (6,'Andorra','AD');
INSERT INTO TBLSCOUNTRY (COUNTRYID,NAME,CODE) VALUES (7,'Angola','AO');
INSERT INTO TBLSCOUNTRY (COUNTRYID,NAME,CODE) VALUES (8,'Antigua and Barbuda','AG');
INSERT INTO TBLSCOUNTRY (COUNTRYID,NAME,CODE) VALUES (9,'Azerbaijan','AZ');
INSERT INTO TBLSCOUNTRY (COUNTRYID,NAME,CODE) VALUES (10,'Argentina','AR');
INSERT INTO TBLSCOUNTRY (COUNTRYID,NAME,CODE) VALUES (11,'Australia','AU');
INSERT INTO TBLSCOUNTRY (COUNTRYID,NAME,CODE) VALUES (12,'Austria','AT');
INSERT INTO TBLSCOUNTRY (COUNTRYID,NAME,CODE) VALUES (13,'Bahamas','BS');
INSERT INTO TBLSCOUNTRY (COUNTRYID,NAME,CODE) VALUES (14,'Bahrain','BH');
INSERT INTO TBLSCOUNTRY (COUNTRYID,NAME,CODE) VALUES (15,'Bangladesh','BD');
INSERT INTO TBLSCOUNTRY (COUNTRYID,NAME,CODE) VALUES (16,'Armenia','AM');
INSERT INTO TBLSCOUNTRY (COUNTRYID,NAME,CODE) VALUES (17,'Barbados','BB');
INSERT INTO TBLSCOUNTRY (COUNTRYID,NAME,CODE) VALUES (18,'Belgium','BE');
INSERT INTO TBLSCOUNTRY (COUNTRYID,NAME,CODE) VALUES (19,'Bermuda','BM');
INSERT INTO TBLSCOUNTRY (COUNTRYID,NAME,CODE) VALUES (20,'Bhutan','BT');
INSERT INTO TBLSCOUNTRY (COUNTRYID,NAME,CODE) VALUES (21,'Bolivia Plurinational State of','BO');
INSERT INTO TBLSCOUNTRY (COUNTRYID,NAME,CODE) VALUES (22,'Bosnia and Herzegovina','BA');
INSERT INTO TBLSCOUNTRY (COUNTRYID,NAME,CODE) VALUES (23,'Botswana','BW');
INSERT INTO TBLSCOUNTRY (COUNTRYID,NAME,CODE) VALUES (24,'Bouvet Island','BV');
INSERT INTO TBLSCOUNTRY (COUNTRYID,NAME,CODE) VALUES (25,'Brazil','BR');
INSERT INTO TBLSCOUNTRY (COUNTRYID,NAME,CODE) VALUES (26,'Belize','BZ');
INSERT INTO TBLSCOUNTRY (COUNTRYID,NAME,CODE) VALUES (27,'Solomon Islands','SB');
INSERT INTO TBLSCOUNTRY (COUNTRYID,NAME,CODE) VALUES (28,'Virgin Islands, British','VG');
INSERT INTO TBLSCOUNTRY (COUNTRYID,NAME,CODE) VALUES (29,'Brunei Darussalam','BN');
INSERT INTO TBLSCOUNTRY (COUNTRYID,NAME,CODE) VALUES (30,'Bulgaria','BG');
INSERT INTO TBLSCOUNTRY (COUNTRYID,NAME,CODE) VALUES (31,'Myanmar','MM');
INSERT INTO TBLSCOUNTRY (COUNTRYID,NAME,CODE) VALUES (32,'Burundi','BI');
INSERT INTO TBLSCOUNTRY (COUNTRYID,NAME,CODE) VALUES (33,'Belarus','BY');
INSERT INTO TBLSCOUNTRY (COUNTRYID,NAME,CODE) VALUES (34,'Cambodia','KH');
INSERT INTO TBLSCOUNTRY (COUNTRYID,NAME,CODE) VALUES (35,'Cameroon','CM');
INSERT INTO TBLSCOUNTRY (COUNTRYID,NAME,CODE) VALUES (36,'Canada','CA');
INSERT INTO TBLSCOUNTRY (COUNTRYID,NAME,CODE) VALUES (37,'Cape Verde','CV');
INSERT INTO TBLSCOUNTRY (COUNTRYID,NAME,CODE) VALUES (38,'Cayman Islands','KY');
INSERT INTO TBLSCOUNTRY (COUNTRYID,NAME,CODE) VALUES (39,'Central African Republic','CF');
INSERT INTO TBLSCOUNTRY (COUNTRYID,NAME,CODE) VALUES (40,'Sri Lanka','LK');
INSERT INTO TBLSCOUNTRY (COUNTRYID,NAME,CODE) VALUES (41,'Chad','TD');
INSERT INTO TBLSCOUNTRY (COUNTRYID,NAME,CODE) VALUES (42,'Chile','CL');
INSERT INTO TBLSCOUNTRY (COUNTRYID,NAME,CODE) VALUES (43,'China','CN');
INSERT INTO TBLSCOUNTRY (COUNTRYID,NAME,CODE) VALUES (44,'Taiwan, Province of China','TW');
INSERT INTO TBLSCOUNTRY (COUNTRYID,NAME,CODE) VALUES (45,'Christmas Island','CX');
INSERT INTO TBLSCOUNTRY (COUNTRYID,NAME,CODE) VALUES (46,'Cocos (Keeling) Islands','CC');
INSERT INTO TBLSCOUNTRY (COUNTRYID,NAME,CODE) VALUES (47,'Colombia','CO');
INSERT INTO TBLSCOUNTRY (COUNTRYID,NAME,CODE) VALUES (48,'Comoros','KM');
INSERT INTO TBLSCOUNTRY (COUNTRYID,NAME,CODE) VALUES (49,'Mayotte','YT');
INSERT INTO TBLSCOUNTRY (COUNTRYID,NAME,CODE) VALUES (50,'Congo','CG');
INSERT INTO TBLSCOUNTRY (COUNTRYID,NAME,CODE) VALUES (51,'Congo, the Democratic Republic of the','CD');
INSERT INTO TBLSCOUNTRY (COUNTRYID,NAME,CODE) VALUES (52,'Cook Islands','CK');
INSERT INTO TBLSCOUNTRY (COUNTRYID,NAME,CODE) VALUES (53,'Costa Rica','CR');
INSERT INTO TBLSCOUNTRY (COUNTRYID,NAME,CODE) VALUES (54,'Croatia','HR');
INSERT INTO TBLSCOUNTRY (COUNTRYID,NAME,CODE) VALUES (55,'Cuba','CU');
INSERT INTO TBLSCOUNTRY (COUNTRYID,NAME,CODE) VALUES (56,'Cyprus','CY');
INSERT INTO TBLSCOUNTRY (COUNTRYID,NAME,CODE) VALUES (57,'Czech Republic','CZ');
INSERT INTO TBLSCOUNTRY (COUNTRYID,NAME,CODE) VALUES (58,'Benin','BJ');
INSERT INTO TBLSCOUNTRY (COUNTRYID,NAME,CODE) VALUES (59,'Denmark','DK');
INSERT INTO TBLSCOUNTRY (COUNTRYID,NAME,CODE) VALUES (60,'Dominica','DM');
INSERT INTO TBLSCOUNTRY (COUNTRYID,NAME,CODE) VALUES (61,'Dominican Republic','DO');
INSERT INTO TBLSCOUNTRY (COUNTRYID,NAME,CODE) VALUES (62,'Ecuador','EC');
INSERT INTO TBLSCOUNTRY (COUNTRYID,NAME,CODE) VALUES (63,'El Salvador','SV');
INSERT INTO TBLSCOUNTRY (COUNTRYID,NAME,CODE) VALUES (64,'Equatorial Guinea','GQ');
INSERT INTO TBLSCOUNTRY (COUNTRYID,NAME,CODE) VALUES (65,'Ethiopia','ET');
INSERT INTO TBLSCOUNTRY (COUNTRYID,NAME,CODE) VALUES (66,'Eritrea','ER');
INSERT INTO TBLSCOUNTRY (COUNTRYID,NAME,CODE) VALUES (67,'Estonia','EE');
INSERT INTO TBLSCOUNTRY (COUNTRYID,NAME,CODE) VALUES (68,'Faroe Islands','FO');
INSERT INTO TBLSCOUNTRY (COUNTRYID,NAME,CODE) VALUES (69,'Falkland Islands (Malvinas)','FK');
INSERT INTO TBLSCOUNTRY (COUNTRYID,NAME,CODE) VALUES (70,'South Georgia and the South Sandwich Islands','GS');
INSERT INTO TBLSCOUNTRY (COUNTRYID,NAME,CODE) VALUES (71,'Fiji','FJ');
INSERT INTO TBLSCOUNTRY (COUNTRYID,NAME,CODE) VALUES (72,'Finland','FI');
INSERT INTO TBLSCOUNTRY (COUNTRYID,NAME,CODE) VALUES (73,'Aland Islands','AX');
INSERT INTO TBLSCOUNTRY (COUNTRYID,NAME,CODE) VALUES (74,'France','FR');
INSERT INTO TBLSCOUNTRY (COUNTRYID,NAME,CODE) VALUES (75,'French Guiana','GF');
INSERT INTO TBLSCOUNTRY (COUNTRYID,NAME,CODE) VALUES (76,'French Polynesia','PF');
INSERT INTO TBLSCOUNTRY (COUNTRYID,NAME,CODE) VALUES (77,'French Southern Territories','TF');
INSERT INTO TBLSCOUNTRY (COUNTRYID,NAME,CODE) VALUES (78,'Djibouti','DJ');
INSERT INTO TBLSCOUNTRY (COUNTRYID,NAME,CODE) VALUES (79,'Gabon','GA');
INSERT INTO TBLSCOUNTRY (COUNTRYID,NAME,CODE) VALUES (80,'Georgia','GE');
INSERT INTO TBLSCOUNTRY (COUNTRYID,NAME,CODE) VALUES (81,'Gambia','GM');
INSERT INTO TBLSCOUNTRY (COUNTRYID,NAME,CODE) VALUES (82,'Palestinian Territory, Occupied','PS');
INSERT INTO TBLSCOUNTRY (COUNTRYID,NAME,CODE) VALUES (83,'Germany','DE');
INSERT INTO TBLSCOUNTRY (COUNTRYID,NAME,CODE) VALUES (84,'Ghana','GH');
INSERT INTO TBLSCOUNTRY (COUNTRYID,NAME,CODE) VALUES (85,'Gibraltar','GI');
INSERT INTO TBLSCOUNTRY (COUNTRYID,NAME,CODE) VALUES (86,'Kiribati','KI');
INSERT INTO TBLSCOUNTRY (COUNTRYID,NAME,CODE) VALUES (87,'Greece','GR');
INSERT INTO TBLSCOUNTRY (COUNTRYID,NAME,CODE) VALUES (88,'Greenland','GL');
INSERT INTO TBLSCOUNTRY (COUNTRYID,NAME,CODE) VALUES (89,'Grenada','GD');
INSERT INTO TBLSCOUNTRY (COUNTRYID,NAME,CODE) VALUES (90,'Guadeloupe','GP');
INSERT INTO TBLSCOUNTRY (COUNTRYID,NAME,CODE) VALUES (91,'Guam','GU');
INSERT INTO TBLSCOUNTRY (COUNTRYID,NAME,CODE) VALUES (92,'Guatemala','GT');
INSERT INTO TBLSCOUNTRY (COUNTRYID,NAME,CODE) VALUES (93,'Guinea','GN');
INSERT INTO TBLSCOUNTRY (COUNTRYID,NAME,CODE) VALUES (94,'Guyana','GY');
INSERT INTO TBLSCOUNTRY (COUNTRYID,NAME,CODE) VALUES (95,'Haiti','HT');
INSERT INTO TBLSCOUNTRY (COUNTRYID,NAME,CODE) VALUES (96,'Heard Island and McDonald Islands','HM');
INSERT INTO TBLSCOUNTRY (COUNTRYID,NAME,CODE) VALUES (97,'Holy See (Vatican City State)','VA');
INSERT INTO TBLSCOUNTRY (COUNTRYID,NAME,CODE) VALUES (98,'Honduras','HN');
INSERT INTO TBLSCOUNTRY (COUNTRYID,NAME,CODE) VALUES (99,'Hong Kong','HK');
INSERT INTO TBLSCOUNTRY (COUNTRYID,NAME,CODE) VALUES (100,'Hungary','HU');
INSERT INTO TBLSCOUNTRY (COUNTRYID,NAME,CODE) VALUES (101,'Iceland','IS');
INSERT INTO TBLSCOUNTRY (COUNTRYID,NAME,CODE) VALUES (102,'Indonesia','ID');
INSERT INTO TBLSCOUNTRY (COUNTRYID,NAME,CODE) VALUES (103,'India','IN');
INSERT INTO TBLSCOUNTRY (COUNTRYID,NAME,CODE) VALUES (104,'Iran','IR');
INSERT INTO TBLSCOUNTRY (COUNTRYID,NAME,CODE) VALUES (105,'Iraq','IQ');
INSERT INTO TBLSCOUNTRY (COUNTRYID,NAME,CODE) VALUES (106,'Ireland','IE');
INSERT INTO TBLSCOUNTRY (COUNTRYID,NAME,CODE) VALUES (107,'Israel','IL');
INSERT INTO TBLSCOUNTRY (COUNTRYID,NAME,CODE) VALUES (108,'Italy','IT');
INSERT INTO TBLSCOUNTRY (COUNTRYID,NAME,CODE) VALUES (109,'Cote d Ivoire','CI');
INSERT INTO TBLSCOUNTRY (COUNTRYID,NAME,CODE) VALUES (110,'Jamaica','JM');
INSERT INTO TBLSCOUNTRY (COUNTRYID,NAME,CODE) VALUES (111,'Japan','JP');
INSERT INTO TBLSCOUNTRY (COUNTRYID,NAME,CODE) VALUES (112,'Kazakhstan','KZ');
INSERT INTO TBLSCOUNTRY (COUNTRYID,NAME,CODE) VALUES (113,'Jordan','JO');
INSERT INTO TBLSCOUNTRY (COUNTRYID,NAME,CODE) VALUES (114,'Kenya','KE');
INSERT INTO TBLSCOUNTRY (COUNTRYID,NAME,CODE) VALUES (115,'Korea Democratic Peoples Republic of NORTH KOREA','KP');
INSERT INTO TBLSCOUNTRY (COUNTRYID,NAME,CODE) VALUES (116,'Korea Republic of SOUTH KOREA','KR');
INSERT INTO TBLSCOUNTRY (COUNTRYID,NAME,CODE) VALUES (117,'Kuwait','KW');
INSERT INTO TBLSCOUNTRY (COUNTRYID,NAME,CODE) VALUES (118,'Kyrgyzstan','KG');
INSERT INTO TBLSCOUNTRY (COUNTRYID,NAME,CODE) VALUES (119,'Lao Peoples Democratic Republic LAOS','LA');
INSERT INTO TBLSCOUNTRY (COUNTRYID,NAME,CODE) VALUES (120,'Lebanon','LB');
INSERT INTO TBLSCOUNTRY (COUNTRYID,NAME,CODE) VALUES (121,'Lesotho','LS');
INSERT INTO TBLSCOUNTRY (COUNTRYID,NAME,CODE) VALUES (122,'Latvia','LV');
INSERT INTO TBLSCOUNTRY (COUNTRYID,NAME,CODE) VALUES (123,'Liberia','LR');
INSERT INTO TBLSCOUNTRY (COUNTRYID,NAME,CODE) VALUES (124,'Libya','LY');
INSERT INTO TBLSCOUNTRY (COUNTRYID,NAME,CODE) VALUES (125,'Liechtenstein','LI');
INSERT INTO TBLSCOUNTRY (COUNTRYID,NAME,CODE) VALUES (126,'Lithuania','LT');
INSERT INTO TBLSCOUNTRY (COUNTRYID,NAME,CODE) VALUES (127,'Luxembourg','LU');
INSERT INTO TBLSCOUNTRY (COUNTRYID,NAME,CODE) VALUES (128,'Macao','MO');
INSERT INTO TBLSCOUNTRY (COUNTRYID,NAME,CODE) VALUES (129,'Madagascar','MG');
INSERT INTO TBLSCOUNTRY (COUNTRYID,NAME,CODE) VALUES (130,'Malawi','MW');
INSERT INTO TBLSCOUNTRY (COUNTRYID,NAME,CODE) VALUES (131,'Malaysia','MY');
INSERT INTO TBLSCOUNTRY (COUNTRYID,NAME,CODE) VALUES (132,'Maldives','MV');
INSERT INTO TBLSCOUNTRY (COUNTRYID,NAME,CODE) VALUES (133,'Mali','ML');
INSERT INTO TBLSCOUNTRY (COUNTRYID,NAME,CODE) VALUES (134,'Malta','MT');
INSERT INTO TBLSCOUNTRY (COUNTRYID,NAME,CODE) VALUES (135,'Martinique','MQ');
INSERT INTO TBLSCOUNTRY (COUNTRYID,NAME,CODE) VALUES (136,'Mauritania','MR');
INSERT INTO TBLSCOUNTRY (COUNTRYID,NAME,CODE) VALUES (137,'Mauritius','MU');
INSERT INTO TBLSCOUNTRY (COUNTRYID,NAME,CODE) VALUES (138,'Mexico','MX');
INSERT INTO TBLSCOUNTRY (COUNTRYID,NAME,CODE) VALUES (139,'Monaco','MC');
INSERT INTO TBLSCOUNTRY (COUNTRYID,NAME,CODE) VALUES (140,'Mongolia','MN');
INSERT INTO TBLSCOUNTRY (COUNTRYID,NAME,CODE) VALUES (141,'Moldova, Republic of Moldova','MD');
INSERT INTO TBLSCOUNTRY (COUNTRYID,NAME,CODE) VALUES (142,'Montenegro','ME');
INSERT INTO TBLSCOUNTRY (COUNTRYID,NAME,CODE) VALUES (143,'Montserrat','MS');
INSERT INTO TBLSCOUNTRY (COUNTRYID,NAME,CODE) VALUES (144,'Morocco','MA');
INSERT INTO TBLSCOUNTRY (COUNTRYID,NAME,CODE) VALUES (145,'Mozambique','MZ');
INSERT INTO TBLSCOUNTRY (COUNTRYID,NAME,CODE) VALUES (146,'Oman','OM');
INSERT INTO TBLSCOUNTRY (COUNTRYID,NAME,CODE) VALUES (147,'Namibia','NA');
INSERT INTO TBLSCOUNTRY (COUNTRYID,NAME,CODE) VALUES (148,'Nauru','NR');
INSERT INTO TBLSCOUNTRY (COUNTRYID,NAME,CODE) VALUES (149,'Nepal','NP');
INSERT INTO TBLSCOUNTRY (COUNTRYID,NAME,CODE) VALUES (150,'Netherlands','NL');
INSERT INTO TBLSCOUNTRY (COUNTRYID,NAME,CODE) VALUES (151,'Curacao','CW');
INSERT INTO TBLSCOUNTRY (COUNTRYID,NAME,CODE) VALUES (152,'Aruba','AW');
INSERT INTO TBLSCOUNTRY (COUNTRYID,NAME,CODE) VALUES (153,'Sint Maarten (Dutch part)','SX');
INSERT INTO TBLSCOUNTRY (COUNTRYID,NAME,CODE) VALUES (154,'Bonaire, Sint Eustatius and Saba','BQ');
INSERT INTO TBLSCOUNTRY (COUNTRYID,NAME,CODE) VALUES (155,'New Caledonia','NC');
INSERT INTO TBLSCOUNTRY (COUNTRYID,NAME,CODE) VALUES (156,'Vanuatu','VU');
INSERT INTO TBLSCOUNTRY (COUNTRYID,NAME,CODE) VALUES (157,'New Zealand','NZ');
INSERT INTO TBLSCOUNTRY (COUNTRYID,NAME,CODE) VALUES (158,'Nicaragua','NI');
INSERT INTO TBLSCOUNTRY (COUNTRYID,NAME,CODE) VALUES (159,'Niger','NE');
INSERT INTO TBLSCOUNTRY (COUNTRYID,NAME,CODE) VALUES (160,'Nigeria','NG');
INSERT INTO TBLSCOUNTRY (COUNTRYID,NAME,CODE) VALUES (161,'Niue','NU');
INSERT INTO TBLSCOUNTRY (COUNTRYID,NAME,CODE) VALUES (162,'Norfolk Island','NF');
INSERT INTO TBLSCOUNTRY (COUNTRYID,NAME,CODE) VALUES (163,'Norway','NO');
INSERT INTO TBLSCOUNTRY (COUNTRYID,NAME,CODE) VALUES (164,'Northern Mariana Islands','MP');
INSERT INTO TBLSCOUNTRY (COUNTRYID,NAME,CODE) VALUES (165,'United States Minor Outlying Islands','UM');
INSERT INTO TBLSCOUNTRY (COUNTRYID,NAME,CODE) VALUES (166,'Micronesia, Federated States of Micronesia','FM');
INSERT INTO TBLSCOUNTRY (COUNTRYID,NAME,CODE) VALUES (167,'Marshall Islands','MH');
INSERT INTO TBLSCOUNTRY (COUNTRYID,NAME,CODE) VALUES (168,'Palau','PW');
INSERT INTO TBLSCOUNTRY (COUNTRYID,NAME,CODE) VALUES (169,'Pakistan','PK');
INSERT INTO TBLSCOUNTRY (COUNTRYID,NAME,CODE) VALUES (170,'Panama','PA');
INSERT INTO TBLSCOUNTRY (COUNTRYID,NAME,CODE) VALUES (171,'Papua New Guinea','PG');
INSERT INTO TBLSCOUNTRY (COUNTRYID,NAME,CODE) VALUES (172,'Paraguay','PY');
INSERT INTO TBLSCOUNTRY (COUNTRYID,NAME,CODE) VALUES (173,'Peru','PE');
INSERT INTO TBLSCOUNTRY (COUNTRYID,NAME,CODE) VALUES (174,'Philippines','PH');
INSERT INTO TBLSCOUNTRY (COUNTRYID,NAME,CODE) VALUES (175,'Pitcairn','PN');
INSERT INTO TBLSCOUNTRY (COUNTRYID,NAME,CODE) VALUES (176,'Poland','PL');
INSERT INTO TBLSCOUNTRY (COUNTRYID,NAME,CODE) VALUES (177,'Portugal','PT');
INSERT INTO TBLSCOUNTRY (COUNTRYID,NAME,CODE) VALUES (178,'Guinea-Bissau','GW');
INSERT INTO TBLSCOUNTRY (COUNTRYID,NAME,CODE) VALUES (179,'Timor-Leste','TL');
INSERT INTO TBLSCOUNTRY (COUNTRYID,NAME,CODE) VALUES (180,'Puerto Rico','PR');
INSERT INTO TBLSCOUNTRY (COUNTRYID,NAME,CODE) VALUES (181,'Qatar','QA');
INSERT INTO TBLSCOUNTRY (COUNTRYID,NAME,CODE) VALUES (182,'Reunion','RE');
INSERT INTO TBLSCOUNTRY (COUNTRYID,NAME,CODE) VALUES (183,'Romania','RO');
INSERT INTO TBLSCOUNTRY (COUNTRYID,NAME,CODE) VALUES (184,'Russian Federation','RU');
INSERT INTO TBLSCOUNTRY (COUNTRYID,NAME,CODE) VALUES (185,'Rwanda','RW');
INSERT INTO TBLSCOUNTRY (COUNTRYID,NAME,CODE) VALUES (186,'Saint Barthelemy','BL');
INSERT INTO TBLSCOUNTRY (COUNTRYID,NAME,CODE) VALUES (187,'Saint Helena, Ascension and Tristan da Cunha','SH');
INSERT INTO TBLSCOUNTRY (COUNTRYID,NAME,CODE) VALUES (188,'Saint Kitts and Nevis','KN');
INSERT INTO TBLSCOUNTRY (COUNTRYID,NAME,CODE) VALUES (189,'Anguilla','AI');
INSERT INTO TBLSCOUNTRY (COUNTRYID,NAME,CODE) VALUES (190,'Saint Lucia','LC');
INSERT INTO TBLSCOUNTRY (COUNTRYID,NAME,CODE) VALUES (191,'Saint Martin (French part)','MF');
INSERT INTO TBLSCOUNTRY (COUNTRYID,NAME,CODE) VALUES (192,'Saint Pierre and Miquelon','PM');
INSERT INTO TBLSCOUNTRY (COUNTRYID,NAME,CODE) VALUES (193,'Saint Vincent and the Grenadines','VC');
INSERT INTO TBLSCOUNTRY (COUNTRYID,NAME,CODE) VALUES (194,'San Marino','SM');
INSERT INTO TBLSCOUNTRY (COUNTRYID,NAME,CODE) VALUES (195,'Sao Tome and Principe','ST');
INSERT INTO TBLSCOUNTRY (COUNTRYID,NAME,CODE) VALUES (196,'Saudi Arabia','SA');
INSERT INTO TBLSCOUNTRY (COUNTRYID,NAME,CODE) VALUES (197,'Senegal','SN');
INSERT INTO TBLSCOUNTRY (COUNTRYID,NAME,CODE) VALUES (198,'Serbia','RS');
INSERT INTO TBLSCOUNTRY (COUNTRYID,NAME,CODE) VALUES (199,'Seychelles','SC');
INSERT INTO TBLSCOUNTRY (COUNTRYID,NAME,CODE) VALUES (201,'Singapore','SG');
INSERT INTO TBLSCOUNTRY (COUNTRYID,NAME,CODE) VALUES (202,'Slovakia','SK');
INSERT INTO TBLSCOUNTRY (COUNTRYID,NAME,CODE) VALUES (203,'Viet Nam','VN');
INSERT INTO TBLSCOUNTRY (COUNTRYID,NAME,CODE) VALUES (204,'Slovenia','SI');
INSERT INTO TBLSCOUNTRY (COUNTRYID,NAME,CODE) VALUES (205,'Somalia','SO');
INSERT INTO TBLSCOUNTRY (COUNTRYID,NAME,CODE) VALUES (206,'South Africa','ZA');
INSERT INTO TBLSCOUNTRY (COUNTRYID,NAME,CODE) VALUES (207,'Zimbabwe','ZW');
INSERT INTO TBLSCOUNTRY (COUNTRYID,NAME,CODE) VALUES (208,'Spain','ES');
INSERT INTO TBLSCOUNTRY (COUNTRYID,NAME,CODE) VALUES (209,'South Sudan','SS');
INSERT INTO TBLSCOUNTRY (COUNTRYID,NAME,CODE) VALUES (210,'Sudan','SD');
INSERT INTO TBLSCOUNTRY (COUNTRYID,NAME,CODE) VALUES (211,'Western Sahara','EH');
INSERT INTO TBLSCOUNTRY (COUNTRYID,NAME,CODE) VALUES (212,'Suriname','SR');
INSERT INTO TBLSCOUNTRY (COUNTRYID,NAME,CODE) VALUES (213,'Svalbard and Jan Mayen','SJ');
INSERT INTO TBLSCOUNTRY (COUNTRYID,NAME,CODE) VALUES (214,'Swaziland','SZ');
INSERT INTO TBLSCOUNTRY (COUNTRYID,NAME,CODE) VALUES (215,'Sweden','SE');
INSERT INTO TBLSCOUNTRY (COUNTRYID,NAME,CODE) VALUES (216,'Switzerland','CH');
INSERT INTO TBLSCOUNTRY (COUNTRYID,NAME,CODE) VALUES (217,'Syrian Arab Republic','SY');
INSERT INTO TBLSCOUNTRY (COUNTRYID,NAME,CODE) VALUES (218,'Tajikistan','TJ');
INSERT INTO TBLSCOUNTRY (COUNTRYID,NAME,CODE) VALUES (219,'Thailand','TH');
INSERT INTO TBLSCOUNTRY (COUNTRYID,NAME,CODE) VALUES (220,'Togo','TG');
INSERT INTO TBLSCOUNTRY (COUNTRYID,NAME,CODE) VALUES (221,'Tokelau','TK');
INSERT INTO TBLSCOUNTRY (COUNTRYID,NAME,CODE) VALUES (222,'Tonga','TO');
INSERT INTO TBLSCOUNTRY (COUNTRYID,NAME,CODE) VALUES (223,'Trinidad and Tobago','TT');
INSERT INTO TBLSCOUNTRY (COUNTRYID,NAME,CODE) VALUES (224,'United Arab Emirates','AE');
INSERT INTO TBLSCOUNTRY (COUNTRYID,NAME,CODE) VALUES (225,'Tunisia','TN');
INSERT INTO TBLSCOUNTRY (COUNTRYID,NAME,CODE) VALUES (226,'Turkey','TR');
INSERT INTO TBLSCOUNTRY (COUNTRYID,NAME,CODE) VALUES (227,'Turkmenistan','TM');
INSERT INTO TBLSCOUNTRY (COUNTRYID,NAME,CODE) VALUES (228,'Turks and Caicos Islands','TC');
INSERT INTO TBLSCOUNTRY (COUNTRYID,NAME,CODE) VALUES (229,'Tuvalu','TV');
INSERT INTO TBLSCOUNTRY (COUNTRYID,NAME,CODE) VALUES (230,'Uganda','UG');
INSERT INTO TBLSCOUNTRY (COUNTRYID,NAME,CODE) VALUES (231,'Ukraine','UA');
INSERT INTO TBLSCOUNTRY (COUNTRYID,NAME,CODE) VALUES (232,'Macedonia, The Former Yugoslav Republic of Macedonia','MK');
INSERT INTO TBLSCOUNTRY (COUNTRYID,NAME,CODE) VALUES (233,'Egypt','EG');
INSERT INTO TBLSCOUNTRY (COUNTRYID,NAME,CODE) VALUES (234,'United Kingdom','GB');
INSERT INTO TBLSCOUNTRY (COUNTRYID,NAME,CODE) VALUES (235,'Guernsey','GG');
INSERT INTO TBLSCOUNTRY (COUNTRYID,NAME,CODE) VALUES (236,'Jersey','JE');
INSERT INTO TBLSCOUNTRY (COUNTRYID,NAME,CODE) VALUES (237,'Isle of Man','IM');
INSERT INTO TBLSCOUNTRY (COUNTRYID,NAME,CODE) VALUES (238,'Tanzania, United Republic of Tanzania','TZ');
INSERT INTO TBLSCOUNTRY (COUNTRYID,NAME,CODE) VALUES (239,'United States','US');
INSERT INTO TBLSCOUNTRY (COUNTRYID,NAME,CODE) VALUES (240,'Virgin Islands, U.S.','VI');
INSERT INTO TBLSCOUNTRY (COUNTRYID,NAME,CODE) VALUES (241,'Burkina Faso','BF');
INSERT INTO TBLSCOUNTRY (COUNTRYID,NAME,CODE) VALUES (242,'Uruguay','UY');
INSERT INTO TBLSCOUNTRY (COUNTRYID,NAME,CODE) VALUES (243,'Uzbekistan','UZ');
INSERT INTO TBLSCOUNTRY (COUNTRYID,NAME,CODE) VALUES (244,'Venezuela, Bolivarian Republic of Venezuela','VE');
INSERT INTO TBLSCOUNTRY (COUNTRYID,NAME,CODE) VALUES (245,'Wallis and Futuna','WF');
INSERT INTO TBLSCOUNTRY (COUNTRYID,NAME,CODE) VALUES (246,'Samoa','WS');
INSERT INTO TBLSCOUNTRY (COUNTRYID,NAME,CODE) VALUES (247,'Yemen','YE');
INSERT INTO TBLSCOUNTRY (COUNTRYID,NAME,CODE) VALUES (248,'Zambia','ZM');
INSERT INTO TBLSCOUNTRY (COUNTRYID,NAME,CODE) VALUES (249,'Abkhazia','AB');
INSERT INTO TBLSCOUNTRY (COUNTRYID,NAME,CODE) VALUES (250,'kosovo','RKS');
INSERT INTO TBLSCOUNTRY (COUNTRYID,NAME,CODE) VALUES (251,'Sierra Leone','SL');
commit;

--country MCC relation
INSERT INTO TBLSCOUNTRYMCCREL (COUNTRYID,MCC) VALUES (1,412);
INSERT INTO TBLSCOUNTRYMCCREL (COUNTRYID,MCC) VALUES (2,276);
INSERT INTO TBLSCOUNTRYMCCREL (COUNTRYID,MCC) VALUES (4,603);
INSERT INTO TBLSCOUNTRYMCCREL (COUNTRYID,MCC) VALUES (5,544);
INSERT INTO TBLSCOUNTRYMCCREL (COUNTRYID,MCC) VALUES (6,213);
INSERT INTO TBLSCOUNTRYMCCREL (COUNTRYID,MCC) VALUES (7,631);
INSERT INTO TBLSCOUNTRYMCCREL (COUNTRYID,MCC) VALUES (189,365);
INSERT INTO TBLSCOUNTRYMCCREL (COUNTRYID,MCC) VALUES (8,344);
INSERT INTO TBLSCOUNTRYMCCREL (COUNTRYID,MCC) VALUES (10,722);
INSERT INTO TBLSCOUNTRYMCCREL (COUNTRYID,MCC) VALUES (16,283);
INSERT INTO TBLSCOUNTRYMCCREL (COUNTRYID,MCC) VALUES (152,363);
INSERT INTO TBLSCOUNTRYMCCREL (COUNTRYID,MCC) VALUES (11,505);
INSERT INTO TBLSCOUNTRYMCCREL (COUNTRYID,MCC) VALUES (12,232);
INSERT INTO TBLSCOUNTRYMCCREL (COUNTRYID,MCC) VALUES (9,400);
INSERT INTO TBLSCOUNTRYMCCREL (COUNTRYID,MCC) VALUES (13,364);
INSERT INTO TBLSCOUNTRYMCCREL (COUNTRYID,MCC) VALUES (14,426);
INSERT INTO TBLSCOUNTRYMCCREL (COUNTRYID,MCC) VALUES (15,470);
INSERT INTO TBLSCOUNTRYMCCREL (COUNTRYID,MCC) VALUES (17,342);
INSERT INTO TBLSCOUNTRYMCCREL (COUNTRYID,MCC) VALUES (13,257);
INSERT INTO TBLSCOUNTRYMCCREL (COUNTRYID,MCC) VALUES (28,206);
INSERT INTO TBLSCOUNTRYMCCREL (COUNTRYID,MCC) VALUES (26,702);
INSERT INTO TBLSCOUNTRYMCCREL (COUNTRYID,MCC) VALUES (58,616);
INSERT INTO TBLSCOUNTRYMCCREL (COUNTRYID,MCC) VALUES (19,310);
INSERT INTO TBLSCOUNTRYMCCREL (COUNTRYID,MCC) VALUES (19,338);
INSERT INTO TBLSCOUNTRYMCCREL (COUNTRYID,MCC) VALUES (19,350);
INSERT INTO TBLSCOUNTRYMCCREL (COUNTRYID,MCC) VALUES (20,402);
INSERT INTO TBLSCOUNTRYMCCREL (COUNTRYID,MCC) VALUES (21,736);
INSERT INTO TBLSCOUNTRYMCCREL (COUNTRYID,MCC) VALUES (22,218);
INSERT INTO TBLSCOUNTRYMCCREL (COUNTRYID,MCC) VALUES (23,652);
INSERT INTO TBLSCOUNTRYMCCREL (COUNTRYID,MCC) VALUES (25,724);
INSERT INTO TBLSCOUNTRYMCCREL (COUNTRYID,MCC) VALUES (28,348);
INSERT INTO TBLSCOUNTRYMCCREL (COUNTRYID,MCC) VALUES (29,528);
INSERT INTO TBLSCOUNTRYMCCREL (COUNTRYID,MCC) VALUES (30,284);
INSERT INTO TBLSCOUNTRYMCCREL (COUNTRYID,MCC) VALUES (241,613);
INSERT INTO TBLSCOUNTRYMCCREL (COUNTRYID,MCC) VALUES (32,642);
INSERT INTO TBLSCOUNTRYMCCREL (COUNTRYID,MCC) VALUES (34,456);
INSERT INTO TBLSCOUNTRYMCCREL (COUNTRYID,MCC) VALUES (35,624);
INSERT INTO TBLSCOUNTRYMCCREL (COUNTRYID,MCC) VALUES (36,302);
INSERT INTO TBLSCOUNTRYMCCREL (COUNTRYID,MCC) VALUES (37,625);
INSERT INTO TBLSCOUNTRYMCCREL (COUNTRYID,MCC) VALUES (38,346);
INSERT INTO TBLSCOUNTRYMCCREL (COUNTRYID,MCC) VALUES (39,623);
INSERT INTO TBLSCOUNTRYMCCREL (COUNTRYID,MCC) VALUES (41,622);
INSERT INTO TBLSCOUNTRYMCCREL (COUNTRYID,MCC) VALUES (42,730);
INSERT INTO TBLSCOUNTRYMCCREL (COUNTRYID,MCC) VALUES (43,460);
INSERT INTO TBLSCOUNTRYMCCREL (COUNTRYID,MCC) VALUES (44,732);
INSERT INTO TBLSCOUNTRYMCCREL (COUNTRYID,MCC) VALUES (45,654);
INSERT INTO TBLSCOUNTRYMCCREL (COUNTRYID,MCC) VALUES (52,548);
INSERT INTO TBLSCOUNTRYMCCREL (COUNTRYID,MCC) VALUES (53,712);
INSERT INTO TBLSCOUNTRYMCCREL (COUNTRYID,MCC) VALUES (54,219);
INSERT INTO TBLSCOUNTRYMCCREL (COUNTRYID,MCC) VALUES (55,368);
INSERT INTO TBLSCOUNTRYMCCREL (COUNTRYID,MCC) VALUES (56,280);
INSERT INTO TBLSCOUNTRYMCCREL (COUNTRYID,MCC) VALUES (57,230);
INSERT INTO TBLSCOUNTRYMCCREL (COUNTRYID,MCC) VALUES (51,630);
INSERT INTO TBLSCOUNTRYMCCREL (COUNTRYID,MCC) VALUES (59,238);
INSERT INTO TBLSCOUNTRYMCCREL (COUNTRYID,MCC) VALUES (78,638);
INSERT INTO TBLSCOUNTRYMCCREL (COUNTRYID,MCC) VALUES (55,366);
INSERT INTO TBLSCOUNTRYMCCREL (COUNTRYID,MCC) VALUES (59,370);
INSERT INTO TBLSCOUNTRYMCCREL (COUNTRYID,MCC) VALUES (174,514);
INSERT INTO TBLSCOUNTRYMCCREL (COUNTRYID,MCC) VALUES (62,740);
INSERT INTO TBLSCOUNTRYMCCREL (COUNTRYID,MCC) VALUES (233,602);
INSERT INTO TBLSCOUNTRYMCCREL (COUNTRYID,MCC) VALUES (63,706);
INSERT INTO TBLSCOUNTRYMCCREL (COUNTRYID,MCC) VALUES (64,627);
INSERT INTO TBLSCOUNTRYMCCREL (COUNTRYID,MCC) VALUES (65,657);
INSERT INTO TBLSCOUNTRYMCCREL (COUNTRYID,MCC) VALUES (66,248);
INSERT INTO TBLSCOUNTRYMCCREL (COUNTRYID,MCC) VALUES (67,636);
INSERT INTO TBLSCOUNTRYMCCREL (COUNTRYID,MCC) VALUES (68,288);
INSERT INTO TBLSCOUNTRYMCCREL (COUNTRYID,MCC) VALUES (71,542);
INSERT INTO TBLSCOUNTRYMCCREL (COUNTRYID,MCC) VALUES (72,244);
INSERT INTO TBLSCOUNTRYMCCREL (COUNTRYID,MCC) VALUES (74,208);
INSERT INTO TBLSCOUNTRYMCCREL (COUNTRYID,MCC) VALUES (76,547);
INSERT INTO TBLSCOUNTRYMCCREL (COUNTRYID,MCC) VALUES (79,628);
INSERT INTO TBLSCOUNTRYMCCREL (COUNTRYID,MCC) VALUES (81,607);
INSERT INTO TBLSCOUNTRYMCCREL (COUNTRYID,MCC) VALUES (80,282);
INSERT INTO TBLSCOUNTRYMCCREL (COUNTRYID,MCC) VALUES (83,262);
INSERT INTO TBLSCOUNTRYMCCREL (COUNTRYID,MCC) VALUES (84,620);
INSERT INTO TBLSCOUNTRYMCCREL (COUNTRYID,MCC) VALUES (85,266);
INSERT INTO TBLSCOUNTRYMCCREL (COUNTRYID,MCC) VALUES (87,202);
INSERT INTO TBLSCOUNTRYMCCREL (COUNTRYID,MCC) VALUES (88,290);
INSERT INTO TBLSCOUNTRYMCCREL (COUNTRYID,MCC) VALUES (89,352);
INSERT INTO TBLSCOUNTRYMCCREL (COUNTRYID,MCC) VALUES (90,340);
INSERT INTO TBLSCOUNTRYMCCREL (COUNTRYID,MCC) VALUES (91,310);
INSERT INTO TBLSCOUNTRYMCCREL (COUNTRYID,MCC) VALUES (92,704);
INSERT INTO TBLSCOUNTRYMCCREL (COUNTRYID,MCC) VALUES (234,234);
INSERT INTO TBLSCOUNTRYMCCREL (COUNTRYID,MCC) VALUES (93,611);
INSERT INTO TBLSCOUNTRYMCCREL (COUNTRYID,MCC) VALUES (178,632);
INSERT INTO TBLSCOUNTRYMCCREL (COUNTRYID,MCC) VALUES (94,738);
INSERT INTO TBLSCOUNTRYMCCREL (COUNTRYID,MCC) VALUES (95,372);
INSERT INTO TBLSCOUNTRYMCCREL (COUNTRYID,MCC) VALUES (98,708);
INSERT INTO TBLSCOUNTRYMCCREL (COUNTRYID,MCC) VALUES (99,454);
INSERT INTO TBLSCOUNTRYMCCREL (COUNTRYID,MCC) VALUES (100,216);
INSERT INTO TBLSCOUNTRYMCCREL (COUNTRYID,MCC) VALUES (101,274);
INSERT INTO TBLSCOUNTRYMCCREL (COUNTRYID,MCC) VALUES (103,404);
INSERT INTO TBLSCOUNTRYMCCREL (COUNTRYID,MCC) VALUES (103,405);
INSERT INTO TBLSCOUNTRYMCCREL (COUNTRYID,MCC) VALUES (102,510);
INSERT INTO TBLSCOUNTRYMCCREL (COUNTRYID,MCC) VALUES (104,432);
INSERT INTO TBLSCOUNTRYMCCREL (COUNTRYID,MCC) VALUES (105,418);
INSERT INTO TBLSCOUNTRYMCCREL (COUNTRYID,MCC) VALUES (106,272);
INSERT INTO TBLSCOUNTRYMCCREL (COUNTRYID,MCC) VALUES (237,234);
INSERT INTO TBLSCOUNTRYMCCREL (COUNTRYID,MCC) VALUES (107,425);
INSERT INTO TBLSCOUNTRYMCCREL (COUNTRYID,MCC) VALUES (108,222);
INSERT INTO TBLSCOUNTRYMCCREL (COUNTRYID,MCC) VALUES (109,612);
INSERT INTO TBLSCOUNTRYMCCREL (COUNTRYID,MCC) VALUES (110,310);
INSERT INTO TBLSCOUNTRYMCCREL (COUNTRYID,MCC) VALUES (111,440);
INSERT INTO TBLSCOUNTRYMCCREL (COUNTRYID,MCC) VALUES (236,234);
INSERT INTO TBLSCOUNTRYMCCREL (COUNTRYID,MCC) VALUES (113,416);
INSERT INTO TBLSCOUNTRYMCCREL (COUNTRYID,MCC) VALUES (112,401);
INSERT INTO TBLSCOUNTRYMCCREL (COUNTRYID,MCC) VALUES (114,639);
INSERT INTO TBLSCOUNTRYMCCREL (COUNTRYID,MCC) VALUES (86,545);
INSERT INTO TBLSCOUNTRYMCCREL (COUNTRYID,MCC) VALUES (250,212);
INSERT INTO TBLSCOUNTRYMCCREL (COUNTRYID,MCC) VALUES (250,293);
INSERT INTO TBLSCOUNTRYMCCREL (COUNTRYID,MCC) VALUES (117,419);
INSERT INTO TBLSCOUNTRYMCCREL (COUNTRYID,MCC) VALUES (118,437);
INSERT INTO TBLSCOUNTRYMCCREL (COUNTRYID,MCC) VALUES (119,457);
INSERT INTO TBLSCOUNTRYMCCREL (COUNTRYID,MCC) VALUES (122,247);
INSERT INTO TBLSCOUNTRYMCCREL (COUNTRYID,MCC) VALUES (120,415);
INSERT INTO TBLSCOUNTRYMCCREL (COUNTRYID,MCC) VALUES (121,651);
INSERT INTO TBLSCOUNTRYMCCREL (COUNTRYID,MCC) VALUES (123,618);
INSERT INTO TBLSCOUNTRYMCCREL (COUNTRYID,MCC) VALUES (124,606);
INSERT INTO TBLSCOUNTRYMCCREL (COUNTRYID,MCC) VALUES (125,295);
INSERT INTO TBLSCOUNTRYMCCREL (COUNTRYID,MCC) VALUES (126,246);
INSERT INTO TBLSCOUNTRYMCCREL (COUNTRYID,MCC) VALUES (127,270);
INSERT INTO TBLSCOUNTRYMCCREL (COUNTRYID,MCC) VALUES (128,455);
INSERT INTO TBLSCOUNTRYMCCREL (COUNTRYID,MCC) VALUES (232,294);
INSERT INTO TBLSCOUNTRYMCCREL (COUNTRYID,MCC) VALUES (129,646);
INSERT INTO TBLSCOUNTRYMCCREL (COUNTRYID,MCC) VALUES (130,650);
INSERT INTO TBLSCOUNTRYMCCREL (COUNTRYID,MCC) VALUES (131,502);
INSERT INTO TBLSCOUNTRYMCCREL (COUNTRYID,MCC) VALUES (132,472);
INSERT INTO TBLSCOUNTRYMCCREL (COUNTRYID,MCC) VALUES (133,610);
INSERT INTO TBLSCOUNTRYMCCREL (COUNTRYID,MCC) VALUES (134,278);
INSERT INTO TBLSCOUNTRYMCCREL (COUNTRYID,MCC) VALUES (135,340);
INSERT INTO TBLSCOUNTRYMCCREL (COUNTRYID,MCC) VALUES (136,609);
INSERT INTO TBLSCOUNTRYMCCREL (COUNTRYID,MCC) VALUES (137,617);
INSERT INTO TBLSCOUNTRYMCCREL (COUNTRYID,MCC) VALUES (138,334);
INSERT INTO TBLSCOUNTRYMCCREL (COUNTRYID,MCC) VALUES (138,550);
INSERT INTO TBLSCOUNTRYMCCREL (COUNTRYID,MCC) VALUES (141,259);
INSERT INTO TBLSCOUNTRYMCCREL (COUNTRYID,MCC) VALUES (139,212);
INSERT INTO TBLSCOUNTRYMCCREL (COUNTRYID,MCC) VALUES (140,428);
INSERT INTO TBLSCOUNTRYMCCREL (COUNTRYID,MCC) VALUES (142,297);
INSERT INTO TBLSCOUNTRYMCCREL (COUNTRYID,MCC) VALUES (143,354);
INSERT INTO TBLSCOUNTRYMCCREL (COUNTRYID,MCC) VALUES (144,604);
INSERT INTO TBLSCOUNTRYMCCREL (COUNTRYID,MCC) VALUES (145,643);
INSERT INTO TBLSCOUNTRYMCCREL (COUNTRYID,MCC) VALUES (31,414);
INSERT INTO TBLSCOUNTRYMCCREL (COUNTRYID,MCC) VALUES (147,649);
INSERT INTO TBLSCOUNTRYMCCREL (COUNTRYID,MCC) VALUES (148,536);
INSERT INTO TBLSCOUNTRYMCCREL (COUNTRYID,MCC) VALUES (149,429);
INSERT INTO TBLSCOUNTRYMCCREL (COUNTRYID,MCC) VALUES (150,204);
INSERT INTO TBLSCOUNTRYMCCREL (COUNTRYID,MCC) VALUES (155,546);
INSERT INTO TBLSCOUNTRYMCCREL (COUNTRYID,MCC) VALUES (157,530);
INSERT INTO TBLSCOUNTRYMCCREL (COUNTRYID,MCC) VALUES (159,710);
INSERT INTO TBLSCOUNTRYMCCREL (COUNTRYID,MCC) VALUES (158,614);
INSERT INTO TBLSCOUNTRYMCCREL (COUNTRYID,MCC) VALUES (160,621);
INSERT INTO TBLSCOUNTRYMCCREL (COUNTRYID,MCC) VALUES (161,555);
INSERT INTO TBLSCOUNTRYMCCREL (COUNTRYID,MCC) VALUES (162,505);
INSERT INTO TBLSCOUNTRYMCCREL (COUNTRYID,MCC) VALUES (115,467);
INSERT INTO TBLSCOUNTRYMCCREL (COUNTRYID,MCC) VALUES (163,242);
INSERT INTO TBLSCOUNTRYMCCREL (COUNTRYID,MCC) VALUES (146,422);
INSERT INTO TBLSCOUNTRYMCCREL (COUNTRYID,MCC) VALUES (169,410);
INSERT INTO TBLSCOUNTRYMCCREL (COUNTRYID,MCC) VALUES (168,552);
INSERT INTO TBLSCOUNTRYMCCREL (COUNTRYID,MCC) VALUES (82,425);
INSERT INTO TBLSCOUNTRYMCCREL (COUNTRYID,MCC) VALUES (170,714);
INSERT INTO TBLSCOUNTRYMCCREL (COUNTRYID,MCC) VALUES (171,537);
INSERT INTO TBLSCOUNTRYMCCREL (COUNTRYID,MCC) VALUES (172,744);
INSERT INTO TBLSCOUNTRYMCCREL (COUNTRYID,MCC) VALUES (173,716);
INSERT INTO TBLSCOUNTRYMCCREL (COUNTRYID,MCC) VALUES (174,515);
INSERT INTO TBLSCOUNTRYMCCREL (COUNTRYID,MCC) VALUES (176,260);
INSERT INTO TBLSCOUNTRYMCCREL (COUNTRYID,MCC) VALUES (177,268);
INSERT INTO TBLSCOUNTRYMCCREL (COUNTRYID,MCC) VALUES (180,330);
INSERT INTO TBLSCOUNTRYMCCREL (COUNTRYID,MCC) VALUES (181,427);
INSERT INTO TBLSCOUNTRYMCCREL (COUNTRYID,MCC) VALUES (82,629);
INSERT INTO TBLSCOUNTRYMCCREL (COUNTRYID,MCC) VALUES (182,647);
INSERT INTO TBLSCOUNTRYMCCREL (COUNTRYID,MCC) VALUES (183,226);
INSERT INTO TBLSCOUNTRYMCCREL (COUNTRYID,MCC) VALUES (184,250);
INSERT INTO TBLSCOUNTRYMCCREL (COUNTRYID,MCC) VALUES (185,635);
INSERT INTO TBLSCOUNTRYMCCREL (COUNTRYID,MCC) VALUES (188,356);
INSERT INTO TBLSCOUNTRYMCCREL (COUNTRYID,MCC) VALUES (190,358);
INSERT INTO TBLSCOUNTRYMCCREL (COUNTRYID,MCC) VALUES (192,308);
INSERT INTO TBLSCOUNTRYMCCREL (COUNTRYID,MCC) VALUES (193,360);
INSERT INTO TBLSCOUNTRYMCCREL (COUNTRYID,MCC) VALUES (246,549);
INSERT INTO TBLSCOUNTRYMCCREL (COUNTRYID,MCC) VALUES (194,292);
INSERT INTO TBLSCOUNTRYMCCREL (COUNTRYID,MCC) VALUES (195,626);
INSERT INTO TBLSCOUNTRYMCCREL (COUNTRYID,MCC) VALUES (196,420);
INSERT INTO TBLSCOUNTRYMCCREL (COUNTRYID,MCC) VALUES (197,608);
INSERT INTO TBLSCOUNTRYMCCREL (COUNTRYID,MCC) VALUES (198,220);
INSERT INTO TBLSCOUNTRYMCCREL (COUNTRYID,MCC) VALUES (199,633);
INSERT INTO TBLSCOUNTRYMCCREL (COUNTRYID,MCC) VALUES (241,619);
INSERT INTO TBLSCOUNTRYMCCREL (COUNTRYID,MCC) VALUES (201,525);
INSERT INTO TBLSCOUNTRYMCCREL (COUNTRYID,MCC) VALUES (202,231);
INSERT INTO TBLSCOUNTRYMCCREL (COUNTRYID,MCC) VALUES (204,293);
INSERT INTO TBLSCOUNTRYMCCREL (COUNTRYID,MCC) VALUES (27,540);
INSERT INTO TBLSCOUNTRYMCCREL (COUNTRYID,MCC) VALUES (205,637);
INSERT INTO TBLSCOUNTRYMCCREL (COUNTRYID,MCC) VALUES (206,655);
INSERT INTO TBLSCOUNTRYMCCREL (COUNTRYID,MCC) VALUES (116,450);
INSERT INTO TBLSCOUNTRYMCCREL (COUNTRYID,MCC) VALUES (209,659);
INSERT INTO TBLSCOUNTRYMCCREL (COUNTRYID,MCC) VALUES (208,214);
INSERT INTO TBLSCOUNTRYMCCREL (COUNTRYID,MCC) VALUES (40,413);
INSERT INTO TBLSCOUNTRYMCCREL (COUNTRYID,MCC) VALUES (210,634);
INSERT INTO TBLSCOUNTRYMCCREL (COUNTRYID,MCC) VALUES (212,746);
INSERT INTO TBLSCOUNTRYMCCREL (COUNTRYID,MCC) VALUES (214,653);
INSERT INTO TBLSCOUNTRYMCCREL (COUNTRYID,MCC) VALUES (215,240);
INSERT INTO TBLSCOUNTRYMCCREL (COUNTRYID,MCC) VALUES (216,228);
INSERT INTO TBLSCOUNTRYMCCREL (COUNTRYID,MCC) VALUES (217,417);
INSERT INTO TBLSCOUNTRYMCCREL (COUNTRYID,MCC) VALUES (44,466);
INSERT INTO TBLSCOUNTRYMCCREL (COUNTRYID,MCC) VALUES (218,436);
INSERT INTO TBLSCOUNTRYMCCREL (COUNTRYID,MCC) VALUES (238,640);
INSERT INTO TBLSCOUNTRYMCCREL (COUNTRYID,MCC) VALUES (219,520);
INSERT INTO TBLSCOUNTRYMCCREL (COUNTRYID,MCC) VALUES (220,615);
INSERT INTO TBLSCOUNTRYMCCREL (COUNTRYID,MCC) VALUES (222,539);
INSERT INTO TBLSCOUNTRYMCCREL (COUNTRYID,MCC) VALUES (223,374);
INSERT INTO TBLSCOUNTRYMCCREL (COUNTRYID,MCC) VALUES (225,605);
INSERT INTO TBLSCOUNTRYMCCREL (COUNTRYID,MCC) VALUES (226,286);
INSERT INTO TBLSCOUNTRYMCCREL (COUNTRYID,MCC) VALUES (227,438);
INSERT INTO TBLSCOUNTRYMCCREL (COUNTRYID,MCC) VALUES (228,376);
INSERT INTO TBLSCOUNTRYMCCREL (COUNTRYID,MCC) VALUES (228,338);
INSERT INTO TBLSCOUNTRYMCCREL (COUNTRYID,MCC) VALUES (229,553);
INSERT INTO TBLSCOUNTRYMCCREL (COUNTRYID,MCC) VALUES (230,641);
INSERT INTO TBLSCOUNTRYMCCREL (COUNTRYID,MCC) VALUES (231,255);
INSERT INTO TBLSCOUNTRYMCCREL (COUNTRYID,MCC) VALUES (224,424);
INSERT INTO TBLSCOUNTRYMCCREL (COUNTRYID,MCC) VALUES (234,235);
INSERT INTO TBLSCOUNTRYMCCREL (COUNTRYID,MCC) VALUES (239,310);
INSERT INTO TBLSCOUNTRYMCCREL (COUNTRYID,MCC) VALUES (239,313);
INSERT INTO TBLSCOUNTRYMCCREL (COUNTRYID,MCC) VALUES (239,316);
INSERT INTO TBLSCOUNTRYMCCREL (COUNTRYID,MCC) VALUES (242,748);
INSERT INTO TBLSCOUNTRYMCCREL (COUNTRYID,MCC) VALUES (243,434);
INSERT INTO TBLSCOUNTRYMCCREL (COUNTRYID,MCC) VALUES (156,541);
INSERT INTO TBLSCOUNTRYMCCREL (COUNTRYID,MCC) VALUES (97,225);
INSERT INTO TBLSCOUNTRYMCCREL (COUNTRYID,MCC) VALUES (244,734);
INSERT INTO TBLSCOUNTRYMCCREL (COUNTRYID,MCC) VALUES (203,752);
INSERT INTO TBLSCOUNTRYMCCREL (COUNTRYID,MCC) VALUES (247,421);
INSERT INTO TBLSCOUNTRYMCCREL (COUNTRYID,MCC) VALUES (248,645);
INSERT INTO TBLSCOUNTRYMCCREL (COUNTRYID,MCC) VALUES (207,648);
commit;


----Brand Data

INSERT INTO TBLSBRAND(BRANDID,NAME) VALUES (101,'vodafone');
INSERT INTO TBLSBRAND(BRANDID,NAME) VALUES (102,'BHARTI AIRTEL LTD.');

INSERT INTO tblsbrand(brandid,name) VALUES (103,'mobitel');
INSERT INTO tblsbrand(brandid,name) VALUES (104,'dialog');
INSERT INTO tblsbrand(brandid,name) VALUES (105,'etisalat');
INSERT INTO tblsbrand(brandid,name) VALUES (106,'hutch');
INSERT INTO tblsbrand(brandid,name) VALUES (107,'du');
commit;

--Operator Data

INSERT INTO TBLSOPERATOR(OPERATORID,NAME) VALUES(101,'vodafone-in');
INSERT INTO TBLSOPERATOR(OPERATORID,NAME) VALUES(102,'AIRTEL INDIA');
INSERT INTO TBLSOPERATOR(OPERATORID,NAME) VALUES(103,'Bharti Airtel Lanka');
INSERT INTO TBLSOPERATOR(OPERATORID,NAME) VALUES(104,'Sri Lanka Telecom Mobitel');
INSERT INTO TBLSOPERATOR(OPERATORID,NAME) VALUES(105,'Dialog Axiata');
INSERT INTO TBLSOPERATOR(OPERATORID,NAME) VALUES(106,' Etisalat Lanka');
INSERT INTO TBLSOPERATOR(OPERATORID,NAME) VALUES(107,'Hutchison Telecommunications Lanka');
INSERT INTO TBLSOPERATOR(OPERATORID,NAME) VALUES(108,'E mirates Telecom Corp');
INSERT INTO TBLSOPERATOR(OPERATORID,NAME) VALUES(109,'Emirates Integrated Telecommunications Company');
commit;
--Brand Operator Relation Data

INSERT INTO TBLSBRANDOPERATORREL(BRANDID,OPERATORID) VALUES (101,101);
INSERT INTO TBLSBRANDOPERATORREL(BRANDID,OPERATORID) VALUES (102,102);
INSERT INTO TBLSBRANDOPERATORREL(BRANDID,OPERATORID) VALUES (102,103);
INSERT INTO TBLSBRANDOPERATORREL(BRANDID,OPERATORID) VALUES (103,104);
INSERT INTO TBLSBRANDOPERATORREL(BRANDID,OPERATORID) VALUES (104,105);
INSERT INTO TBLSBRANDOPERATORREL(BRANDID,OPERATORID) VALUES (105,106);
INSERT INTO TBLSBRANDOPERATORREL(BRANDID,OPERATORID) VALUES (106,107);
INSERT INTO TBLSBRANDOPERATORREL(BRANDID,OPERATORID) VALUES (105,108);
INSERT INTO TBLSBRANDOPERATORREL(BRANDID,OPERATORID) VALUES (107,109);
commit;

--network data
INSERT INTO TBLMNETWORK (NETWORKID,BRANDID,OPERATORID,NETWORKNAME,TECHNOLOGY,COUNTRYID,MCC,MNC) VALUES (101,101,101,'Vodafone-haryana','GSM',103,404,1);
INSERT INTO TBLMNETWORK (NETWORKID,BRANDID,OPERATORID,NETWORKNAME,TECHNOLOGY,COUNTRYID,MCC,MNC) VALUES (102,101,101,'vodafone- Gujarat ','GSM',103,404,5);
INSERT INTO TBLMNETWORK (NETWORKID,BRANDID,OPERATORID,NETWORKNAME,TECHNOLOGY,COUNTRYID,MCC,MNC) VALUES (103,101,101,'vodafone- Delhi  '||chr(38)||' NCR ','GSM',103,404,11);
INSERT INTO TBLMNETWORK (NETWORKID,BRANDID,OPERATORID,NETWORKNAME,TECHNOLOGY,COUNTRYID,MCC,MNC) VALUES (104,101,101,'vodafone- Andhra Pradesh ','GSM',103,404,13);
INSERT INTO TBLMNETWORK (NETWORKID,BRANDID,OPERATORID,NETWORKNAME,TECHNOLOGY,COUNTRYID,MCC,MNC) VALUES (105,101,101,'vodafone- Uttar Pradesh (East) ','GSM',103,404,15);
INSERT INTO TBLMNETWORK (NETWORKID,BRANDID,OPERATORID,NETWORKNAME,TECHNOLOGY,COUNTRYID,MCC,MNC) VALUES (106,101,101,'vodafone- Mumbai ','GSM',103,404,20);
INSERT INTO TBLMNETWORK (NETWORKID,BRANDID,OPERATORID,NETWORKNAME,TECHNOLOGY,COUNTRYID,MCC,MNC) VALUES (107,101,101,'vodafone- Maharashtra  '||chr(38)||'  Goa ','GSM',103,404,27);
INSERT INTO TBLMNETWORK (NETWORKID,BRANDID,OPERATORID,NETWORKNAME,TECHNOLOGY,COUNTRYID,MCC,MNC) VALUES (108,101,101,'vodafone- Kolkata ','GSM',103,404,30);
INSERT INTO TBLMNETWORK (NETWORKID,BRANDID,OPERATORID,NETWORKNAME,TECHNOLOGY,COUNTRYID,MCC,MNC) VALUES (109,101,101,'vodafone- Kerala ','GSM',103,404,46);
INSERT INTO TBLMNETWORK (NETWORKID,BRANDID,OPERATORID,NETWORKNAME,TECHNOLOGY,COUNTRYID,MCC,MNC) VALUES (110,101,101,'vodafone- Rajasthan ','GSM',103,404,60);
INSERT INTO TBLMNETWORK (NETWORKID,BRANDID,OPERATORID,NETWORKNAME,TECHNOLOGY,COUNTRYID,MCC,MNC) VALUES (111,101,101,'vodafone- Chennai ','GSM',103,404,84);
INSERT INTO TBLMNETWORK (NETWORKID,BRANDID,OPERATORID,NETWORKNAME,TECHNOLOGY,COUNTRYID,MCC,MNC) VALUES (112,101,101,'vodafone- Karnataka ','GSM',103,404,86);
INSERT INTO TBLMNETWORK (NETWORKID,BRANDID,OPERATORID,NETWORKNAME,TECHNOLOGY,COUNTRYID,MCC,MNC) VALUES (113,101,101,'vodafone- Vodafone Punjab ','GSM',103,404,88);
INSERT INTO TBLMNETWORK (NETWORKID,BRANDID,OPERATORID,NETWORKNAME,TECHNOLOGY,COUNTRYID,MCC,MNC) VALUES (114,101,101,'vodafone- Uttar Pradesh (West) ','GSM',103,405,66);
INSERT INTO TBLMNETWORK (NETWORKID,BRANDID,OPERATORID,NETWORKNAME,TECHNOLOGY,COUNTRYID,MCC,MNC) VALUES (115,101,101,'vodafone- Jammu '||chr(38)||'  Kashmir ','GSM',103,405,750);
INSERT INTO TBLMNETWORK (NETWORKID,BRANDID,OPERATORID,NETWORKNAME,TECHNOLOGY,COUNTRYID,MCC,MNC) VALUES (116,101,101,'vodafone- Assam ','GSM',103,405,751);
INSERT INTO TBLMNETWORK (NETWORKID,BRANDID,OPERATORID,NETWORKNAME,TECHNOLOGY,COUNTRYID,MCC,MNC) VALUES (117,101,101,'vodafone- Bihar '||chr(38)||' Jharkhand ','GSM',103,405,752);
INSERT INTO TBLMNETWORK (NETWORKID,BRANDID,OPERATORID,NETWORKNAME,TECHNOLOGY,COUNTRYID,MCC,MNC) VALUES (118,101,101,'vodafone- Orissa ','GSM',103,405,753);
INSERT INTO TBLMNETWORK (NETWORKID,BRANDID,OPERATORID,NETWORKNAME,TECHNOLOGY,COUNTRYID,MCC,MNC) VALUES (119,101,101,'vodafone- Himachal Pradesh ','GSM',103,405,754);
INSERT INTO TBLMNETWORK (NETWORKID,BRANDID,OPERATORID,NETWORKNAME,TECHNOLOGY,COUNTRYID,MCC,MNC) VALUES (120,101,101,'vodafone- North East ','GSM',103,405,755);
INSERT INTO TBLMNETWORK (NETWORKID,BRANDID,OPERATORID,NETWORKNAME,TECHNOLOGY,COUNTRYID,MCC,MNC) VALUES (121,101,101,'vodafone- Madhya Pradesh '||chr(38)||' Chhattisgarh ','GSM',103,405,756);
INSERT INTO TBLMNETWORK (NETWORKID,BRANDID,OPERATORID,NETWORKNAME,TECHNOLOGY,COUNTRYID,MCC,MNC) VALUES (122,102,102,'Bharti Airtel Ltd - PB','GSM',103,404,2);
INSERT INTO TBLMNETWORK (NETWORKID,BRANDID,OPERATORID,NETWORKNAME,TECHNOLOGY,COUNTRYID,MCC,MNC) VALUES (123,102,102,'Bharti Airtel Ltd - HP','GSM',103,404,3);
INSERT INTO TBLMNETWORK (NETWORKID,BRANDID,OPERATORID,NETWORKNAME,TECHNOLOGY,COUNTRYID,MCC,MNC) VALUES (124,102,102,'Bharti Airtel Ltd - DEL','GSM',103,404,10);
INSERT INTO TBLMNETWORK (NETWORKID,BRANDID,OPERATORID,NETWORKNAME,TECHNOLOGY,COUNTRYID,MCC,MNC) VALUES (125,102,102,'Bharti Airtel Ltd - NESA','GSM',103,404,16);
INSERT INTO TBLMNETWORK (NETWORKID,BRANDID,OPERATORID,NETWORKNAME,TECHNOLOGY,COUNTRYID,MCC,MNC) VALUES (126,102,102,'Bharti Airtel Ltd -KOL','GSM',103,404,31);
INSERT INTO TBLMNETWORK (NETWORKID,BRANDID,OPERATORID,NETWORKNAME,TECHNOLOGY,COUNTRYID,MCC,MNC) VALUES (127,102,102,'Bharti Airtel Ltd - CHN','GSM',103,404,40);
INSERT INTO TBLMNETWORK (NETWORKID,BRANDID,OPERATORID,NETWORKNAME,TECHNOLOGY,COUNTRYID,MCC,MNC) VALUES (128,102,102,'Bharti Airtel Ltd - KK','GSM',103,404,45);
INSERT INTO TBLMNETWORK (NETWORKID,BRANDID,OPERATORID,NETWORKNAME,TECHNOLOGY,COUNTRYID,MCC,MNC) VALUES (129,102,102,'Bharti Airtel Ltd - AP','GSM',103,404,49);
INSERT INTO TBLMNETWORK (NETWORKID,BRANDID,OPERATORID,NETWORKNAME,TECHNOLOGY,COUNTRYID,MCC,MNC) VALUES (130,102,102,'Bharti Airtel Ltd - WBG','GSM',103,405,51);
INSERT INTO TBLMNETWORK (NETWORKID,BRANDID,OPERATORID,NETWORKNAME,TECHNOLOGY,COUNTRYID,MCC,MNC) VALUES (131,102,102,'Bharti Airtel Ltd - BHR','GSM',103,405,52);
INSERT INTO TBLMNETWORK (NETWORKID,BRANDID,OPERATORID,NETWORKNAME,TECHNOLOGY,COUNTRYID,MCC,MNC) VALUES (132,102,102,'Bharti Airtel Ltd - ORS','GSM',103,405,53);
INSERT INTO TBLMNETWORK (NETWORKID,BRANDID,OPERATORID,NETWORKNAME,TECHNOLOGY,COUNTRYID,MCC,MNC) VALUES (133,102,102,'Bharti Airtel Ltd -UPE','GSM',103,405,54);
INSERT INTO TBLMNETWORK (NETWORKID,BRANDID,OPERATORID,NETWORKNAME,TECHNOLOGY,COUNTRYID,MCC,MNC) VALUES (134,102,102,'Bharti Airtel Ltd - JK','GSM',103,405,55);
INSERT INTO TBLMNETWORK (NETWORKID,BRANDID,OPERATORID,NETWORKNAME,TECHNOLOGY,COUNTRYID,MCC,MNC) VALUES (135,102,102,'Bharti Airtel Ltd - ASM','GSM',103,405,56);
INSERT INTO TBLMNETWORK (NETWORKID,BRANDID,OPERATORID,NETWORKNAME,TECHNOLOGY,COUNTRYID,MCC,MNC) VALUES (136,102,102,'Bharti Airtel Ltd - RAJ','GSM',103,404,70);
INSERT INTO TBLMNETWORK (NETWORKID,BRANDID,OPERATORID,NETWORKNAME,TECHNOLOGY,COUNTRYID,MCC,MNC) VALUES (137,102,102,'Bharti Airtel Ltd - MAH','GSM',103,404,90);
INSERT INTO TBLMNETWORK (NETWORKID,BRANDID,OPERATORID,NETWORKNAME,TECHNOLOGY,COUNTRYID,MCC,MNC) VALUES (138,102,102,'Bharti Airtel Ltd - MB','GSM',103,404,92);
INSERT INTO TBLMNETWORK (NETWORKID,BRANDID,OPERATORID,NETWORKNAME,TECHNOLOGY,COUNTRYID,MCC,MNC) VALUES (139,102,102,'Bharti Airtel Ltd - MP','GSM',103,404,93);
INSERT INTO TBLMNETWORK (NETWORKID,BRANDID,OPERATORID,NETWORKNAME,TECHNOLOGY,COUNTRYID,MCC,MNC) VALUES (140,102,102,'Bharti Airtel Ltd - TN','GSM',103,404,94);
INSERT INTO TBLMNETWORK (NETWORKID,BRANDID,OPERATORID,NETWORKNAME,TECHNOLOGY,COUNTRYID,MCC,MNC) VALUES (141,102,102,'Bharti Airtel Ltd - KER','GSM',103,404,95);
INSERT INTO TBLMNETWORK (NETWORKID,BRANDID,OPERATORID,NETWORKNAME,TECHNOLOGY,COUNTRYID,MCC,MNC) VALUES (142,102,102,'Bharti Airtel Ltd - HR','GSM',103,404,96);
INSERT INTO TBLMNETWORK (NETWORKID,BRANDID,OPERATORID,NETWORKNAME,TECHNOLOGY,COUNTRYID,MCC,MNC) VALUES (143,102,102,'Bharti Airtel Ltd - UPW','GSM',103,404,97);
INSERT INTO TBLMNETWORK (NETWORKID,BRANDID,OPERATORID,NETWORKNAME,TECHNOLOGY,COUNTRYID,MCC,MNC) VALUES (144,102,102,'Bharti Airtel Ltd -GUJ','GSM',103,404,98);
INSERT INTO TBLMNETWORK (NETWORKID,BRANDID,OPERATORID,NETWORKNAME,TECHNOLOGY,COUNTRYID,MCC,MNC) VALUES (145,102,103,'Bharti Airtel Lanka','GSM',40,413,5);
INSERT INTO TBLMNETWORK (NETWORKID,BRANDID,OPERATORID,NETWORKNAME,TECHNOLOGY,COUNTRYID,MCC,MNC) VALUES (146,103,104,'Sri Lanka Telecom Mobitel','GSM',40,413,1);
INSERT INTO TBLMNETWORK (NETWORKID,BRANDID,OPERATORID,NETWORKNAME,TECHNOLOGY,COUNTRYID,MCC,MNC) VALUES (147,104,105,'Dialog Axiata Sri Lanka','GSM',40,413,2);
INSERT INTO TBLMNETWORK (NETWORKID,BRANDID,OPERATORID,NETWORKNAME,TECHNOLOGY,COUNTRYID,MCC,MNC) VALUES (148,105,106,'Etisalat Lanka','GSM',40,413,3);
INSERT INTO TBLMNETWORK (NETWORKID,BRANDID,OPERATORID,NETWORKNAME,TECHNOLOGY,COUNTRYID,MCC,MNC) VALUES (149,106,107,'Hutchison Telecommunications Lanka','GSM',40,413,8);
INSERT INTO TBLMNETWORK (NETWORKID,BRANDID,OPERATORID,NETWORKNAME,TECHNOLOGY,COUNTRYID,MCC,MNC) VALUES (150,105,108,'E mirates Telecom Corp','GSM',224,424,2);
INSERT INTO TBLMNETWORK (NETWORKID,BRANDID,OPERATORID,NETWORKNAME,TECHNOLOGY,COUNTRYID,MCC,MNC) VALUES (151,107,109,'Emirates Integrated Telecommunications Company','GSM',224,424,3);

commit;


